baseline,orbit_from,orbit_to,handover_time_s,lead_time_s,loss,seed,run_id,t90_us,goodput_bytes,peak_queue,converged,ss_mean_bps,ss_stddev_bps
0,0,1,120,0,0,1071609720,2,0,47751990,157752,0,7180816,16709
0,0,1,120,0,0,1701076604,6,0,47751990,157752,0,7180816,16709
0,0,1,120,0,0,1831317012,7,0,47751990,157752,0,7180816,16709
0,0,1,120,0,0,1907695289,1,0,47751990,157752,0,7180816,16709
0,0,1,120,0,0,1918510595,5,0,47751990,157752,0,7180816,16709
0,0,1,120,0,0,1954535726,4,0,47751990,157752,0,7180816,16709
0,0,1,120,0,0,365348640,3,0,47751990,157752,0,7180816,16709
0,0,1,120,0,0,478163327,0,0,47751990,157752,0,7180816,16709
0,0,1,120,0,0,493581915,9,0,47751990,157752,0,7180816,16709
0,0,1,120,0,0,742079273,8,0,47751990,157752,0,7180816,16709
0,0,1,120,10,0,1071609720,2,0,47751990,157752,0,7180816,16709
0,0,1,120,10,0,1701076604,6,0,47751990,157752,0,7180816,16709
0,0,1,120,10,0,1831317012,7,0,47751990,157752,0,7180816,16709
0,0,1,120,10,0,1907695289,1,0,47751990,157752,0,7180816,16709
0,0,1,120,10,0,1918510595,5,0,47751990,157752,0,7180816,16709
0,0,1,120,10,0,1954535726,4,0,47751990,157752,0,7180816,16709
0,0,1,120,10,0,365348640,3,0,47751990,157752,0,7180816,16709
0,0,1,120,10,0,478163327,0,0,47751990,157752,0,7180816,16709
0,0,1,120,10,0,493581915,9,0,47751990,157752,0,7180816,16709
0,0,1,120,10,0,742079273,8,0,47751990,157752,0,7180816,16709
0,0,1,120,20,0,1071609720,2,0,47751990,157752,0,7180816,16709
0,0,1,120,20,0,1701076604,6,0,47751990,157752,0,7180816,16709
0,0,1,120,20,0,1831317012,7,0,47751990,157752,0,7180816,16709
0,0,1,120,20,0,1907695289,1,0,47751990,157752,0,7180816,16709
0,0,1,120,20,0,1918510595,5,0,47751990,157752,0,7180816,16709
0,0,1,120,20,0,1954535726,4,0,47751990,157752,0,7180816,16709
0,0,1,120,20,0,365348640,3,0,47751990,157752,0,7180816,16709
0,0,1,120,20,0,478163327,0,0,47751990,157752,0,7180816,16709
0,0,1,120,20,0,493581915,9,0,47751990,157752,0,7180816,16709
0,0,1,120,20,0,742079273,8,0,47751990,157752,0,7180816,16709
0,0,1,120,2,0,1071609720,2,0,47751990,157752,0,7180816,16709
0,0,1,120,2,0,1701076604,6,0,47751990,157752,0,7180816,16709
0,0,1,120,2,0,1831317012,7,0,47751990,157752,0,7180816,16709
0,0,1,120,2,0,1907695289,1,0,47751990,157752,0,7180816,16709
0,0,1,120,2,0,1918510595,5,0,47751990,157752,0,7180816,16709
0,0,1,120,2,0,1954535726,4,0,47751990,157752,0,7180816,16709
0,0,1,120,2,0,365348640,3,0,47751990,157752,0,7180816,16709
0,0,1,120,2,0,478163327,0,0,47751990,157752,0,7180816,16709
0,0,1,120,2,0,493581915,9,0,47751990,157752,0,7180816,16709
0,0,1,120,2,0,742079273,8,0,47751990,157752,0,7180816,16709
0,0,1,120,30,0,1071609720,2,0,47751990,157752,0,7180816,16709
0,0,1,120,30,0,1701076604,6,0,47751990,157752,0,7180816,16709
0,0,1,120,30,0,1831317012,7,0,47751990,157752,0,7180816,16709
0,0,1,120,30,0,1907695289,1,0,47751990,157752,0,7180816,16709
0,0,1,120,30,0,1918510595,5,0,47751990,157752,0,7180816,16709
0,0,1,120,30,0,1954535726,4,0,47751990,157752,0,7180816,16709
0,0,1,120,30,0,365348640,3,0,47751990,157752,0,7180816,16709
0,0,1,120,30,0,478163327,0,0,47751990,157752,0,7180816,16709
0,0,1,120,30,0,493581915,9,0,47751990,157752,0,7180816,16709
0,0,1,120,30,0,742079273,8,0,47751990,157752,0,7180816,16709
0,0,1,120,5,0,1071609720,2,0,47751990,157752,0,7180816,16709
0,0,1,120,5,0,1701076604,6,0,47751990,157752,0,7180816,16709
0,0,1,120,5,0,1831317012,7,0,47751990,157752,0,7180816,16709
0,0,1,120,5,0,1907695289,1,0,47751990,157752,0,7180816,16709
0,0,1,120,5,0,1918510595,5,0,47751990,157752,0,7180816,16709
0,0,1,120,5,0,1954535726,4,0,47751990,157752,0,7180816,16709
0,0,1,120,5,0,365348640,3,0,47751990,157752,0,7180816,16709
0,0,1,120,5,0,478163327,0,0,47751990,157752,0,7180816,16709
0,0,1,120,5,0,493581915,9,0,47751990,157752,0,7180816,16709
0,0,1,120,5,0,742079273,8,0,47751990,157752,0,7180816,16709
0,0,1,30,0,0,1071609720,2,0,47599265,156500,0,7122012,21611
0,0,1,30,0,0,1701076604,6,0,47599265,156500,0,7122012,21611
0,0,1,30,0,0,1831317012,7,0,47599265,156500,0,7122012,21611
0,0,1,30,0,0,1907695289,1,0,47599265,156500,0,7122012,21611
0,0,1,30,0,0,1918510595,5,0,47599265,156500,0,7122012,21611
0,0,1,30,0,0,1954535726,4,0,47599265,156500,0,7122012,21611
0,0,1,30,0,0,365348640,3,0,47599265,156500,0,7122012,21611
0,0,1,30,0,0,478163327,0,0,47599265,156500,0,7122012,21611
0,0,1,30,0,0,493581915,9,0,47599265,156500,0,7122012,21611
0,0,1,30,0,0,742079273,8,0,47599265,156500,0,7122012,21611
0,0,1,30,10,0,1071609720,2,0,47599265,156500,0,7122012,21611
0,0,1,30,10,0,1701076604,6,0,47599265,156500,0,7122012,21611
0,0,1,30,10,0,1831317012,7,0,47599265,156500,0,7122012,21611
0,0,1,30,10,0,1907695289,1,0,47599265,156500,0,7122012,21611
0,0,1,30,10,0,1918510595,5,0,47599265,156500,0,7122012,21611
0,0,1,30,10,0,1954535726,4,0,47599265,156500,0,7122012,21611
0,0,1,30,10,0,365348640,3,0,47599265,156500,0,7122012,21611
0,0,1,30,10,0,478163327,0,0,47599265,156500,0,7122012,21611
0,0,1,30,10,0,493581915,9,0,47599265,156500,0,7122012,21611
0,0,1,30,10,0,742079273,8,0,47599265,156500,0,7122012,21611
0,0,1,30,20,0,1071609720,2,0,47599265,156500,0,7122012,21611
0,0,1,30,20,0,1701076604,6,0,47599265,156500,0,7122012,21611
0,0,1,30,20,0,1831317012,7,0,47599265,156500,0,7122012,21611
0,0,1,30,20,0,1907695289,1,0,47599265,156500,0,7122012,21611
0,0,1,30,20,0,1918510595,5,0,47599265,156500,0,7122012,21611
0,0,1,30,20,0,1954535726,4,0,47599265,156500,0,7122012,21611
0,0,1,30,20,0,365348640,3,0,47599265,156500,0,7122012,21611
0,0,1,30,20,0,478163327,0,0,47599265,156500,0,7122012,21611
0,0,1,30,20,0,493581915,9,0,47599265,156500,0,7122012,21611
0,0,1,30,20,0,742079273,8,0,47599265,156500,0,7122012,21611
0,0,1,30,2,0,1071609720,2,0,47599265,156500,0,7122012,21611
0,0,1,30,2,0,1701076604,6,0,47599265,156500,0,7122012,21611
0,0,1,30,2,0,1831317012,7,0,47599265,156500,0,7122012,21611
0,0,1,30,2,0,1907695289,1,0,47599265,156500,0,7122012,21611
0,0,1,30,2,0,1918510595,5,0,47599265,156500,0,7122012,21611
0,0,1,30,2,0,1954535726,4,0,47599265,156500,0,7122012,21611
0,0,1,30,2,0,365348640,3,0,47599265,156500,0,7122012,21611
0,0,1,30,2,0,478163327,0,0,47599265,156500,0,7122012,21611
0,0,1,30,2,0,493581915,9,0,47599265,156500,0,7122012,21611
0,0,1,30,2,0,742079273,8,0,47599265,156500,0,7122012,21611
0,0,1,30,30,0,1071609720,2,0,47599265,156500,0,7122012,21611
0,0,1,30,30,0,1701076604,6,0,47599265,156500,0,7122012,21611
0,0,1,30,30,0,1831317012,7,0,47599265,156500,0,7122012,21611
0,0,1,30,30,0,1907695289,1,0,47599265,156500,0,7122012,21611
0,0,1,30,30,0,1918510595,5,0,47599265,156500,0,7122012,21611
0,0,1,30,30,0,1954535726,4,0,47599265,156500,0,7122012,21611
0,0,1,30,30,0,365348640,3,0,47599265,156500,0,7122012,21611
0,0,1,30,30,0,478163327,0,0,47599265,156500,0,7122012,21611
0,0,1,30,30,0,493581915,9,0,47599265,156500,0,7122012,21611
0,0,1,30,30,0,742079273,8,0,47599265,156500,0,7122012,21611
0,0,1,30,5,0,1071609720,2,0,47599265,156500,0,7122012,21611
0,0,1,30,5,0,1701076604,6,0,47599265,156500,0,7122012,21611
0,0,1,30,5,0,1831317012,7,0,47599265,156500,0,7122012,21611
0,0,1,30,5,0,1907695289,1,0,47599265,156500,0,7122012,21611
0,0,1,30,5,0,1918510595,5,0,47599265,156500,0,7122012,21611
0,0,1,30,5,0,1954535726,4,0,47599265,156500,0,7122012,21611
0,0,1,30,5,0,365348640,3,0,47599265,156500,0,7122012,21611
0,0,1,30,5,0,478163327,0,0,47599265,156500,0,7122012,21611
0,0,1,30,5,0,493581915,9,0,47599265,156500,0,7122012,21611
0,0,1,30,5,0,742079273,8,0,47599265,156500,0,7122012,21611
0,0,1,60,0,0,1071609720,2,0,47545660,157752,0,7179934,16921
0,0,1,60,0,0,1701076604,6,0,47545660,157752,0,7179934,16921
0,0,1,60,0,0,1831317012,7,0,47545660,157752,0,7179934,16921
0,0,1,60,0,0,1907695289,1,0,47545660,157752,0,7179934,16921
0,0,1,60,0,0,1918510595,5,0,47545660,157752,0,7179934,16921
0,0,1,60,0,0,1954535726,4,0,47545660,157752,0,7179934,16921
0,0,1,60,0,0,365348640,3,0,47545660,157752,0,7179934,16921
0,0,1,60,0,0,478163327,0,0,47545660,157752,0,7179934,16921
0,0,1,60,0,0,493581915,9,0,47545660,157752,0,7179934,16921
0,0,1,60,0,0,742079273,8,0,47545660,157752,0,7179934,16921
0,0,1,60,10,0,1071609720,2,0,47545660,157752,0,7179934,16921
0,0,1,60,10,0,1701076604,6,0,47545660,157752,0,7179934,16921
0,0,1,60,10,0,1831317012,7,0,47545660,157752,0,7179934,16921
0,0,1,60,10,0,1907695289,1,0,47545660,157752,0,7179934,16921
0,0,1,60,10,0,1918510595,5,0,47545660,157752,0,7179934,16921
0,0,1,60,10,0,1954535726,4,0,47545660,157752,0,7179934,16921
0,0,1,60,10,0,365348640,3,0,47545660,157752,0,7179934,16921
0,0,1,60,10,0,478163327,0,0,47545660,157752,0,7179934,16921
0,0,1,60,10,0,493581915,9,0,47545660,157752,0,7179934,16921
0,0,1,60,10,0,742079273,8,0,47545660,157752,0,7179934,16921
0,0,1,60,20,0,1071609720,2,0,47545660,157752,0,7179934,16921
0,0,1,60,20,0,1701076604,6,0,47545660,157752,0,7179934,16921
0,0,1,60,20,0,1831317012,7,0,47545660,157752,0,7179934,16921
0,0,1,60,20,0,1907695289,1,0,47545660,157752,0,7179934,16921
0,0,1,60,20,0,1918510595,5,0,47545660,157752,0,7179934,16921
0,0,1,60,20,0,1954535726,4,0,47545660,157752,0,7179934,16921
0,0,1,60,20,0,365348640,3,0,47545660,157752,0,7179934,16921
0,0,1,60,20,0,478163327,0,0,47545660,157752,0,7179934,16921
0,0,1,60,20,0,493581915,9,0,47545660,157752,0,7179934,16921
0,0,1,60,20,0,742079273,8,0,47545660,157752,0,7179934,16921
0,0,1,60,2,0,1071609720,2,0,47545660,157752,0,7179934,16921
0,0,1,60,2,0,1701076604,6,0,47545660,157752,0,7179934,16921
0,0,1,60,2,0,1831317012,7,0,47545660,157752,0,7179934,16921
0,0,1,60,2,0,1907695289,1,0,47545660,157752,0,7179934,16921
0,0,1,60,2,0,1918510595,5,0,47545660,157752,0,7179934,16921
0,0,1,60,2,0,1954535726,4,0,47545660,157752,0,7179934,16921
0,0,1,60,2,0,365348640,3,0,47545660,157752,0,7179934,16921
0,0,1,60,2,0,478163327,0,0,47545660,157752,0,7179934,16921
0,0,1,60,2,0,493581915,9,0,47545660,157752,0,7179934,16921
0,0,1,60,2,0,742079273,8,0,47545660,157752,0,7179934,16921
0,0,1,60,30,0,1071609720,2,0,47545660,157752,0,7179934,16921
0,0,1,60,30,0,1701076604,6,0,47545660,157752,0,7179934,16921
0,0,1,60,30,0,1831317012,7,0,47545660,157752,0,7179934,16921
0,0,1,60,30,0,1907695289,1,0,47545660,157752,0,7179934,16921
0,0,1,60,30,0,1918510595,5,0,47545660,157752,0,7179934,16921
0,0,1,60,30,0,1954535726,4,0,47545660,157752,0,7179934,16921
0,0,1,60,30,0,365348640,3,0,47545660,157752,0,7179934,16921
0,0,1,60,30,0,478163327,0,0,47545660,157752,0,7179934,16921
0,0,1,60,30,0,493581915,9,0,47545660,157752,0,7179934,16921
0,0,1,60,30,0,742079273,8,0,47545660,157752,0,7179934,16921
0,0,1,60,5,0,1071609720,2,0,47545660,157752,0,7179934,16921
0,0,1,60,5,0,1701076604,6,0,47545660,157752,0,7179934,16921
0,0,1,60,5,0,1831317012,7,0,47545660,157752,0,7179934,16921
0,0,1,60,5,0,1907695289,1,0,47545660,157752,0,7179934,16921
0,0,1,60,5,0,1918510595,5,0,47545660,157752,0,7179934,16921
0,0,1,60,5,0,1954535726,4,0,47545660,157752,0,7179934,16921
0,0,1,60,5,0,365348640,3,0,47545660,157752,0,7179934,16921
0,0,1,60,5,0,478163327,0,0,47545660,157752,0,7179934,16921
0,0,1,60,5,0,493581915,9,0,47545660,157752,0,7179934,16921
0,0,1,60,5,0,742079273,8,0,47545660,157752,0,7179934,16921
0,0,2,120,0,0,1071609720,2,0,13758384,159059,0,2067054,11784
0,0,2,120,0,0,1701076604,6,0,13758384,159059,0,2067054,11784
0,0,2,120,0,0,1831317012,7,0,13758384,159059,0,2067054,11784
0,0,2,120,0,0,1907695289,1,0,13758384,159059,0,2067054,11784
0,0,2,120,0,0,1918510595,5,0,13758384,159059,0,2067054,11784
0,0,2,120,0,0,1954535726,4,0,13758384,159059,0,2067054,11784
0,0,2,120,0,0,365348640,3,0,13758384,159059,0,2067054,11784
0,0,2,120,0,0,478163327,0,0,13758384,159059,0,2067054,11784
0,0,2,120,0,0,493581915,9,0,13758384,159059,0,2067054,11784
0,0,2,120,0,0,742079273,8,0,13758384,159059,0,2067054,11784
0,0,2,120,10,0,1071609720,2,0,13758384,159059,0,2067054,11784
0,0,2,120,10,0,1701076604,6,0,13758384,159059,0,2067054,11784
0,0,2,120,10,0,1831317012,7,0,13758384,159059,0,2067054,11784
0,0,2,120,10,0,1907695289,1,0,13758384,159059,0,2067054,11784
0,0,2,120,10,0,1918510595,5,0,13758384,159059,0,2067054,11784
0,0,2,120,10,0,1954535726,4,0,13758384,159059,0,2067054,11784
0,0,2,120,10,0,365348640,3,0,13758384,159059,0,2067054,11784
0,0,2,120,10,0,478163327,0,0,13758384,159059,0,2067054,11784
0,0,2,120,10,0,493581915,9,0,13758384,159059,0,2067054,11784
0,0,2,120,10,0,742079273,8,0,13758384,159059,0,2067054,11784
0,0,2,120,20,0,1071609720,2,0,13758384,159059,0,2067054,11784
0,0,2,120,20,0,1701076604,6,0,13758384,159059,0,2067054,11784
0,0,2,120,20,0,1831317012,7,0,13758384,159059,0,2067054,11784
0,0,2,120,20,0,1907695289,1,0,13758384,159059,0,2067054,11784
0,0,2,120,20,0,1918510595,5,0,13758384,159059,0,2067054,11784
0,0,2,120,20,0,1954535726,4,0,13758384,159059,0,2067054,11784
0,0,2,120,20,0,365348640,3,0,13758384,159059,0,2067054,11784
0,0,2,120,20,0,478163327,0,0,13758384,159059,0,2067054,11784
0,0,2,120,20,0,493581915,9,0,13758384,159059,0,2067054,11784
0,0,2,120,20,0,742079273,8,0,13758384,159059,0,2067054,11784
0,0,2,120,2,0,1071609720,2,0,13758384,159059,0,2067054,11784
0,0,2,120,2,0,1701076604,6,0,13758384,159059,0,2067054,11784
0,0,2,120,2,0,1831317012,7,0,13758384,159059,0,2067054,11784
0,0,2,120,2,0,1907695289,1,0,13758384,159059,0,2067054,11784
0,0,2,120,2,0,1918510595,5,0,13758384,159059,0,2067054,11784
0,0,2,120,2,0,1954535726,4,0,13758384,159059,0,2067054,11784
0,0,2,120,2,0,365348640,3,0,13758384,159059,0,2067054,11784
0,0,2,120,2,0,478163327,0,0,13758384,159059,0,2067054,11784
0,0,2,120,2,0,493581915,9,0,13758384,159059,0,2067054,11784
0,0,2,120,2,0,742079273,8,0,13758384,159059,0,2067054,11784
0,0,2,120,30,0,1071609720,2,0,13758384,159059,0,2067054,11784
0,0,2,120,30,0,1701076604,6,0,13758384,159059,0,2067054,11784
0,0,2,120,30,0,1831317012,7,0,13758384,159059,0,2067054,11784
0,0,2,120,30,0,1907695289,1,0,13758384,159059,0,2067054,11784
0,0,2,120,30,0,1918510595,5,0,13758384,159059,0,2067054,11784
0,0,2,120,30,0,1954535726,4,0,13758384,159059,0,2067054,11784
0,0,2,120,30,0,365348640,3,0,13758384,159059,0,2067054,11784
0,0,2,120,30,0,478163327,0,0,13758384,159059,0,2067054,11784
0,0,2,120,30,0,493581915,9,0,13758384,159059,0,2067054,11784
0,0,2,120,30,0,742079273,8,0,13758384,159059,0,2067054,11784
0,0,2,120,5,0,1071609720,2,0,13758384,159059,0,2067054,11784
0,0,2,120,5,0,1701076604,6,0,13758384,159059,0,2067054,11784
0,0,2,120,5,0,1831317012,7,0,13758384,159059,0,2067054,11784
0,0,2,120,5,0,1907695289,1,0,13758384,159059,0,2067054,11784
0,0,2,120,5,0,1918510595,5,0,13758384,159059,0,2067054,11784
0,0,2,120,5,0,1954535726,4,0,13758384,159059,0,2067054,11784
0,0,2,120,5,0,365348640,3,0,13758384,159059,0,2067054,11784
0,0,2,120,5,0,478163327,0,0,13758384,159059,0,2067054,11784
0,0,2,120,5,0,493581915,9,0,13758384,159059,0,2067054,11784
0,0,2,120,5,0,742079273,8,0,13758384,159059,0,2067054,11784
0,0,2,30,0,0,1071609720,2,0,13695089,161508,0,2080060,25626
0,0,2,30,0,0,1701076604,6,0,13695089,161508,0,2080060,25626
0,0,2,30,0,0,1831317012,7,0,13695089,161508,0,2080060,25626
0,0,2,30,0,0,1907695289,1,0,13695089,161508,0,2080060,25626
0,0,2,30,0,0,1918510595,5,0,13695089,161508,0,2080060,25626
0,0,2,30,0,0,1954535726,4,0,13695089,161508,0,2080060,25626
0,0,2,30,0,0,365348640,3,0,13695089,161508,0,2080060,25626
0,0,2,30,0,0,478163327,0,0,13695089,161508,0,2080060,25626
0,0,2,30,0,0,493581915,9,0,13695089,161508,0,2080060,25626
0,0,2,30,0,0,742079273,8,0,13695089,161508,0,2080060,25626
0,0,2,30,10,0,1071609720,2,0,13695089,161508,0,2080060,25626
0,0,2,30,10,0,1701076604,6,0,13695089,161508,0,2080060,25626
0,0,2,30,10,0,1831317012,7,0,13695089,161508,0,2080060,25626
0,0,2,30,10,0,1907695289,1,0,13695089,161508,0,2080060,25626
0,0,2,30,10,0,1918510595,5,0,13695089,161508,0,2080060,25626
0,0,2,30,10,0,1954535726,4,0,13695089,161508,0,2080060,25626
0,0,2,30,10,0,365348640,3,0,13695089,161508,0,2080060,25626
0,0,2,30,10,0,478163327,0,0,13695089,161508,0,2080060,25626
0,0,2,30,10,0,493581915,9,0,13695089,161508,0,2080060,25626
0,0,2,30,10,0,742079273,8,0,13695089,161508,0,2080060,25626
0,0,2,30,20,0,1071609720,2,0,13695089,161508,0,2080060,25626
0,0,2,30,20,0,1701076604,6,0,13695089,161508,0,2080060,25626
0,0,2,30,20,0,1831317012,7,0,13695089,161508,0,2080060,25626
0,0,2,30,20,0,1907695289,1,0,13695089,161508,0,2080060,25626
0,0,2,30,20,0,1918510595,5,0,13695089,161508,0,2080060,25626
0,0,2,30,20,0,1954535726,4,0,13695089,161508,0,2080060,25626
0,0,2,30,20,0,365348640,3,0,13695089,161508,0,2080060,25626
0,0,2,30,20,0,478163327,0,0,13695089,161508,0,2080060,25626
0,0,2,30,20,0,493581915,9,0,13695089,161508,0,2080060,25626
0,0,2,30,20,0,742079273,8,0,13695089,161508,0,2080060,25626
0,0,2,30,2,0,1071609720,2,0,13695089,161508,0,2080060,25626
0,0,2,30,2,0,1701076604,6,0,13695089,161508,0,2080060,25626
0,0,2,30,2,0,1831317012,7,0,13695089,161508,0,2080060,25626
0,0,2,30,2,0,1907695289,1,0,13695089,161508,0,2080060,25626
0,0,2,30,2,0,1918510595,5,0,13695089,161508,0,2080060,25626
0,0,2,30,2,0,1954535726,4,0,13695089,161508,0,2080060,25626
0,0,2,30,2,0,365348640,3,0,13695089,161508,0,2080060,25626
0,0,2,30,2,0,478163327,0,0,13695089,161508,0,2080060,25626
0,0,2,30,2,0,493581915,9,0,13695089,161508,0,2080060,25626
0,0,2,30,2,0,742079273,8,0,13695089,161508,0,2080060,25626
0,0,2,30,30,0,1071609720,2,0,13695089,161508,0,2080060,25626
0,0,2,30,30,0,1701076604,6,0,13695089,161508,0,2080060,25626
0,0,2,30,30,0,1831317012,7,0,13695089,161508,0,2080060,25626
0,0,2,30,30,0,1907695289,1,0,13695089,161508,0,2080060,25626
0,0,2,30,30,0,1918510595,5,0,13695089,161508,0,2080060,25626
0,0,2,30,30,0,1954535726,4,0,13695089,161508,0,2080060,25626
0,0,2,30,30,0,365348640,3,0,13695089,161508,0,2080060,25626
0,0,2,30,30,0,478163327,0,0,13695089,161508,0,2080060,25626
0,0,2,30,30,0,493581915,9,0,13695089,161508,0,2080060,25626
0,0,2,30,30,0,742079273,8,0,13695089,161508,0,2080060,25626
0,0,2,30,5,0,1071609720,2,0,13695089,161508,0,2080060,25626
0,0,2,30,5,0,1701076604,6,0,13695089,161508,0,2080060,25626
0,0,2,30,5,0,1831317012,7,0,13695089,161508,0,2080060,25626
0,0,2,30,5,0,1907695289,1,0,13695089,161508,0,2080060,25626
0,0,2,30,5,0,1918510595,5,0,13695089,161508,0,2080060,25626
0,0,2,30,5,0,1954535726,4,0,13695089,161508,0,2080060,25626
0,0,2,30,5,0,365348640,3,0,13695089,161508,0,2080060,25626
0,0,2,30,5,0,478163327,0,0,13695089,161508,0,2080060,25626
0,0,2,30,5,0,493581915,9,0,13695089,161508,0,2080060,25626
0,0,2,30,5,0,742079273,8,0,13695089,161508,0,2080060,25626
0,0,2,60,0,0,1071609720,2,0,13721873,161508,0,2077621,28668
0,0,2,60,0,0,1701076604,6,0,13721873,161508,0,2077621,28668
0,0,2,60,0,0,1831317012,7,0,13721873,161508,0,2077621,28668
0,0,2,60,0,0,1907695289,1,0,13721873,161508,0,2077621,28668
0,0,2,60,0,0,1918510595,5,0,13721873,161508,0,2077621,28668
0,0,2,60,0,0,1954535726,4,0,13721873,161508,0,2077621,28668
0,0,2,60,0,0,365348640,3,0,13721873,161508,0,2077621,28668
0,0,2,60,0,0,478163327,0,0,13721873,161508,0,2077621,28668
0,0,2,60,0,0,493581915,9,0,13721873,161508,0,2077621,28668
0,0,2,60,0,0,742079273,8,0,13721873,161508,0,2077621,28668
0,0,2,60,10,0,1071609720,2,0,13721873,161508,0,2077621,28668
0,0,2,60,10,0,1701076604,6,0,13721873,161508,0,2077621,28668
0,0,2,60,10,0,1831317012,7,0,13721873,161508,0,2077621,28668
0,0,2,60,10,0,1907695289,1,0,13721873,161508,0,2077621,28668
0,0,2,60,10,0,1918510595,5,0,13721873,161508,0,2077621,28668
0,0,2,60,10,0,1954535726,4,0,13721873,161508,0,2077621,28668
0,0,2,60,10,0,365348640,3,0,13721873,161508,0,2077621,28668
0,0,2,60,10,0,478163327,0,0,13721873,161508,0,2077621,28668
0,0,2,60,10,0,493581915,9,0,13721873,161508,0,2077621,28668
0,0,2,60,10,0,742079273,8,0,13721873,161508,0,2077621,28668
0,0,2,60,20,0,1071609720,2,0,13721873,161508,0,2077621,28668
0,0,2,60,20,0,1701076604,6,0,13721873,161508,0,2077621,28668
0,0,2,60,20,0,1831317012,7,0,13721873,161508,0,2077621,28668
0,0,2,60,20,0,1907695289,1,0,13721873,161508,0,2077621,28668
0,0,2,60,20,0,1918510595,5,0,13721873,161508,0,2077621,28668
0,0,2,60,20,0,1954535726,4,0,13721873,161508,0,2077621,28668
0,0,2,60,20,0,365348640,3,0,13721873,161508,0,2077621,28668
0,0,2,60,20,0,478163327,0,0,13721873,161508,0,2077621,28668
0,0,2,60,20,0,493581915,9,0,13721873,161508,0,2077621,28668
0,0,2,60,20,0,742079273,8,0,13721873,161508,0,2077621,28668
0,0,2,60,2,0,1071609720,2,0,13721873,161508,0,2077621,28668
0,0,2,60,2,0,1701076604,6,0,13721873,161508,0,2077621,28668
0,0,2,60,2,0,1831317012,7,0,13721873,161508,0,2077621,28668
0,0,2,60,2,0,1907695289,1,0,13721873,161508,0,2077621,28668
0,0,2,60,2,0,1918510595,5,0,13721873,161508,0,2077621,28668
0,0,2,60,2,0,1954535726,4,0,13721873,161508,0,2077621,28668
0,0,2,60,2,0,365348640,3,0,13721873,161508,0,2077621,28668
0,0,2,60,2,0,478163327,0,0,13721873,161508,0,2077621,28668
0,0,2,60,2,0,493581915,9,0,13721873,161508,0,2077621,28668
0,0,2,60,2,0,742079273,8,0,13721873,161508,0,2077621,28668
0,0,2,60,30,0,1071609720,2,0,13721873,161508,0,2077621,28668
0,0,2,60,30,0,1701076604,6,0,13721873,161508,0,2077621,28668
0,0,2,60,30,0,1831317012,7,0,13721873,161508,0,2077621,28668
0,0,2,60,30,0,1907695289,1,0,13721873,161508,0,2077621,28668
0,0,2,60,30,0,1918510595,5,0,13721873,161508,0,2077621,28668
0,0,2,60,30,0,1954535726,4,0,13721873,161508,0,2077621,28668
0,0,2,60,30,0,365348640,3,0,13721873,161508,0,2077621,28668
0,0,2,60,30,0,478163327,0,0,13721873,161508,0,2077621,28668
0,0,2,60,30,0,493581915,9,0,13721873,161508,0,2077621,28668
0,0,2,60,30,0,742079273,8,0,13721873,161508,0,2077621,28668
0,0,2,60,5,0,1071609720,2,0,13721873,161508,0,2077621,28668
0,0,2,60,5,0,1701076604,6,0,13721873,161508,0,2077621,28668
0,0,2,60,5,0,1831317012,7,0,13721873,161508,0,2077621,28668
0,0,2,60,5,0,1907695289,1,0,13721873,161508,0,2077621,28668
0,0,2,60,5,0,1918510595,5,0,13721873,161508,0,2077621,28668
0,0,2,60,5,0,1954535726,4,0,13721873,161508,0,2077621,28668
0,0,2,60,5,0,365348640,3,0,13721873,161508,0,2077621,28668
0,0,2,60,5,0,478163327,0,0,13721873,161508,0,2077621,28668
0,0,2,60,5,0,493581915,9,0,13721873,161508,0,2077621,28668
0,0,2,60,5,0,742079273,8,0,13721873,161508,0,2077621,28668
0,1,0,120,0,0,1071609720,2,500119,68729535,431940,1,9987208,19489
0,1,0,120,0,0,1701076604,6,500119,68729535,431940,1,9987208,19489
0,1,0,120,0,0,1831317012,7,500119,68729535,431940,1,9987208,19489
0,1,0,120,0,0,1907695289,1,500119,68729535,431940,1,9987208,19489
0,1,0,120,0,0,1918510595,5,500119,68729535,431940,1,9987208,19489
0,1,0,120,0,0,1954535726,4,500119,68729535,431940,1,9987208,19489
0,1,0,120,0,0,365348640,3,500119,68729535,431940,1,9987208,19489
0,1,0,120,0,0,478163327,0,500119,68729535,431940,1,9987208,19489
0,1,0,120,0,0,493581915,9,500119,68729535,431940,1,9987208,19489
0,1,0,120,0,0,742079273,8,500119,68729535,431940,1,9987208,19489
0,1,0,120,10,0,1071609720,2,500119,68729535,431940,1,9987208,19489
0,1,0,120,10,0,1701076604,6,500119,68729535,431940,1,9987208,19489
0,1,0,120,10,0,1831317012,7,500119,68729535,431940,1,9987208,19489
0,1,0,120,10,0,1907695289,1,500119,68729535,431940,1,9987208,19489
0,1,0,120,10,0,1918510595,5,500119,68729535,431940,1,9987208,19489
0,1,0,120,10,0,1954535726,4,500119,68729535,431940,1,9987208,19489
0,1,0,120,10,0,365348640,3,500119,68729535,431940,1,9987208,19489
0,1,0,120,10,0,478163327,0,500119,68729535,431940,1,9987208,19489
0,1,0,120,10,0,493581915,9,500119,68729535,431940,1,9987208,19489
0,1,0,120,10,0,742079273,8,500119,68729535,431940,1,9987208,19489
0,1,0,120,20,0,1071609720,2,500119,68729535,431940,1,9987208,19489
0,1,0,120,20,0,1701076604,6,500119,68729535,431940,1,9987208,19489
0,1,0,120,20,0,1831317012,7,500119,68729535,431940,1,9987208,19489
0,1,0,120,20,0,1907695289,1,500119,68729535,431940,1,9987208,19489
0,1,0,120,20,0,1918510595,5,500119,68729535,431940,1,9987208,19489
0,1,0,120,20,0,1954535726,4,500119,68729535,431940,1,9987208,19489
0,1,0,120,20,0,365348640,3,500119,68729535,431940,1,9987208,19489
0,1,0,120,20,0,478163327,0,500119,68729535,431940,1,9987208,19489
0,1,0,120,20,0,493581915,9,500119,68729535,431940,1,9987208,19489
0,1,0,120,20,0,742079273,8,500119,68729535,431940,1,9987208,19489
0,1,0,120,2,0,1071609720,2,500119,68729535,431940,1,9987208,19489
0,1,0,120,2,0,1701076604,6,500119,68729535,431940,1,9987208,19489
0,1,0,120,2,0,1831317012,7,500119,68729535,431940,1,9987208,19489
0,1,0,120,2,0,1907695289,1,500119,68729535,431940,1,9987208,19489
0,1,0,120,2,0,1918510595,5,500119,68729535,431940,1,9987208,19489
0,1,0,120,2,0,1954535726,4,500119,68729535,431940,1,9987208,19489
0,1,0,120,2,0,365348640,3,500119,68729535,431940,1,9987208,19489
0,1,0,120,2,0,478163327,0,500119,68729535,431940,1,9987208,19489
0,1,0,120,2,0,493581915,9,500119,68729535,431940,1,9987208,19489
0,1,0,120,2,0,742079273,8,500119,68729535,431940,1,9987208,19489
0,1,0,120,30,0,1071609720,2,500119,68729535,431940,1,9987208,19489
0,1,0,120,30,0,1701076604,6,500119,68729535,431940,1,9987208,19489
0,1,0,120,30,0,1831317012,7,500119,68729535,431940,1,9987208,19489
0,1,0,120,30,0,1907695289,1,500119,68729535,431940,1,9987208,19489
0,1,0,120,30,0,1918510595,5,500119,68729535,431940,1,9987208,19489
0,1,0,120,30,0,1954535726,4,500119,68729535,431940,1,9987208,19489
0,1,0,120,30,0,365348640,3,500119,68729535,431940,1,9987208,19489
0,1,0,120,30,0,478163327,0,500119,68729535,431940,1,9987208,19489
0,1,0,120,30,0,493581915,9,500119,68729535,431940,1,9987208,19489
0,1,0,120,30,0,742079273,8,500119,68729535,431940,1,9987208,19489
0,1,0,120,5,0,1071609720,2,500119,68729535,431940,1,9987208,19489
0,1,0,120,5,0,1701076604,6,500119,68729535,431940,1,9987208,19489
0,1,0,120,5,0,1831317012,7,500119,68729535,431940,1,9987208,19489
0,1,0,120,5,0,1907695289,1,500119,68729535,431940,1,9987208,19489
0,1,0,120,5,0,1918510595,5,500119,68729535,431940,1,9987208,19489
0,1,0,120,5,0,1954535726,4,500119,68729535,431940,1,9987208,19489
0,1,0,120,5,0,365348640,3,500119,68729535,431940,1,9987208,19489
0,1,0,120,5,0,478163327,0,500119,68729535,431940,1,9987208,19489
0,1,0,120,5,0,493581915,9,500119,68729535,431940,1,9987208,19489
0,1,0,120,5,0,742079273,8,500119,68729535,431940,1,9987208,19489
0,1,0,30,0,0,1071609720,2,500510,68728317,431940,1,9987208,17369
0,1,0,30,0,0,1701076604,6,500510,68728317,431940,1,9987208,17369
0,1,0,30,0,0,1831317012,7,500510,68728317,431940,1,9987208,17369
0,1,0,30,0,0,1907695289,1,500510,68728317,431940,1,9987208,17369
0,1,0,30,0,0,1918510595,5,500510,68728317,431940,1,9987208,17369
0,1,0,30,0,0,1954535726,4,500510,68728317,431940,1,9987208,17369
0,1,0,30,0,0,365348640,3,500510,68728317,431940,1,9987208,17369
0,1,0,30,0,0,478163327,0,500510,68728317,431940,1,9987208,17369
0,1,0,30,0,0,493581915,9,500510,68728317,431940,1,9987208,17369
0,1,0,30,0,0,742079273,8,500510,68728317,431940,1,9987208,17369
0,1,0,30,10,0,1071609720,2,500510,68728317,431940,1,9987208,17369
0,1,0,30,10,0,1701076604,6,500510,68728317,431940,1,9987208,17369
0,1,0,30,10,0,1831317012,7,500510,68728317,431940,1,9987208,17369
0,1,0,30,10,0,1907695289,1,500510,68728317,431940,1,9987208,17369
0,1,0,30,10,0,1918510595,5,500510,68728317,431940,1,9987208,17369
0,1,0,30,10,0,1954535726,4,500510,68728317,431940,1,9987208,17369
0,1,0,30,10,0,365348640,3,500510,68728317,431940,1,9987208,17369
0,1,0,30,10,0,478163327,0,500510,68728317,431940,1,9987208,17369
0,1,0,30,10,0,493581915,9,500510,68728317,431940,1,9987208,17369
0,1,0,30,10,0,742079273,8,500510,68728317,431940,1,9987208,17369
0,1,0,30,20,0,1071609720,2,500510,68728317,431940,1,9987208,17369
0,1,0,30,20,0,1701076604,6,500510,68728317,431940,1,9987208,17369
0,1,0,30,20,0,1831317012,7,500510,68728317,431940,1,9987208,17369
0,1,0,30,20,0,1907695289,1,500510,68728317,431940,1,9987208,17369
0,1,0,30,20,0,1918510595,5,500510,68728317,431940,1,9987208,17369
0,1,0,30,20,0,1954535726,4,500510,68728317,431940,1,9987208,17369
0,1,0,30,20,0,365348640,3,500510,68728317,431940,1,9987208,17369
0,1,0,30,20,0,478163327,0,500510,68728317,431940,1,9987208,17369
0,1,0,30,20,0,493581915,9,500510,68728317,431940,1,9987208,17369
0,1,0,30,20,0,742079273,8,500510,68728317,431940,1,9987208,17369
0,1,0,30,2,0,1071609720,2,500510,68728317,431940,1,9987208,17369
0,1,0,30,2,0,1701076604,6,500510,68728317,431940,1,9987208,17369
0,1,0,30,2,0,1831317012,7,500510,68728317,431940,1,9987208,17369
0,1,0,30,2,0,1907695289,1,500510,68728317,431940,1,9987208,17369
0,1,0,30,2,0,1918510595,5,500510,68728317,431940,1,9987208,17369
0,1,0,30,2,0,1954535726,4,500510,68728317,431940,1,9987208,17369
0,1,0,30,2,0,365348640,3,500510,68728317,431940,1,9987208,17369
0,1,0,30,2,0,478163327,0,500510,68728317,431940,1,9987208,17369
0,1,0,30,2,0,493581915,9,500510,68728317,431940,1,9987208,17369
0,1,0,30,2,0,742079273,8,500510,68728317,431940,1,9987208,17369
0,1,0,30,30,0,1071609720,2,500510,68728317,431940,1,9987208,17369
0,1,0,30,30,0,1701076604,6,500510,68728317,431940,1,9987208,17369
0,1,0,30,30,0,1831317012,7,500510,68728317,431940,1,9987208,17369
0,1,0,30,30,0,1907695289,1,500510,68728317,431940,1,9987208,17369
0,1,0,30,30,0,1918510595,5,500510,68728317,431940,1,9987208,17369
0,1,0,30,30,0,1954535726,4,500510,68728317,431940,1,9987208,17369
0,1,0,30,30,0,365348640,3,500510,68728317,431940,1,9987208,17369
0,1,0,30,30,0,478163327,0,500510,68728317,431940,1,9987208,17369
0,1,0,30,30,0,493581915,9,500510,68728317,431940,1,9987208,17369
0,1,0,30,30,0,742079273,8,500510,68728317,431940,1,9987208,17369
0,1,0,30,5,0,1071609720,2,500510,68728317,431940,1,9987208,17369
0,1,0,30,5,0,1701076604,6,500510,68728317,431940,1,9987208,17369
0,1,0,30,5,0,1831317012,7,500510,68728317,431940,1,9987208,17369
0,1,0,30,5,0,1907695289,1,500510,68728317,431940,1,9987208,17369
0,1,0,30,5,0,1918510595,5,500510,68728317,431940,1,9987208,17369
0,1,0,30,5,0,1954535726,4,500510,68728317,431940,1,9987208,17369
0,1,0,30,5,0,365348640,3,500510,68728317,431940,1,9987208,17369
0,1,0,30,5,0,478163327,0,500510,68728317,431940,1,9987208,17369
0,1,0,30,5,0,493581915,9,500510,68728317,431940,1,9987208,17369
0,1,0,30,5,0,742079273,8,500510,68728317,431940,1,9987208,17369
0,1,0,60,0,0,1071609720,2,500626,68792903,431940,1,9987476,19926
0,1,0,60,0,0,1701076604,6,500626,68792903,431940,1,9987476,19926
0,1,0,60,0,0,1831317012,7,500626,68792903,431940,1,9987476,19926
0,1,0,60,0,0,1907695289,1,500626,68792903,431940,1,9987476,19926
0,1,0,60,0,0,1918510595,5,500626,68792903,431940,1,9987476,19926
0,1,0,60,0,0,1954535726,4,500626,68792903,431940,1,9987476,19926
0,1,0,60,0,0,365348640,3,500626,68792903,431940,1,9987476,19926
0,1,0,60,0,0,478163327,0,500626,68792903,431940,1,9987476,19926
0,1,0,60,0,0,493581915,9,500626,68792903,431940,1,9987476,19926
0,1,0,60,0,0,742079273,8,500626,68792903,431940,1,9987476,19926
0,1,0,60,10,0,1071609720,2,500626,68792903,431940,1,9987476,19926
0,1,0,60,10,0,1701076604,6,500626,68792903,431940,1,9987476,19926
0,1,0,60,10,0,1831317012,7,500626,68792903,431940,1,9987476,19926
0,1,0,60,10,0,1907695289,1,500626,68792903,431940,1,9987476,19926
0,1,0,60,10,0,1918510595,5,500626,68792903,431940,1,9987476,19926
0,1,0,60,10,0,1954535726,4,500626,68792903,431940,1,9987476,19926
0,1,0,60,10,0,365348640,3,500626,68792903,431940,1,9987476,19926
0,1,0,60,10,0,478163327,0,500626,68792903,431940,1,9987476,19926
0,1,0,60,10,0,493581915,9,500626,68792903,431940,1,9987476,19926
0,1,0,60,10,0,742079273,8,500626,68792903,431940,1,9987476,19926
0,1,0,60,20,0,1071609720,2,500626,68792903,431940,1,9987476,19926
0,1,0,60,20,0,1701076604,6,500626,68792903,431940,1,9987476,19926
0,1,0,60,20,0,1831317012,7,500626,68792903,431940,1,9987476,19926
0,1,0,60,20,0,1907695289,1,500626,68792903,431940,1,9987476,19926
0,1,0,60,20,0,1918510595,5,500626,68792903,431940,1,9987476,19926
0,1,0,60,20,0,1954535726,4,500626,68792903,431940,1,9987476,19926
0,1,0,60,20,0,365348640,3,500626,68792903,431940,1,9987476,19926
0,1,0,60,20,0,478163327,0,500626,68792903,431940,1,9987476,19926
0,1,0,60,20,0,493581915,9,500626,68792903,431940,1,9987476,19926
0,1,0,60,20,0,742079273,8,500626,68792903,431940,1,9987476,19926
0,1,0,60,2,0,1071609720,2,500626,68792903,431940,1,9987476,19926
0,1,0,60,2,0,1701076604,6,500626,68792903,431940,1,9987476,19926
0,1,0,60,2,0,1831317012,7,500626,68792903,431940,1,9987476,19926
0,1,0,60,2,0,1907695289,1,500626,68792903,431940,1,9987476,19926
0,1,0,60,2,0,1918510595,5,500626,68792903,431940,1,9987476,19926
0,1,0,60,2,0,1954535726,4,500626,68792903,431940,1,9987476,19926
0,1,0,60,2,0,365348640,3,500626,68792903,431940,1,9987476,19926
0,1,0,60,2,0,478163327,0,500626,68792903,431940,1,9987476,19926
0,1,0,60,2,0,493581915,9,500626,68792903,431940,1,9987476,19926
0,1,0,60,2,0,742079273,8,500626,68792903,431940,1,9987476,19926
0,1,0,60,30,0,1071609720,2,500626,68792903,431940,1,9987476,19926
0,1,0,60,30,0,1701076604,6,500626,68792903,431940,1,9987476,19926
0,1,0,60,30,0,1831317012,7,500626,68792903,431940,1,9987476,19926
0,1,0,60,30,0,1907695289,1,500626,68792903,431940,1,9987476,19926
0,1,0,60,30,0,1918510595,5,500626,68792903,431940,1,9987476,19926
0,1,0,60,30,0,1954535726,4,500626,68792903,431940,1,9987476,19926
0,1,0,60,30,0,365348640,3,500626,68792903,431940,1,9987476,19926
0,1,0,60,30,0,478163327,0,500626,68792903,431940,1,9987476,19926
0,1,0,60,30,0,493581915,9,500626,68792903,431940,1,9987476,19926
0,1,0,60,30,0,742079273,8,500626,68792903,431940,1,9987476,19926
0,1,0,60,5,0,1071609720,2,500626,68792903,431940,1,9987476,19926
0,1,0,60,5,0,1701076604,6,500626,68792903,431940,1,9987476,19926
0,1,0,60,5,0,1831317012,7,500626,68792903,431940,1,9987476,19926
0,1,0,60,5,0,1907695289,1,500626,68792903,431940,1,9987476,19926
0,1,0,60,5,0,1918510595,5,500626,68792903,431940,1,9987476,19926
0,1,0,60,5,0,1954535726,4,500626,68792903,431940,1,9987476,19926
0,1,0,60,5,0,365348640,3,500626,68792903,431940,1,9987476,19926
0,1,0,60,5,0,478163327,0,500626,68792903,431940,1,9987476,19926
0,1,0,60,5,0,493581915,9,500626,68792903,431940,1,9987476,19926
0,1,0,60,5,0,742079273,8,500626,68792903,431940,1,9987476,19926
0,1,2,120,0,0,1071609720,2,500119,19455083,761216,1,3060497,4237
0,1,2,120,0,0,1701076604,6,500119,19455083,761216,1,3060497,4237
0,1,2,120,0,0,1831317012,7,500119,19455083,761216,1,3060497,4237
0,1,2,120,0,0,1907695289,1,500119,19455083,761216,1,3060497,4237
0,1,2,120,0,0,1918510595,5,500119,19455083,761216,1,3060497,4237
0,1,2,120,0,0,1954535726,4,500119,19455083,761216,1,3060497,4237
0,1,2,120,0,0,365348640,3,500119,19455083,761216,1,3060497,4237
0,1,2,120,0,0,478163327,0,500119,19455083,761216,1,3060497,4237
0,1,2,120,0,0,493581915,9,500119,19455083,761216,1,3060497,4237
0,1,2,120,0,0,742079273,8,500119,19455083,761216,1,3060497,4237
0,1,2,120,10,0,1071609720,2,500119,19455083,761216,1,3060497,4237
0,1,2,120,10,0,1701076604,6,500119,19455083,761216,1,3060497,4237
0,1,2,120,10,0,1831317012,7,500119,19455083,761216,1,3060497,4237
0,1,2,120,10,0,1907695289,1,500119,19455083,761216,1,3060497,4237
0,1,2,120,10,0,1918510595,5,500119,19455083,761216,1,3060497,4237
0,1,2,120,10,0,1954535726,4,500119,19455083,761216,1,3060497,4237
0,1,2,120,10,0,365348640,3,500119,19455083,761216,1,3060497,4237
0,1,2,120,10,0,478163327,0,500119,19455083,761216,1,3060497,4237
0,1,2,120,10,0,493581915,9,500119,19455083,761216,1,3060497,4237
0,1,2,120,10,0,742079273,8,500119,19455083,761216,1,3060497,4237
0,1,2,120,20,0,1071609720,2,500119,19455083,761216,1,3060497,4237
0,1,2,120,20,0,1701076604,6,500119,19455083,761216,1,3060497,4237
0,1,2,120,20,0,1831317012,7,500119,19455083,761216,1,3060497,4237
0,1,2,120,20,0,1907695289,1,500119,19455083,761216,1,3060497,4237
0,1,2,120,20,0,1918510595,5,500119,19455083,761216,1,3060497,4237
0,1,2,120,20,0,1954535726,4,500119,19455083,761216,1,3060497,4237
0,1,2,120,20,0,365348640,3,500119,19455083,761216,1,3060497,4237
0,1,2,120,20,0,478163327,0,500119,19455083,761216,1,3060497,4237
0,1,2,120,20,0,493581915,9,500119,19455083,761216,1,3060497,4237
0,1,2,120,20,0,742079273,8,500119,19455083,761216,1,3060497,4237
0,1,2,120,2,0,1071609720,2,500119,19455083,761216,1,3060497,4237
0,1,2,120,2,0,1701076604,6,500119,19455083,761216,1,3060497,4237
0,1,2,120,2,0,1831317012,7,500119,19455083,761216,1,3060497,4237
0,1,2,120,2,0,1907695289,1,500119,19455083,761216,1,3060497,4237
0,1,2,120,2,0,1918510595,5,500119,19455083,761216,1,3060497,4237
0,1,2,120,2,0,1954535726,4,500119,19455083,761216,1,3060497,4237
0,1,2,120,2,0,365348640,3,500119,19455083,761216,1,3060497,4237
0,1,2,120,2,0,478163327,0,500119,19455083,761216,1,3060497,4237
0,1,2,120,2,0,493581915,9,500119,19455083,761216,1,3060497,4237
0,1,2,120,2,0,742079273,8,500119,19455083,761216,1,3060497,4237
0,1,2,120,30,0,1071609720,2,500119,19455083,761216,1,3060497,4237
0,1,2,120,30,0,1701076604,6,500119,19455083,761216,1,3060497,4237
0,1,2,120,30,0,1831317012,7,500119,19455083,761216,1,3060497,4237
0,1,2,120,30,0,1907695289,1,500119,19455083,761216,1,3060497,4237
0,1,2,120,30,0,1918510595,5,500119,19455083,761216,1,3060497,4237
0,1,2,120,30,0,1954535726,4,500119,19455083,761216,1,3060497,4237
0,1,2,120,30,0,365348640,3,500119,19455083,761216,1,3060497,4237
0,1,2,120,30,0,478163327,0,500119,19455083,761216,1,3060497,4237
0,1,2,120,30,0,493581915,9,500119,19455083,761216,1,3060497,4237
0,1,2,120,30,0,742079273,8,500119,19455083,761216,1,3060497,4237
0,1,2,120,5,0,1071609720,2,500119,19455083,761216,1,3060497,4237
0,1,2,120,5,0,1701076604,6,500119,19455083,761216,1,3060497,4237
0,1,2,120,5,0,1831317012,7,500119,19455083,761216,1,3060497,4237
0,1,2,120,5,0,1907695289,1,500119,19455083,761216,1,3060497,4237
0,1,2,120,5,0,1918510595,5,500119,19455083,761216,1,3060497,4237
0,1,2,120,5,0,1954535726,4,500119,19455083,761216,1,3060497,4237
0,1,2,120,5,0,365348640,3,500119,19455083,761216,1,3060497,4237
0,1,2,120,5,0,478163327,0,500119,19455083,761216,1,3060497,4237
0,1,2,120,5,0,493581915,9,500119,19455083,761216,1,3060497,4237
0,1,2,120,5,0,742079273,8,500119,19455083,761216,1,3060497,4237
0,1,2,30,0,0,1071609720,2,500510,20817072,431940,1,3013360,31570
0,1,2,30,0,0,1701076604,6,500510,20817072,431940,1,3013360,31570
0,1,2,30,0,0,1831317012,7,500510,20817072,431940,1,3013360,31570
0,1,2,30,0,0,1907695289,1,500510,20817072,431940,1,3013360,31570
0,1,2,30,0,0,1918510595,5,500510,20817072,431940,1,3013360,31570
0,1,2,30,0,0,1954535726,4,500510,20817072,431940,1,3013360,31570
0,1,2,30,0,0,365348640,3,500510,20817072,431940,1,3013360,31570
0,1,2,30,0,0,478163327,0,500510,20817072,431940,1,3013360,31570
0,1,2,30,0,0,493581915,9,500510,20817072,431940,1,3013360,31570
0,1,2,30,0,0,742079273,8,500510,20817072,431940,1,3013360,31570
0,1,2,30,10,0,1071609720,2,500510,20817072,431940,1,3013360,31570
0,1,2,30,10,0,1701076604,6,500510,20817072,431940,1,3013360,31570
0,1,2,30,10,0,1831317012,7,500510,20817072,431940,1,3013360,31570
0,1,2,30,10,0,1907695289,1,500510,20817072,431940,1,3013360,31570
0,1,2,30,10,0,1918510595,5,500510,20817072,431940,1,3013360,31570
0,1,2,30,10,0,1954535726,4,500510,20817072,431940,1,3013360,31570
0,1,2,30,10,0,365348640,3,500510,20817072,431940,1,3013360,31570
0,1,2,30,10,0,478163327,0,500510,20817072,431940,1,3013360,31570
0,1,2,30,10,0,493581915,9,500510,20817072,431940,1,3013360,31570
0,1,2,30,10,0,742079273,8,500510,20817072,431940,1,3013360,31570
0,1,2,30,20,0,1071609720,2,500510,20817072,431940,1,3013360,31570
0,1,2,30,20,0,1701076604,6,500510,20817072,431940,1,3013360,31570
0,1,2,30,20,0,1831317012,7,500510,20817072,431940,1,3013360,31570
0,1,2,30,20,0,1907695289,1,500510,20817072,431940,1,3013360,31570
0,1,2,30,20,0,1918510595,5,500510,20817072,431940,1,3013360,31570
0,1,2,30,20,0,1954535726,4,500510,20817072,431940,1,3013360,31570
0,1,2,30,20,0,365348640,3,500510,20817072,431940,1,3013360,31570
0,1,2,30,20,0,478163327,0,500510,20817072,431940,1,3013360,31570
0,1,2,30,20,0,493581915,9,500510,20817072,431940,1,3013360,31570
0,1,2,30,20,0,742079273,8,500510,20817072,431940,1,3013360,31570
0,1,2,30,2,0,1071609720,2,500510,20817072,431940,1,3013360,31570
0,1,2,30,2,0,1701076604,6,500510,20817072,431940,1,3013360,31570
0,1,2,30,2,0,1831317012,7,500510,20817072,431940,1,3013360,31570
0,1,2,30,2,0,1907695289,1,500510,20817072,431940,1,3013360,31570
0,1,2,30,2,0,1918510595,5,500510,20817072,431940,1,3013360,31570
0,1,2,30,2,0,1954535726,4,500510,20817072,431940,1,3013360,31570
0,1,2,30,2,0,365348640,3,500510,20817072,431940,1,3013360,31570
0,1,2,30,2,0,478163327,0,500510,20817072,431940,1,3013360,31570
0,1,2,30,2,0,493581915,9,500510,20817072,431940,1,3013360,31570
0,1,2,30,2,0,742079273,8,500510,20817072,431940,1,3013360,31570
0,1,2,30,30,0,1071609720,2,500510,20817072,431940,1,3013360,31570
0,1,2,30,30,0,1701076604,6,500510,20817072,431940,1,3013360,31570
0,1,2,30,30,0,1831317012,7,500510,20817072,431940,1,3013360,31570
0,1,2,30,30,0,1907695289,1,500510,20817072,431940,1,3013360,31570
0,1,2,30,30,0,1918510595,5,500510,20817072,431940,1,3013360,31570
0,1,2,30,30,0,1954535726,4,500510,20817072,431940,1,3013360,31570
0,1,2,30,30,0,365348640,3,500510,20817072,431940,1,3013360,31570
0,1,2,30,30,0,478163327,0,500510,20817072,431940,1,3013360,31570
0,1,2,30,30,0,493581915,9,500510,20817072,431940,1,3013360,31570
0,1,2,30,30,0,742079273,8,500510,20817072,431940,1,3013360,31570
0,1,2,30,5,0,1071609720,2,500510,20817072,431940,1,3013360,31570
0,1,2,30,5,0,1701076604,6,500510,20817072,431940,1,3013360,31570
0,1,2,30,5,0,1831317012,7,500510,20817072,431940,1,3013360,31570
0,1,2,30,5,0,1907695289,1,500510,20817072,431940,1,3013360,31570
0,1,2,30,5,0,1918510595,5,500510,20817072,431940,1,3013360,31570
0,1,2,30,5,0,1954535726,4,500510,20817072,431940,1,3013360,31570
0,1,2,30,5,0,365348640,3,500510,20817072,431940,1,3013360,31570
0,1,2,30,5,0,478163327,0,500510,20817072,431940,1,3013360,31570
0,1,2,30,5,0,493581915,9,500510,20817072,431940,1,3013360,31570
0,1,2,30,5,0,742079273,8,500510,20817072,431940,1,3013360,31570
0,1,2,60,0,0,1071609720,2,500626,20818350,431940,1,3008501,26757
0,1,2,60,0,0,1701076604,6,500626,20818350,431940,1,3008501,26757
0,1,2,60,0,0,1831317012,7,500626,20818350,431940,1,3008501,26757
0,1,2,60,0,0,1907695289,1,500626,20818350,431940,1,3008501,26757
0,1,2,60,0,0,1918510595,5,500626,20818350,431940,1,3008501,26757
0,1,2,60,0,0,1954535726,4,500626,20818350,431940,1,3008501,26757
0,1,2,60,0,0,365348640,3,500626,20818350,431940,1,3008501,26757
0,1,2,60,0,0,478163327,0,500626,20818350,431940,1,3008501,26757
0,1,2,60,0,0,493581915,9,500626,20818350,431940,1,3008501,26757
0,1,2,60,0,0,742079273,8,500626,20818350,431940,1,3008501,26757
0,1,2,60,10,0,1071609720,2,500626,20818350,431940,1,3008501,26757
0,1,2,60,10,0,1701076604,6,500626,20818350,431940,1,3008501,26757
0,1,2,60,10,0,1831317012,7,500626,20818350,431940,1,3008501,26757
0,1,2,60,10,0,1907695289,1,500626,20818350,431940,1,3008501,26757
0,1,2,60,10,0,1918510595,5,500626,20818350,431940,1,3008501,26757
0,1,2,60,10,0,1954535726,4,500626,20818350,431940,1,3008501,26757
0,1,2,60,10,0,365348640,3,500626,20818350,431940,1,3008501,26757
0,1,2,60,10,0,478163327,0,500626,20818350,431940,1,3008501,26757
0,1,2,60,10,0,493581915,9,500626,20818350,431940,1,3008501,26757
0,1,2,60,10,0,742079273,8,500626,20818350,431940,1,3008501,26757
0,1,2,60,20,0,1071609720,2,500626,20818350,431940,1,3008501,26757
0,1,2,60,20,0,1701076604,6,500626,20818350,431940,1,3008501,26757
0,1,2,60,20,0,1831317012,7,500626,20818350,431940,1,3008501,26757
0,1,2,60,20,0,1907695289,1,500626,20818350,431940,1,3008501,26757
0,1,2,60,20,0,1918510595,5,500626,20818350,431940,1,3008501,26757
0,1,2,60,20,0,1954535726,4,500626,20818350,431940,1,3008501,26757
0,1,2,60,20,0,365348640,3,500626,20818350,431940,1,3008501,26757
0,1,2,60,20,0,478163327,0,500626,20818350,431940,1,3008501,26757
0,1,2,60,20,0,493581915,9,500626,20818350,431940,1,3008501,26757
0,1,2,60,20,0,742079273,8,500626,20818350,431940,1,3008501,26757
0,1,2,60,2,0,1071609720,2,500626,20818350,431940,1,3008501,26757
0,1,2,60,2,0,1701076604,6,500626,20818350,431940,1,3008501,26757
0,1,2,60,2,0,1831317012,7,500626,20818350,431940,1,3008501,26757
0,1,2,60,2,0,1907695289,1,500626,20818350,431940,1,3008501,26757
0,1,2,60,2,0,1918510595,5,500626,20818350,431940,1,3008501,26757
0,1,2,60,2,0,1954535726,4,500626,20818350,431940,1,3008501,26757
0,1,2,60,2,0,365348640,3,500626,20818350,431940,1,3008501,26757
0,1,2,60,2,0,478163327,0,500626,20818350,431940,1,3008501,26757
0,1,2,60,2,0,493581915,9,500626,20818350,431940,1,3008501,26757
0,1,2,60,2,0,742079273,8,500626,20818350,431940,1,3008501,26757
0,1,2,60,30,0,1071609720,2,500626,20818350,431940,1,3008501,26757
0,1,2,60,30,0,1701076604,6,500626,20818350,431940,1,3008501,26757
0,1,2,60,30,0,1831317012,7,500626,20818350,431940,1,3008501,26757
0,1,2,60,30,0,1907695289,1,500626,20818350,431940,1,3008501,26757
0,1,2,60,30,0,1918510595,5,500626,20818350,431940,1,3008501,26757
0,1,2,60,30,0,1954535726,4,500626,20818350,431940,1,3008501,26757
0,1,2,60,30,0,365348640,3,500626,20818350,431940,1,3008501,26757
0,1,2,60,30,0,478163327,0,500626,20818350,431940,1,3008501,26757
0,1,2,60,30,0,493581915,9,500626,20818350,431940,1,3008501,26757
0,1,2,60,30,0,742079273,8,500626,20818350,431940,1,3008501,26757
0,1,2,60,5,0,1071609720,2,500626,20818350,431940,1,3008501,26757
0,1,2,60,5,0,1701076604,6,500626,20818350,431940,1,3008501,26757
0,1,2,60,5,0,1831317012,7,500626,20818350,431940,1,3008501,26757
0,1,2,60,5,0,1907695289,1,500626,20818350,431940,1,3008501,26757
0,1,2,60,5,0,1918510595,5,500626,20818350,431940,1,3008501,26757
0,1,2,60,5,0,1954535726,4,500626,20818350,431940,1,3008501,26757
0,1,2,60,5,0,365348640,3,500626,20818350,431940,1,3008501,26757
0,1,2,60,5,0,478163327,0,500626,20818350,431940,1,3008501,26757
0,1,2,60,5,0,493581915,9,500626,20818350,431940,1,3008501,26757
0,1,2,60,5,0,742079273,8,500626,20818350,431940,1,3008501,26757
0,2,0,120,0,0,1071609720,2,2504129,68352442,437760,1,10110420,58400
0,2,0,120,0,0,1701076604,6,2504129,68352442,437760,1,10110420,58400
0,2,0,120,0,0,1831317012,7,2504129,68352442,437760,1,10110420,58400
0,2,0,120,0,0,1907695289,1,2504129,68352442,437760,1,10110420,58400
0,2,0,120,0,0,1918510595,5,2504129,68352442,437760,1,10110420,58400
0,2,0,120,0,0,1954535726,4,2504129,68352442,437760,1,10110420,58400
0,2,0,120,0,0,365348640,3,2504129,68352442,437760,1,10110420,58400
0,2,0,120,0,0,478163327,0,2504129,68352442,437760,1,10110420,58400
0,2,0,120,0,0,493581915,9,2504129,68352442,437760,1,10110420,58400
0,2,0,120,0,0,742079273,8,2504129,68352442,437760,1,10110420,58400
0,2,0,120,10,0,1071609720,2,2504129,68352442,437760,1,10110420,58400
0,2,0,120,10,0,1701076604,6,2504129,68352442,437760,1,10110420,58400
0,2,0,120,10,0,1831317012,7,2504129,68352442,437760,1,10110420,58400
0,2,0,120,10,0,1907695289,1,2504129,68352442,437760,1,10110420,58400
0,2,0,120,10,0,1918510595,5,2504129,68352442,437760,1,10110420,58400
0,2,0,120,10,0,1954535726,4,2504129,68352442,437760,1,10110420,58400
0,2,0,120,10,0,365348640,3,2504129,68352442,437760,1,10110420,58400
0,2,0,120,10,0,478163327,0,2504129,68352442,437760,1,10110420,58400
0,2,0,120,10,0,493581915,9,2504129,68352442,437760,1,10110420,58400
0,2,0,120,10,0,742079273,8,2504129,68352442,437760,1,10110420,58400
0,2,0,120,20,0,1071609720,2,2504129,68352442,437760,1,10110420,58400
0,2,0,120,20,0,1701076604,6,2504129,68352442,437760,1,10110420,58400
0,2,0,120,20,0,1831317012,7,2504129,68352442,437760,1,10110420,58400
0,2,0,120,20,0,1907695289,1,2504129,68352442,437760,1,10110420,58400
0,2,0,120,20,0,1918510595,5,2504129,68352442,437760,1,10110420,58400
0,2,0,120,20,0,1954535726,4,2504129,68352442,437760,1,10110420,58400
0,2,0,120,20,0,365348640,3,2504129,68352442,437760,1,10110420,58400
0,2,0,120,20,0,478163327,0,2504129,68352442,437760,1,10110420,58400
0,2,0,120,20,0,493581915,9,2504129,68352442,437760,1,10110420,58400
0,2,0,120,20,0,742079273,8,2504129,68352442,437760,1,10110420,58400
0,2,0,120,2,0,1071609720,2,2504129,68352442,437760,1,10110420,58400
0,2,0,120,2,0,1701076604,6,2504129,68352442,437760,1,10110420,58400
0,2,0,120,2,0,1831317012,7,2504129,68352442,437760,1,10110420,58400
0,2,0,120,2,0,1907695289,1,2504129,68352442,437760,1,10110420,58400
0,2,0,120,2,0,1918510595,5,2504129,68352442,437760,1,10110420,58400
0,2,0,120,2,0,1954535726,4,2504129,68352442,437760,1,10110420,58400
0,2,0,120,2,0,365348640,3,2504129,68352442,437760,1,10110420,58400
0,2,0,120,2,0,478163327,0,2504129,68352442,437760,1,10110420,58400
0,2,0,120,2,0,493581915,9,2504129,68352442,437760,1,10110420,58400
0,2,0,120,2,0,742079273,8,2504129,68352442,437760,1,10110420,58400
0,2,0,120,30,0,1071609720,2,2504129,68352442,437760,1,10110420,58400
0,2,0,120,30,0,1701076604,6,2504129,68352442,437760,1,10110420,58400
0,2,0,120,30,0,1831317012,7,2504129,68352442,437760,1,10110420,58400
0,2,0,120,30,0,1907695289,1,2504129,68352442,437760,1,10110420,58400
0,2,0,120,30,0,1918510595,5,2504129,68352442,437760,1,10110420,58400
0,2,0,120,30,0,1954535726,4,2504129,68352442,437760,1,10110420,58400
0,2,0,120,30,0,365348640,3,2504129,68352442,437760,1,10110420,58400
0,2,0,120,30,0,478163327,0,2504129,68352442,437760,1,10110420,58400
0,2,0,120,30,0,493581915,9,2504129,68352442,437760,1,10110420,58400
0,2,0,120,30,0,742079273,8,2504129,68352442,437760,1,10110420,58400
0,2,0,120,5,0,1071609720,2,2504129,68352442,437760,1,10110420,58400
0,2,0,120,5,0,1701076604,6,2504129,68352442,437760,1,10110420,58400
0,2,0,120,5,0,1831317012,7,2504129,68352442,437760,1,10110420,58400
0,2,0,120,5,0,1907695289,1,2504129,68352442,437760,1,10110420,58400
0,2,0,120,5,0,1918510595,5,2504129,68352442,437760,1,10110420,58400
0,2,0,120,5,0,1954535726,4,2504129,68352442,437760,1,10110420,58400
0,2,0,120,5,0,365348640,3,2504129,68352442,437760,1,10110420,58400
0,2,0,120,5,0,478163327,0,2504129,68352442,437760,1,10110420,58400
0,2,0,120,5,0,493581915,9,2504129,68352442,437760,1,10110420,58400
0,2,0,120,5,0,742079273,8,2504129,68352442,437760,1,10110420,58400
0,2,0,30,0,0,1071609720,2,1503257,68742454,437760,1,10105730,60291
0,2,0,30,0,0,1701076604,6,1503257,68742454,437760,1,10105730,60291
0,2,0,30,0,0,1831317012,7,1503257,68742454,437760,1,10105730,60291
0,2,0,30,0,0,1907695289,1,1503257,68742454,437760,1,10105730,60291
0,2,0,30,0,0,1918510595,5,1503257,68742454,437760,1,10105730,60291
0,2,0,30,0,0,1954535726,4,1503257,68742454,437760,1,10105730,60291
0,2,0,30,0,0,365348640,3,1503257,68742454,437760,1,10105730,60291
0,2,0,30,0,0,478163327,0,1503257,68742454,437760,1,10105730,60291
0,2,0,30,0,0,493581915,9,1503257,68742454,437760,1,10105730,60291
0,2,0,30,0,0,742079273,8,1503257,68742454,437760,1,10105730,60291
0,2,0,30,10,0,1071609720,2,1503257,68742454,437760,1,10105730,60291
0,2,0,30,10,0,1701076604,6,1503257,68742454,437760,1,10105730,60291
0,2,0,30,10,0,1831317012,7,1503257,68742454,437760,1,10105730,60291
0,2,0,30,10,0,1907695289,1,1503257,68742454,437760,1,10105730,60291
0,2,0,30,10,0,1918510595,5,1503257,68742454,437760,1,10105730,60291
0,2,0,30,10,0,1954535726,4,1503257,68742454,437760,1,10105730,60291
0,2,0,30,10,0,365348640,3,1503257,68742454,437760,1,10105730,60291
0,2,0,30,10,0,478163327,0,1503257,68742454,437760,1,10105730,60291
0,2,0,30,10,0,493581915,9,1503257,68742454,437760,1,10105730,60291
0,2,0,30,10,0,742079273,8,1503257,68742454,437760,1,10105730,60291
0,2,0,30,20,0,1071609720,2,1503257,68742454,437760,1,10105730,60291
0,2,0,30,20,0,1701076604,6,1503257,68742454,437760,1,10105730,60291
0,2,0,30,20,0,1831317012,7,1503257,68742454,437760,1,10105730,60291
0,2,0,30,20,0,1907695289,1,1503257,68742454,437760,1,10105730,60291
0,2,0,30,20,0,1918510595,5,1503257,68742454,437760,1,10105730,60291
0,2,0,30,20,0,1954535726,4,1503257,68742454,437760,1,10105730,60291
0,2,0,30,20,0,365348640,3,1503257,68742454,437760,1,10105730,60291
0,2,0,30,20,0,478163327,0,1503257,68742454,437760,1,10105730,60291
0,2,0,30,20,0,493581915,9,1503257,68742454,437760,1,10105730,60291
0,2,0,30,20,0,742079273,8,1503257,68742454,437760,1,10105730,60291
0,2,0,30,2,0,1071609720,2,1503257,68742454,437760,1,10105730,60291
0,2,0,30,2,0,1701076604,6,1503257,68742454,437760,1,10105730,60291
0,2,0,30,2,0,1831317012,7,1503257,68742454,437760,1,10105730,60291
0,2,0,30,2,0,1907695289,1,1503257,68742454,437760,1,10105730,60291
0,2,0,30,2,0,1918510595,5,1503257,68742454,437760,1,10105730,60291
0,2,0,30,2,0,1954535726,4,1503257,68742454,437760,1,10105730,60291
0,2,0,30,2,0,365348640,3,1503257,68742454,437760,1,10105730,60291
0,2,0,30,2,0,478163327,0,1503257,68742454,437760,1,10105730,60291
0,2,0,30,2,0,493581915,9,1503257,68742454,437760,1,10105730,60291
0,2,0,30,2,0,742079273,8,1503257,68742454,437760,1,10105730,60291
0,2,0,30,30,0,1071609720,2,1503257,68742454,437760,1,10105730,60291
0,2,0,30,30,0,1701076604,6,1503257,68742454,437760,1,10105730,60291
0,2,0,30,30,0,1831317012,7,1503257,68742454,437760,1,10105730,60291
0,2,0,30,30,0,1907695289,1,1503257,68742454,437760,1,10105730,60291
0,2,0,30,30,0,1918510595,5,1503257,68742454,437760,1,10105730,60291
0,2,0,30,30,0,1954535726,4,1503257,68742454,437760,1,10105730,60291
0,2,0,30,30,0,365348640,3,1503257,68742454,437760,1,10105730,60291
0,2,0,30,30,0,478163327,0,1503257,68742454,437760,1,10105730,60291
0,2,0,30,30,0,493581915,9,1503257,68742454,437760,1,10105730,60291
0,2,0,30,30,0,742079273,8,1503257,68742454,437760,1,10105730,60291
0,2,0,30,5,0,1071609720,2,1503257,68742454,437760,1,10105730,60291
0,2,0,30,5,0,1701076604,6,1503257,68742454,437760,1,10105730,60291
0,2,0,30,5,0,1831317012,7,1503257,68742454,437760,1,10105730,60291
0,2,0,30,5,0,1907695289,1,1503257,68742454,437760,1,10105730,60291
0,2,0,30,5,0,1918510595,5,1503257,68742454,437760,1,10105730,60291
0,2,0,30,5,0,1954535726,4,1503257,68742454,437760,1,10105730,60291
0,2,0,30,5,0,365348640,3,1503257,68742454,437760,1,10105730,60291
0,2,0,30,5,0,478163327,0,1503257,68742454,437760,1,10105730,60291
0,2,0,30,5,0,493581915,9,1503257,68742454,437760,1,10105730,60291
0,2,0,30,5,0,742079273,8,1503257,68742454,437760,1,10105730,60291
0,2,0,60,0,0,1071609720,2,2503448,68197751,437760,1,10106667,65171
0,2,0,60,0,0,1701076604,6,2503448,68197751,437760,1,10106667,65171
0,2,0,60,0,0,1831317012,7,2503448,68197751,437760,1,10106667,65171
0,2,0,60,0,0,1907695289,1,2503448,68197751,437760,1,10106667,65171
0,2,0,60,0,0,1918510595,5,2503448,68197751,437760,1,10106667,65171
0,2,0,60,0,0,1954535726,4,2503448,68197751,437760,1,10106667,65171
0,2,0,60,0,0,365348640,3,2503448,68197751,437760,1,10106667,65171
0,2,0,60,0,0,478163327,0,2503448,68197751,437760,1,10106667,65171
0,2,0,60,0,0,493581915,9,2503448,68197751,437760,1,10106667,65171
0,2,0,60,0,0,742079273,8,2503448,68197751,437760,1,10106667,65171
0,2,0,60,10,0,1071609720,2,2503448,68197751,437760,1,10106667,65171
0,2,0,60,10,0,1701076604,6,2503448,68197751,437760,1,10106667,65171
0,2,0,60,10,0,1831317012,7,2503448,68197751,437760,1,10106667,65171
0,2,0,60,10,0,1907695289,1,2503448,68197751,437760,1,10106667,65171
0,2,0,60,10,0,1918510595,5,2503448,68197751,437760,1,10106667,65171
0,2,0,60,10,0,1954535726,4,2503448,68197751,437760,1,10106667,65171
0,2,0,60,10,0,365348640,3,2503448,68197751,437760,1,10106667,65171
0,2,0,60,10,0,478163327,0,2503448,68197751,437760,1,10106667,65171
0,2,0,60,10,0,493581915,9,2503448,68197751,437760,1,10106667,65171
0,2,0,60,10,0,742079273,8,2503448,68197751,437760,1,10106667,65171
0,2,0,60,20,0,1071609720,2,2503448,68197751,437760,1,10106667,65171
0,2,0,60,20,0,1701076604,6,2503448,68197751,437760,1,10106667,65171
0,2,0,60,20,0,1831317012,7,2503448,68197751,437760,1,10106667,65171
0,2,0,60,20,0,1907695289,1,2503448,68197751,437760,1,10106667,65171
0,2,0,60,20,0,1918510595,5,2503448,68197751,437760,1,10106667,65171
0,2,0,60,20,0,1954535726,4,2503448,68197751,437760,1,10106667,65171
0,2,0,60,20,0,365348640,3,2503448,68197751,437760,1,10106667,65171
0,2,0,60,20,0,478163327,0,2503448,68197751,437760,1,10106667,65171
0,2,0,60,20,0,493581915,9,2503448,68197751,437760,1,10106667,65171
0,2,0,60,20,0,742079273,8,2503448,68197751,437760,1,10106667,65171
0,2,0,60,2,0,1071609720,2,2503448,68197751,437760,1,10106667,65171
0,2,0,60,2,0,1701076604,6,2503448,68197751,437760,1,10106667,65171
0,2,0,60,2,0,1831317012,7,2503448,68197751,437760,1,10106667,65171
0,2,0,60,2,0,1907695289,1,2503448,68197751,437760,1,10106667,65171
0,2,0,60,2,0,1918510595,5,2503448,68197751,437760,1,10106667,65171
0,2,0,60,2,0,1954535726,4,2503448,68197751,437760,1,10106667,65171
0,2,0,60,2,0,365348640,3,2503448,68197751,437760,1,10106667,65171
0,2,0,60,2,0,478163327,0,2503448,68197751,437760,1,10106667,65171
0,2,0,60,2,0,493581915,9,2503448,68197751,437760,1,10106667,65171
0,2,0,60,2,0,742079273,8,2503448,68197751,437760,1,10106667,65171
0,2,0,60,30,0,1071609720,2,2503448,68197751,437760,1,10106667,65171
0,2,0,60,30,0,1701076604,6,2503448,68197751,437760,1,10106667,65171
0,2,0,60,30,0,1831317012,7,2503448,68197751,437760,1,10106667,65171
0,2,0,60,30,0,1907695289,1,2503448,68197751,437760,1,10106667,65171
0,2,0,60,30,0,1918510595,5,2503448,68197751,437760,1,10106667,65171
0,2,0,60,30,0,1954535726,4,2503448,68197751,437760,1,10106667,65171
0,2,0,60,30,0,365348640,3,2503448,68197751,437760,1,10106667,65171
0,2,0,60,30,0,478163327,0,2503448,68197751,437760,1,10106667,65171
0,2,0,60,30,0,493581915,9,2503448,68197751,437760,1,10106667,65171
0,2,0,60,30,0,742079273,8,2503448,68197751,437760,1,10106667,65171
0,2,0,60,5,0,1071609720,2,2503448,68197751,437760,1,10106667,65171
0,2,0,60,5,0,1701076604,6,2503448,68197751,437760,1,10106667,65171
0,2,0,60,5,0,1831317012,7,2503448,68197751,437760,1,10106667,65171
0,2,0,60,5,0,1907695289,1,2503448,68197751,437760,1,10106667,65171
0,2,0,60,5,0,1918510595,5,2503448,68197751,437760,1,10106667,65171
0,2,0,60,5,0,1954535726,4,2503448,68197751,437760,1,10106667,65171
0,2,0,60,5,0,365348640,3,2503448,68197751,437760,1,10106667,65171
0,2,0,60,5,0,478163327,0,2503448,68197751,437760,1,10106667,65171
0,2,0,60,5,0,493581915,9,2503448,68197751,437760,1,10106667,65171
0,2,0,60,5,0,742079273,8,2503448,68197751,437760,1,10106667,65171
0,2,1,120,0,0,1071609720,2,2503279,67842411,437760,1,10130397,56478
0,2,1,120,0,0,1701076604,6,2503279,67842411,437760,1,10130397,56478
0,2,1,120,0,0,1831317012,7,2503279,67842411,437760,1,10130397,56478
0,2,1,120,0,0,1907695289,1,2503279,67842411,437760,1,10130397,56478
0,2,1,120,0,0,1918510595,5,2503279,67842411,437760,1,10130397,56478
0,2,1,120,0,0,1954535726,4,2503279,67842411,437760,1,10130397,56478
0,2,1,120,0,0,365348640,3,2503279,67842411,437760,1,10130397,56478
0,2,1,120,0,0,478163327,0,2503279,67842411,437760,1,10130397,56478
0,2,1,120,0,0,493581915,9,2503279,67842411,437760,1,10130397,56478
0,2,1,120,0,0,742079273,8,2503279,67842411,437760,1,10130397,56478
0,2,1,120,10,0,1071609720,2,2503279,67842411,437760,1,10130397,56478
0,2,1,120,10,0,1701076604,6,2503279,67842411,437760,1,10130397,56478
0,2,1,120,10,0,1831317012,7,2503279,67842411,437760,1,10130397,56478
0,2,1,120,10,0,1907695289,1,2503279,67842411,437760,1,10130397,56478
0,2,1,120,10,0,1918510595,5,2503279,67842411,437760,1,10130397,56478
0,2,1,120,10,0,1954535726,4,2503279,67842411,437760,1,10130397,56478
0,2,1,120,10,0,365348640,3,2503279,67842411,437760,1,10130397,56478
0,2,1,120,10,0,478163327,0,2503279,67842411,437760,1,10130397,56478
0,2,1,120,10,0,493581915,9,2503279,67842411,437760,1,10130397,56478
0,2,1,120,10,0,742079273,8,2503279,67842411,437760,1,10130397,56478
0,2,1,120,20,0,1071609720,2,2503279,67842411,437760,1,10130397,56478
0,2,1,120,20,0,1701076604,6,2503279,67842411,437760,1,10130397,56478
0,2,1,120,20,0,1831317012,7,2503279,67842411,437760,1,10130397,56478
0,2,1,120,20,0,1907695289,1,2503279,67842411,437760,1,10130397,56478
0,2,1,120,20,0,1918510595,5,2503279,67842411,437760,1,10130397,56478
0,2,1,120,20,0,1954535726,4,2503279,67842411,437760,1,10130397,56478
0,2,1,120,20,0,365348640,3,2503279,67842411,437760,1,10130397,56478
0,2,1,120,20,0,478163327,0,2503279,67842411,437760,1,10130397,56478
0,2,1,120,20,0,493581915,9,2503279,67842411,437760,1,10130397,56478
0,2,1,120,20,0,742079273,8,2503279,67842411,437760,1,10130397,56478
0,2,1,120,2,0,1071609720,2,2503279,67842411,437760,1,10130397,56478
0,2,1,120,2,0,1701076604,6,2503279,67842411,437760,1,10130397,56478
0,2,1,120,2,0,1831317012,7,2503279,67842411,437760,1,10130397,56478
0,2,1,120,2,0,1907695289,1,2503279,67842411,437760,1,10130397,56478
0,2,1,120,2,0,1918510595,5,2503279,67842411,437760,1,10130397,56478
0,2,1,120,2,0,1954535726,4,2503279,67842411,437760,1,10130397,56478
0,2,1,120,2,0,365348640,3,2503279,67842411,437760,1,10130397,56478
0,2,1,120,2,0,478163327,0,2503279,67842411,437760,1,10130397,56478
0,2,1,120,2,0,493581915,9,2503279,67842411,437760,1,10130397,56478
0,2,1,120,2,0,742079273,8,2503279,67842411,437760,1,10130397,56478
0,2,1,120,30,0,1071609720,2,2503279,67842411,437760,1,10130397,56478
0,2,1,120,30,0,1701076604,6,2503279,67842411,437760,1,10130397,56478
0,2,1,120,30,0,1831317012,7,2503279,67842411,437760,1,10130397,56478
0,2,1,120,30,0,1907695289,1,2503279,67842411,437760,1,10130397,56478
0,2,1,120,30,0,1918510595,5,2503279,67842411,437760,1,10130397,56478
0,2,1,120,30,0,1954535726,4,2503279,67842411,437760,1,10130397,56478
0,2,1,120,30,0,365348640,3,2503279,67842411,437760,1,10130397,56478
0,2,1,120,30,0,478163327,0,2503279,67842411,437760,1,10130397,56478
0,2,1,120,30,0,493581915,9,2503279,67842411,437760,1,10130397,56478
0,2,1,120,30,0,742079273,8,2503279,67842411,437760,1,10130397,56478
0,2,1,120,5,0,1071609720,2,2503279,67842411,437760,1,10130397,56478
0,2,1,120,5,0,1701076604,6,2503279,67842411,437760,1,10130397,56478
0,2,1,120,5,0,1831317012,7,2503279,67842411,437760,1,10130397,56478
0,2,1,120,5,0,1907695289,1,2503279,67842411,437760,1,10130397,56478
0,2,1,120,5,0,1918510595,5,2503279,67842411,437760,1,10130397,56478
0,2,1,120,5,0,1954535726,4,2503279,67842411,437760,1,10130397,56478
0,2,1,120,5,0,365348640,3,2503279,67842411,437760,1,10130397,56478
0,2,1,120,5,0,478163327,0,2503279,67842411,437760,1,10130397,56478
0,2,1,120,5,0,493581915,9,2503279,67842411,437760,1,10130397,56478
0,2,1,120,5,0,742079273,8,2503279,67842411,437760,1,10130397,56478
0,2,1,30,0,0,1071609720,2,2503097,67675943,437760,1,10046750,618011
0,2,1,30,0,0,1701076604,6,2503097,67675943,437760,1,10046750,618011
0,2,1,30,0,0,1831317012,7,2503097,67675943,437760,1,10046750,618011
0,2,1,30,0,0,1907695289,1,2503097,67675943,437760,1,10046750,618011
0,2,1,30,0,0,1918510595,5,2503097,67675943,437760,1,10046750,618011
0,2,1,30,0,0,1954535726,4,2503097,67675943,437760,1,10046750,618011
0,2,1,30,0,0,365348640,3,2503097,67675943,437760,1,10046750,618011
0,2,1,30,0,0,478163327,0,2503097,67675943,437760,1,10046750,618011
0,2,1,30,0,0,493581915,9,2503097,67675943,437760,1,10046750,618011
0,2,1,30,0,0,742079273,8,2503097,67675943,437760,1,10046750,618011
0,2,1,30,10,0,1071609720,2,2503097,67675943,437760,1,10046750,618011
0,2,1,30,10,0,1701076604,6,2503097,67675943,437760,1,10046750,618011
0,2,1,30,10,0,1831317012,7,2503097,67675943,437760,1,10046750,618011
0,2,1,30,10,0,1907695289,1,2503097,67675943,437760,1,10046750,618011
0,2,1,30,10,0,1918510595,5,2503097,67675943,437760,1,10046750,618011
0,2,1,30,10,0,1954535726,4,2503097,67675943,437760,1,10046750,618011
0,2,1,30,10,0,365348640,3,2503097,67675943,437760,1,10046750,618011
0,2,1,30,10,0,478163327,0,2503097,67675943,437760,1,10046750,618011
0,2,1,30,10,0,493581915,9,2503097,67675943,437760,1,10046750,618011
0,2,1,30,10,0,742079273,8,2503097,67675943,437760,1,10046750,618011
0,2,1,30,20,0,1071609720,2,2503097,67675943,437760,1,10046750,618011
0,2,1,30,20,0,1701076604,6,2503097,67675943,437760,1,10046750,618011
0,2,1,30,20,0,1831317012,7,2503097,67675943,437760,1,10046750,618011
0,2,1,30,20,0,1907695289,1,2503097,67675943,437760,1,10046750,618011
0,2,1,30,20,0,1918510595,5,2503097,67675943,437760,1,10046750,618011
0,2,1,30,20,0,1954535726,4,2503097,67675943,437760,1,10046750,618011
0,2,1,30,20,0,365348640,3,2503097,67675943,437760,1,10046750,618011
0,2,1,30,20,0,478163327,0,2503097,67675943,437760,1,10046750,618011
0,2,1,30,20,0,493581915,9,2503097,67675943,437760,1,10046750,618011
0,2,1,30,20,0,742079273,8,2503097,67675943,437760,1,10046750,618011
0,2,1,30,2,0,1071609720,2,2503097,67675943,437760,1,10046750,618011
0,2,1,30,2,0,1701076604,6,2503097,67675943,437760,1,10046750,618011
0,2,1,30,2,0,1831317012,7,2503097,67675943,437760,1,10046750,618011
0,2,1,30,2,0,1907695289,1,2503097,67675943,437760,1,10046750,618011
0,2,1,30,2,0,1918510595,5,2503097,67675943,437760,1,10046750,618011
0,2,1,30,2,0,1954535726,4,2503097,67675943,437760,1,10046750,618011
0,2,1,30,2,0,365348640,3,2503097,67675943,437760,1,10046750,618011
0,2,1,30,2,0,478163327,0,2503097,67675943,437760,1,10046750,618011
0,2,1,30,2,0,493581915,9,2503097,67675943,437760,1,10046750,618011
0,2,1,30,2,0,742079273,8,2503097,67675943,437760,1,10046750,618011
0,2,1,30,30,0,1071609720,2,2503097,67675943,437760,1,10046750,618011
0,2,1,30,30,0,1701076604,6,2503097,67675943,437760,1,10046750,618011
0,2,1,30,30,0,1831317012,7,2503097,67675943,437760,1,10046750,618011
0,2,1,30,30,0,1907695289,1,2503097,67675943,437760,1,10046750,618011
0,2,1,30,30,0,1918510595,5,2503097,67675943,437760,1,10046750,618011
0,2,1,30,30,0,1954535726,4,2503097,67675943,437760,1,10046750,618011
0,2,1,30,30,0,365348640,3,2503097,67675943,437760,1,10046750,618011
0,2,1,30,30,0,478163327,0,2503097,67675943,437760,1,10046750,618011
0,2,1,30,30,0,493581915,9,2503097,67675943,437760,1,10046750,618011
0,2,1,30,30,0,742079273,8,2503097,67675943,437760,1,10046750,618011
0,2,1,30,5,0,1071609720,2,2503097,67675943,437760,1,10046750,618011
0,2,1,30,5,0,1701076604,6,2503097,67675943,437760,1,10046750,618011
0,2,1,30,5,0,1831317012,7,2503097,67675943,437760,1,10046750,618011
0,2,1,30,5,0,1907695289,1,2503097,67675943,437760,1,10046750,618011
0,2,1,30,5,0,1918510595,5,2503097,67675943,437760,1,10046750,618011
0,2,1,30,5,0,1954535726,4,2503097,67675943,437760,1,10046750,618011
0,2,1,30,5,0,365348640,3,2503097,67675943,437760,1,10046750,618011
0,2,1,30,5,0,478163327,0,2503097,67675943,437760,1,10046750,618011
0,2,1,30,5,0,493581915,9,2503097,67675943,437760,1,10046750,618011
0,2,1,30,5,0,742079273,8,2503097,67675943,437760,1,10046750,618011
0,2,1,60,0,0,1071609720,2,1502639,68159200,437760,1,9998300,579691
0,2,1,60,0,0,1701076604,6,1502639,68159200,437760,1,9998300,579691
0,2,1,60,0,0,1831317012,7,1502639,68159200,437760,1,9998300,579691
0,2,1,60,0,0,1907695289,1,1502639,68159200,437760,1,9998300,579691
0,2,1,60,0,0,1918510595,5,1502639,68159200,437760,1,9998300,579691
0,2,1,60,0,0,1954535726,4,1502639,68159200,437760,1,9998300,579691
0,2,1,60,0,0,365348640,3,1502639,68159200,437760,1,9998300,579691
0,2,1,60,0,0,478163327,0,1502639,68159200,437760,1,9998300,579691
0,2,1,60,0,0,493581915,9,1502639,68159200,437760,1,9998300,579691
0,2,1,60,0,0,742079273,8,1502639,68159200,437760,1,9998300,579691
0,2,1,60,10,0,1071609720,2,1502639,68159200,437760,1,9998300,579691
0,2,1,60,10,0,1701076604,6,1502639,68159200,437760,1,9998300,579691
0,2,1,60,10,0,1831317012,7,1502639,68159200,437760,1,9998300,579691
0,2,1,60,10,0,1907695289,1,1502639,68159200,437760,1,9998300,579691
0,2,1,60,10,0,1918510595,5,1502639,68159200,437760,1,9998300,579691
0,2,1,60,10,0,1954535726,4,1502639,68159200,437760,1,9998300,579691
0,2,1,60,10,0,365348640,3,1502639,68159200,437760,1,9998300,579691
0,2,1,60,10,0,478163327,0,1502639,68159200,437760,1,9998300,579691
0,2,1,60,10,0,493581915,9,1502639,68159200,437760,1,9998300,579691
0,2,1,60,10,0,742079273,8,1502639,68159200,437760,1,9998300,579691
0,2,1,60,20,0,1071609720,2,1502639,68159200,437760,1,9998300,579691
0,2,1,60,20,0,1701076604,6,1502639,68159200,437760,1,9998300,579691
0,2,1,60,20,0,1831317012,7,1502639,68159200,437760,1,9998300,579691
0,2,1,60,20,0,1907695289,1,1502639,68159200,437760,1,9998300,579691
0,2,1,60,20,0,1918510595,5,1502639,68159200,437760,1,9998300,579691
0,2,1,60,20,0,1954535726,4,1502639,68159200,437760,1,9998300,579691
0,2,1,60,20,0,365348640,3,1502639,68159200,437760,1,9998300,579691
0,2,1,60,20,0,478163327,0,1502639,68159200,437760,1,9998300,579691
0,2,1,60,20,0,493581915,9,1502639,68159200,437760,1,9998300,579691
0,2,1,60,20,0,742079273,8,1502639,68159200,437760,1,9998300,579691
0,2,1,60,2,0,1071609720,2,1502639,68159200,437760,1,9998300,579691
0,2,1,60,2,0,1701076604,6,1502639,68159200,437760,1,9998300,579691
0,2,1,60,2,0,1831317012,7,1502639,68159200,437760,1,9998300,579691
0,2,1,60,2,0,1907695289,1,1502639,68159200,437760,1,9998300,579691
0,2,1,60,2,0,1918510595,5,1502639,68159200,437760,1,9998300,579691
0,2,1,60,2,0,1954535726,4,1502639,68159200,437760,1,9998300,579691
0,2,1,60,2,0,365348640,3,1502639,68159200,437760,1,9998300,579691
0,2,1,60,2,0,478163327,0,1502639,68159200,437760,1,9998300,579691
0,2,1,60,2,0,493581915,9,1502639,68159200,437760,1,9998300,579691
0,2,1,60,2,0,742079273,8,1502639,68159200,437760,1,9998300,579691
0,2,1,60,30,0,1071609720,2,1502639,68159200,437760,1,9998300,579691
0,2,1,60,30,0,1701076604,6,1502639,68159200,437760,1,9998300,579691
0,2,1,60,30,0,1831317012,7,1502639,68159200,437760,1,9998300,579691
0,2,1,60,30,0,1907695289,1,1502639,68159200,437760,1,9998300,579691
0,2,1,60,30,0,1918510595,5,1502639,68159200,437760,1,9998300,579691
0,2,1,60,30,0,1954535726,4,1502639,68159200,437760,1,9998300,579691
0,2,1,60,30,0,365348640,3,1502639,68159200,437760,1,9998300,579691
0,2,1,60,30,0,478163327,0,1502639,68159200,437760,1,9998300,579691
0,2,1,60,30,0,493581915,9,1502639,68159200,437760,1,9998300,579691
0,2,1,60,30,0,742079273,8,1502639,68159200,437760,1,9998300,579691
0,2,1,60,5,0,1071609720,2,1502639,68159200,437760,1,9998300,579691
0,2,1,60,5,0,1701076604,6,1502639,68159200,437760,1,9998300,579691
0,2,1,60,5,0,1831317012,7,1502639,68159200,437760,1,9998300,579691
0,2,1,60,5,0,1907695289,1,1502639,68159200,437760,1,9998300,579691
0,2,1,60,5,0,1918510595,5,1502639,68159200,437760,1,9998300,579691
0,2,1,60,5,0,1954535726,4,1502639,68159200,437760,1,9998300,579691
0,2,1,60,5,0,365348640,3,1502639,68159200,437760,1,9998300,579691
0,2,1,60,5,0,478163327,0,1502639,68159200,437760,1,9998300,579691
0,2,1,60,5,0,493581915,9,1502639,68159200,437760,1,9998300,579691
0,2,1,60,5,0,742079273,8,1502639,68159200,437760,1,9998300,579691
2,0,1,120,0,0,1071609720,2,0,47751990,157752,0,7180816,16709
2,0,1,120,0,0,1701076604,6,0,47751990,157752,0,7180816,16709
2,0,1,120,0,0,1831317012,7,0,47751990,157752,0,7180816,16709
2,0,1,120,0,0,1907695289,1,0,47751990,157752,0,7180816,16709
2,0,1,120,0,0,1918510595,5,0,47751990,157752,0,7180816,16709
2,0,1,120,0,0,1954535726,4,0,47751990,157752,0,7180816,16709
2,0,1,120,0,0,365348640,3,0,47751990,157752,0,7180816,16709
2,0,1,120,0,0,478163327,0,0,47751990,157752,0,7180816,16709
2,0,1,120,0,0,493581915,9,0,47751990,157752,0,7180816,16709
2,0,1,120,0,0,742079273,8,0,47751990,157752,0,7180816,16709
2,0,1,120,10,0,1071609720,2,0,47394655,156500,0,7124174,20816
2,0,1,120,10,0,1701076604,6,0,47394655,156500,0,7124174,20816
2,0,1,120,10,0,1831317012,7,0,47394655,156500,0,7124174,20816
2,0,1,120,10,0,1907695289,1,0,47394655,156500,0,7124174,20816
2,0,1,120,10,0,1918510595,5,0,47394655,156500,0,7124174,20816
2,0,1,120,10,0,1954535726,4,0,47394655,156500,0,7124174,20816
2,0,1,120,10,0,365348640,3,0,47394655,156500,0,7124174,20816
2,0,1,120,10,0,478163327,0,0,47394655,156500,0,7124174,20816
2,0,1,120,10,0,493581915,9,0,47394655,156500,0,7124174,20816
2,0,1,120,10,0,742079273,8,0,47394655,156500,0,7124174,20816
2,0,1,120,20,0,1071609720,2,0,47476183,156500,0,7122282,16046
2,0,1,120,20,0,1701076604,6,0,47476183,156500,0,7122282,16046
2,0,1,120,20,0,1831317012,7,0,47476183,156500,0,7122282,16046
2,0,1,120,20,0,1907695289,1,0,47476183,156500,0,7122282,16046
2,0,1,120,20,0,1918510595,5,0,47476183,156500,0,7122282,16046
2,0,1,120,20,0,1954535726,4,0,47476183,156500,0,7122282,16046
2,0,1,120,20,0,365348640,3,0,47476183,156500,0,7122282,16046
2,0,1,120,20,0,478163327,0,0,47476183,156500,0,7122282,16046
2,0,1,120,20,0,493581915,9,0,47476183,156500,0,7122282,16046
2,0,1,120,20,0,742079273,8,0,47476183,156500,0,7122282,16046
2,0,1,120,2,0,1071609720,2,0,47486005,156500,0,7121738,20259
2,0,1,120,2,0,1701076604,6,0,47486005,156500,0,7121738,20259
2,0,1,120,2,0,1831317012,7,0,47486005,156500,0,7121738,20259
2,0,1,120,2,0,1907695289,1,0,47486005,156500,0,7121738,20259
2,0,1,120,2,0,1918510595,5,0,47486005,156500,0,7121738,20259
2,0,1,120,2,0,1954535726,4,0,47486005,156500,0,7121738,20259
2,0,1,120,2,0,365348640,3,0,47486005,156500,0,7121738,20259
2,0,1,120,2,0,478163327,0,0,47486005,156500,0,7121738,20259
2,0,1,120,2,0,493581915,9,0,47486005,156500,0,7121738,20259
2,0,1,120,2,0,742079273,8,0,47486005,156500,0,7121738,20259
2,0,1,120,30,0,1071609720,2,0,47855828,157752,0,7180131,17064
2,0,1,120,30,0,1701076604,6,0,47855828,157752,0,7180131,17064
2,0,1,120,30,0,1831317012,7,0,47855828,157752,0,7180131,17064
2,0,1,120,30,0,1907695289,1,0,47855828,157752,0,7180131,17064
2,0,1,120,30,0,1918510595,5,0,47855828,157752,0,7180131,17064
2,0,1,120,30,0,1954535726,4,0,47855828,157752,0,7180131,17064
2,0,1,120,30,0,365348640,3,0,47855828,157752,0,7180131,17064
2,0,1,120,30,0,478163327,0,0,47855828,157752,0,7180131,17064
2,0,1,120,30,0,493581915,9,0,47855828,157752,0,7180131,17064
2,0,1,120,30,0,742079273,8,0,47855828,157752,0,7180131,17064
2,0,1,120,5,0,1071609720,2,0,47950837,157752,0,7180669,18312
2,0,1,120,5,0,1701076604,6,0,47950837,157752,0,7180669,18312
2,0,1,120,5,0,1831317012,7,0,47950837,157752,0,7180669,18312
2,0,1,120,5,0,1907695289,1,0,47950837,157752,0,7180669,18312
2,0,1,120,5,0,1918510595,5,0,47950837,157752,0,7180669,18312
2,0,1,120,5,0,1954535726,4,0,47950837,157752,0,7180669,18312
2,0,1,120,5,0,365348640,3,0,47950837,157752,0,7180669,18312
2,0,1,120,5,0,478163327,0,0,47950837,157752,0,7180669,18312
2,0,1,120,5,0,493581915,9,0,47950837,157752,0,7180669,18312
2,0,1,120,5,0,742079273,8,0,47950837,157752,0,7180669,18312
2,0,1,30,0,0,1071609720,2,0,47599265,156500,0,7122012,21611
2,0,1,30,0,0,1701076604,6,0,47599265,156500,0,7122012,21611
2,0,1,30,0,0,1831317012,7,0,47599265,156500,0,7122012,21611
2,0,1,30,0,0,1907695289,1,0,47599265,156500,0,7122012,21611
2,0,1,30,0,0,1918510595,5,0,47599265,156500,0,7122012,21611
2,0,1,30,0,0,1954535726,4,0,47599265,156500,0,7122012,21611
2,0,1,30,0,0,365348640,3,0,47599265,156500,0,7122012,21611
2,0,1,30,0,0,478163327,0,0,47599265,156500,0,7122012,21611
2,0,1,30,0,0,493581915,9,0,47599265,156500,0,7122012,21611
2,0,1,30,0,0,742079273,8,0,47599265,156500,0,7122012,21611
2,0,1,30,10,0,1071609720,2,0,47581031,156500,0,7124177,22523
2,0,1,30,10,0,1701076604,6,0,47581031,156500,0,7124177,22523
2,0,1,30,10,0,1831317012,7,0,47581031,156500,0,7124177,22523
2,0,1,30,10,0,1907695289,1,0,47581031,156500,0,7124177,22523
2,0,1,30,10,0,1918510595,5,0,47581031,156500,0,7124177,22523
2,0,1,30,10,0,1954535726,4,0,47581031,156500,0,7124177,22523
2,0,1,30,10,0,365348640,3,0,47581031,156500,0,7124177,22523
2,0,1,30,10,0,478163327,0,0,47581031,156500,0,7124177,22523
2,0,1,30,10,0,493581915,9,0,47581031,156500,0,7124177,22523
2,0,1,30,10,0,742079273,8,0,47581031,156500,0,7124177,22523
2,0,1,30,20,0,1071609720,2,0,47888374,157752,0,7180274,19329
2,0,1,30,20,0,1701076604,6,0,47888374,157752,0,7180274,19329
2,0,1,30,20,0,1831317012,7,0,47888374,157752,0,7180274,19329
2,0,1,30,20,0,1907695289,1,0,47888374,157752,0,7180274,19329
2,0,1,30,20,0,1918510595,5,0,47888374,157752,0,7180274,19329
2,0,1,30,20,0,1954535726,4,0,47888374,157752,0,7180274,19329
2,0,1,30,20,0,365348640,3,0,47888374,157752,0,7180274,19329
2,0,1,30,20,0,478163327,0,0,47888374,157752,0,7180274,19329
2,0,1,30,20,0,493581915,9,0,47888374,157752,0,7180274,19329
2,0,1,30,20,0,742079273,8,0,47888374,157752,0,7180274,19329
2,0,1,30,2,0,1071609720,2,7509101,63905527,441956,1,10013801,48851
2,0,1,30,2,0,1701076604,6,7509101,63905527,441956,1,10013801,48851
2,0,1,30,2,0,1831317012,7,7509101,63905527,441956,1,10013801,48851
2,0,1,30,2,0,1907695289,1,7509101,63905527,441956,1,10013801,48851
2,0,1,30,2,0,1918510595,5,7509101,63905527,441956,1,10013801,48851
2,0,1,30,2,0,1954535726,4,7509101,63905527,441956,1,10013801,48851
2,0,1,30,2,0,365348640,3,7509101,63905527,441956,1,10013801,48851
2,0,1,30,2,0,478163327,0,7509101,63905527,441956,1,10013801,48851
2,0,1,30,2,0,493581915,9,7509101,63905527,441956,1,10013801,48851
2,0,1,30,2,0,742079273,8,7509101,63905527,441956,1,10013801,48851
2,0,1,30,30,0,1071609720,2,0,8537305,28796,0,1309998,9695
2,0,1,30,30,0,1701076604,6,0,8537305,28796,0,1309998,9695
2,0,1,30,30,0,1831317012,7,0,8537305,28796,0,1309998,9695
2,0,1,30,30,0,1907695289,1,0,8537305,28796,0,1309998,9695
2,0,1,30,30,0,1918510595,5,0,8537305,28796,0,1309998,9695
2,0,1,30,30,0,1954535726,4,0,8537305,28796,0,1309998,9695
2,0,1,30,30,0,365348640,3,0,8537305,28796,0,1309998,9695
2,0,1,30,30,0,478163327,0,0,8537305,28796,0,1309998,9695
2,0,1,30,30,0,493581915,9,0,8537305,28796,0,1309998,9695
2,0,1,30,30,0,742079273,8,0,8537305,28796,0,1309998,9695
2,0,1,30,5,0,1071609720,2,0,47505396,156500,0,7123636,15552
2,0,1,30,5,0,1701076604,6,0,47505396,156500,0,7123636,15552
2,0,1,30,5,0,1831317012,7,0,47505396,156500,0,7123636,15552
2,0,1,30,5,0,1907695289,1,0,47505396,156500,0,7123636,15552
2,0,1,30,5,0,1918510595,5,0,47505396,156500,0,7123636,15552
2,0,1,30,5,0,1954535726,4,0,47505396,156500,0,7123636,15552
2,0,1,30,5,0,365348640,3,0,47505396,156500,0,7123636,15552
2,0,1,30,5,0,478163327,0,0,47505396,156500,0,7123636,15552
2,0,1,30,5,0,493581915,9,0,47505396,156500,0,7123636,15552
2,0,1,30,5,0,742079273,8,0,47505396,156500,0,7123636,15552
2,0,1,60,0,0,1071609720,2,0,47545660,157752,0,7179934,16921
2,0,1,60,0,0,1701076604,6,0,47545660,157752,0,7179934,16921
2,0,1,60,0,0,1831317012,7,0,47545660,157752,0,7179934,16921
2,0,1,60,0,0,1907695289,1,0,47545660,157752,0,7179934,16921
2,0,1,60,0,0,1918510595,5,0,47545660,157752,0,7179934,16921
2,0,1,60,0,0,1954535726,4,0,47545660,157752,0,7179934,16921
2,0,1,60,0,0,365348640,3,0,47545660,157752,0,7179934,16921
2,0,1,60,0,0,478163327,0,0,47545660,157752,0,7179934,16921
2,0,1,60,0,0,493581915,9,0,47545660,157752,0,7179934,16921
2,0,1,60,0,0,742079273,8,0,47545660,157752,0,7179934,16921
2,0,1,60,10,0,1071609720,2,0,47464070,156500,0,7123904,22263
2,0,1,60,10,0,1701076604,6,0,47464070,156500,0,7123904,22263
2,0,1,60,10,0,1831317012,7,0,47464070,156500,0,7123904,22263
2,0,1,60,10,0,1907695289,1,0,47464070,156500,0,7123904,22263
2,0,1,60,10,0,1918510595,5,0,47464070,156500,0,7123904,22263
2,0,1,60,10,0,1954535726,4,0,47464070,156500,0,7123904,22263
2,0,1,60,10,0,365348640,3,0,47464070,156500,0,7123904,22263
2,0,1,60,10,0,478163327,0,0,47464070,156500,0,7123904,22263
2,0,1,60,10,0,493581915,9,0,47464070,156500,0,7123904,22263
2,0,1,60,10,0,742079273,8,0,47464070,156500,0,7123904,22263
2,0,1,60,20,0,1071609720,2,0,47537137,156500,0,7123906,22737
2,0,1,60,20,0,1701076604,6,0,47537137,156500,0,7123906,22737
2,0,1,60,20,0,1831317012,7,0,47537137,156500,0,7123906,22737
2,0,1,60,20,0,1907695289,1,0,47537137,156500,0,7123906,22737
2,0,1,60,20,0,1918510595,5,0,47537137,156500,0,7123906,22737
2,0,1,60,20,0,1954535726,4,0,47537137,156500,0,7123906,22737
2,0,1,60,20,0,365348640,3,0,47537137,156500,0,7123906,22737
2,0,1,60,20,0,478163327,0,0,47537137,156500,0,7123906,22737
2,0,1,60,20,0,493581915,9,0,47537137,156500,0,7123906,22737
2,0,1,60,20,0,742079273,8,0,47537137,156500,0,7123906,22737
2,0,1,60,2,0,1071609720,2,0,47545660,157752,0,7179934,16921
2,0,1,60,2,0,1701076604,6,0,47545660,157752,0,7179934,16921
2,0,1,60,2,0,1831317012,7,0,47545660,157752,0,7179934,16921
2,0,1,60,2,0,1907695289,1,0,47545660,157752,0,7179934,16921
2,0,1,60,2,0,1918510595,5,0,47545660,157752,0,7179934,16921
2,0,1,60,2,0,1954535726,4,0,47545660,157752,0,7179934,16921
2,0,1,60,2,0,365348640,3,0,47545660,157752,0,7179934,16921
2,0,1,60,2,0,478163327,0,0,47545660,157752,0,7179934,16921
2,0,1,60,2,0,493581915,9,0,47545660,157752,0,7179934,16921
2,0,1,60,2,0,742079273,8,0,47545660,157752,0,7179934,16921
2,0,1,60,30,0,1071609720,2,0,47404290,156500,0,7123636,16061
2,0,1,60,30,0,1701076604,6,0,47404290,156500,0,7123636,16061
2,0,1,60,30,0,1831317012,7,0,47404290,156500,0,7123636,16061
2,0,1,60,30,0,1907695289,1,0,47404290,156500,0,7123636,16061
2,0,1,60,30,0,1918510595,5,0,47404290,156500,0,7123636,16061
2,0,1,60,30,0,1954535726,4,0,47404290,156500,0,7123636,16061
2,0,1,60,30,0,365348640,3,0,47404290,156500,0,7123636,16061
2,0,1,60,30,0,478163327,0,0,47404290,156500,0,7123636,16061
2,0,1,60,30,0,493581915,9,0,47404290,156500,0,7123636,16061
2,0,1,60,30,0,742079273,8,0,47404290,156500,0,7123636,16061
2,0,1,60,5,0,1071609720,2,0,47512764,156500,0,7123636,21651
2,0,1,60,5,0,1701076604,6,0,47512764,156500,0,7123636,21651
2,0,1,60,5,0,1831317012,7,0,47512764,156500,0,7123636,21651
2,0,1,60,5,0,1907695289,1,0,47512764,156500,0,7123636,21651
2,0,1,60,5,0,1918510595,5,0,47512764,156500,0,7123636,21651
2,0,1,60,5,0,1954535726,4,0,47512764,156500,0,7123636,21651
2,0,1,60,5,0,365348640,3,0,47512764,156500,0,7123636,21651
2,0,1,60,5,0,478163327,0,0,47512764,156500,0,7123636,21651
2,0,1,60,5,0,493581915,9,0,47512764,156500,0,7123636,21651
2,0,1,60,5,0,742079273,8,0,47512764,156500,0,7123636,21651
2,0,2,120,0,0,1071609720,2,0,13758384,159059,0,2067054,11784
2,0,2,120,0,0,1701076604,6,0,13758384,159059,0,2067054,11784
2,0,2,120,0,0,1831317012,7,0,13758384,159059,0,2067054,11784
2,0,2,120,0,0,1907695289,1,0,13758384,159059,0,2067054,11784
2,0,2,120,0,0,1918510595,5,0,13758384,159059,0,2067054,11784
2,0,2,120,0,0,1954535726,4,0,13758384,159059,0,2067054,11784
2,0,2,120,0,0,365348640,3,0,13758384,159059,0,2067054,11784
2,0,2,120,0,0,478163327,0,0,13758384,159059,0,2067054,11784
2,0,2,120,0,0,493581915,9,0,13758384,159059,0,2067054,11784
2,0,2,120,0,0,742079273,8,0,13758384,159059,0,2067054,11784
2,0,2,120,10,0,1071609720,2,0,13801125,157752,0,2048394,9236
2,0,2,120,10,0,1701076604,6,0,13801125,157752,0,2048394,9236
2,0,2,120,10,0,1831317012,7,0,13801125,157752,0,2048394,9236
2,0,2,120,10,0,1907695289,1,0,13801125,157752,0,2048394,9236
2,0,2,120,10,0,1918510595,5,0,13801125,157752,0,2048394,9236
2,0,2,120,10,0,1954535726,4,0,13801125,157752,0,2048394,9236
2,0,2,120,10,0,365348640,3,0,13801125,157752,0,2048394,9236
2,0,2,120,10,0,478163327,0,0,13801125,157752,0,2048394,9236
2,0,2,120,10,0,493581915,9,0,13801125,157752,0,2048394,9236
2,0,2,120,10,0,742079273,8,0,13801125,157752,0,2048394,9236
2,0,2,120,20,0,1071609720,2,0,13751181,160256,0,2085484,26922
2,0,2,120,20,0,1701076604,6,0,13751181,160256,0,2085484,26922
2,0,2,120,20,0,1831317012,7,0,13751181,160256,0,2085484,26922
2,0,2,120,20,0,1907695289,1,0,13751181,160256,0,2085484,26922
2,0,2,120,20,0,1918510595,5,0,13751181,160256,0,2085484,26922
2,0,2,120,20,0,1954535726,4,0,13751181,160256,0,2085484,26922
2,0,2,120,20,0,365348640,3,0,13751181,160256,0,2085484,26922
2,0,2,120,20,0,478163327,0,0,13751181,160256,0,2085484,26922
2,0,2,120,20,0,493581915,9,0,13751181,160256,0,2085484,26922
2,0,2,120,20,0,742079273,8,0,13751181,160256,0,2085484,26922
2,0,2,120,2,0,1071609720,2,0,13656256,157752,0,2052462,6220
2,0,2,120,2,0,1701076604,6,0,13656256,157752,0,2052462,6220
2,0,2,120,2,0,1831317012,7,0,13656256,157752,0,2052462,6220
2,0,2,120,2,0,1907695289,1,0,13656256,157752,0,2052462,6220
2,0,2,120,2,0,1918510595,5,0,13656256,157752,0,2052462,6220
2,0,2,120,2,0,1954535726,4,0,13656256,157752,0,2052462,6220
2,0,2,120,2,0,365348640,3,0,13656256,157752,0,2052462,6220
2,0,2,120,2,0,478163327,0,0,13656256,157752,0,2052462,6220
2,0,2,120,2,0,493581915,9,0,13656256,157752,0,2052462,6220
2,0,2,120,2,0,742079273,8,0,13656256,157752,0,2052462,6220
2,0,2,120,30,0,1071609720,2,0,13709665,157752,0,2057584,12605
2,0,2,120,30,0,1701076604,6,0,13709665,157752,0,2057584,12605
2,0,2,120,30,0,1831317012,7,0,13709665,157752,0,2057584,12605
2,0,2,120,30,0,1907695289,1,0,13709665,157752,0,2057584,12605
2,0,2,120,30,0,1918510595,5,0,13709665,157752,0,2057584,12605
2,0,2,120,30,0,1954535726,4,0,13709665,157752,0,2057584,12605
2,0,2,120,30,0,365348640,3,0,13709665,157752,0,2057584,12605
2,0,2,120,30,0,478163327,0,0,13709665,157752,0,2057584,12605
2,0,2,120,30,0,493581915,9,0,13709665,157752,0,2057584,12605
2,0,2,120,30,0,742079273,8,0,13709665,157752,0,2057584,12605
2,0,2,120,5,0,1071609720,2,0,13833893,157752,0,2049458,21149
2,0,2,120,5,0,1701076604,6,0,13833893,157752,0,2049458,21149
2,0,2,120,5,0,1831317012,7,0,13833893,157752,0,2049458,21149
2,0,2,120,5,0,1907695289,1,0,13833893,157752,0,2049458,21149
2,0,2,120,5,0,1918510595,5,0,13833893,157752,0,2049458,21149
2,0,2,120,5,0,1954535726,4,0,13833893,157752,0,2049458,21149
2,0,2,120,5,0,365348640,3,0,13833893,157752,0,2049458,21149
2,0,2,120,5,0,478163327,0,0,13833893,157752,0,2049458,21149
2,0,2,120,5,0,493581915,9,0,13833893,157752,0,2049458,21149
2,0,2,120,5,0,742079273,8,0,13833893,157752,0,2049458,21149
2,0,2,30,0,0,1071609720,2,0,13695089,161508,0,2080060,25626
2,0,2,30,0,0,1701076604,6,0,13695089,161508,0,2080060,25626
2,0,2,30,0,0,1831317012,7,0,13695089,161508,0,2080060,25626
2,0,2,30,0,0,1907695289,1,0,13695089,161508,0,2080060,25626
2,0,2,30,0,0,1918510595,5,0,13695089,161508,0,2080060,25626
2,0,2,30,0,0,1954535726,4,0,13695089,161508,0,2080060,25626
2,0,2,30,0,0,365348640,3,0,13695089,161508,0,2080060,25626
2,0,2,30,0,0,478163327,0,0,13695089,161508,0,2080060,25626
2,0,2,30,0,0,493581915,9,0,13695089,161508,0,2080060,25626
2,0,2,30,0,0,742079273,8,0,13695089,161508,0,2080060,25626
2,0,2,30,10,0,1071609720,2,0,13663470,159004,0,2068973,29820
2,0,2,30,10,0,1701076604,6,0,13663470,159004,0,2068973,29820
2,0,2,30,10,0,1831317012,7,0,13663470,159004,0,2068973,29820
2,0,2,30,10,0,1907695289,1,0,13663470,159004,0,2068973,29820
2,0,2,30,10,0,1918510595,5,0,13663470,159004,0,2068973,29820
2,0,2,30,10,0,1954535726,4,0,13663470,159004,0,2068973,29820
2,0,2,30,10,0,365348640,3,0,13663470,159004,0,2068973,29820
2,0,2,30,10,0,478163327,0,0,13663470,159004,0,2068973,29820
2,0,2,30,10,0,493581915,9,0,13663470,159004,0,2068973,29820
2,0,2,30,10,0,742079273,8,0,13663470,159004,0,2068973,29820
2,0,2,30,20,0,1071609720,2,0,13887542,159004,0,2064085,14360
2,0,2,30,20,0,1701076604,6,0,13887542,159004,0,2064085,14360
2,0,2,30,20,0,1831317012,7,0,13887542,159004,0,2064085,14360
2,0,2,30,20,0,1907695289,1,0,13887542,159004,0,2064085,14360
2,0,2,30,20,0,1918510595,5,0,13887542,159004,0,2064085,14360
2,0,2,30,20,0,1954535726,4,0,13887542,159004,0,2064085,14360
2,0,2,30,20,0,365348640,3,0,13887542,159004,0,2064085,14360
2,0,2,30,20,0,478163327,0,0,13887542,159004,0,2064085,14360
2,0,2,30,20,0,493581915,9,0,13887542,159004,0,2064085,14360
2,0,2,30,20,0,742079273,8,0,13887542,159004,0,2064085,14360
2,0,2,30,2,0,1071609720,2,0,13738988,160256,0,2083589,42100
2,0,2,30,2,0,1701076604,6,0,13738988,160256,0,2083589,42100
2,0,2,30,2,0,1831317012,7,0,13738988,160256,0,2083589,42100
2,0,2,30,2,0,1907695289,1,0,13738988,160256,0,2083589,42100
2,0,2,30,2,0,1918510595,5,0,13738988,160256,0,2083589,42100
2,0,2,30,2,0,1954535726,4,0,13738988,160256,0,2083589,42100
2,0,2,30,2,0,365348640,3,0,13738988,160256,0,2083589,42100
2,0,2,30,2,0,478163327,0,0,13738988,160256,0,2083589,42100
2,0,2,30,2,0,493581915,9,0,13738988,160256,0,2083589,42100
2,0,2,30,2,0,742079273,8,0,13738988,160256,0,2083589,42100
2,0,2,30,30,0,1071609720,2,0,2583145,30048,0,391454,79247
2,0,2,30,30,0,1701076604,6,0,2583145,30048,0,391454,79247
2,0,2,30,30,0,1831317012,7,0,2583145,30048,0,391454,79247
2,0,2,30,30,0,1907695289,1,0,2583145,30048,0,391454,79247
2,0,2,30,30,0,1918510595,5,0,2583145,30048,0,391454,79247
2,0,2,30,30,0,1954535726,4,0,2583145,30048,0,391454,79247
2,0,2,30,30,0,365348640,3,0,2583145,30048,0,391454,79247
2,0,2,30,30,0,478163327,0,0,2583145,30048,0,391454,79247
2,0,2,30,30,0,493581915,9,0,2583145,30048,0,391454,79247
2,0,2,30,30,0,742079273,8,0,2583145,30048,0,391454,79247
2,0,2,30,5,0,1071609720,2,0,13709664,157752,0,2057584,14363
2,0,2,30,5,0,1701076604,6,0,13709664,157752,0,2057584,14363
2,0,2,30,5,0,1831317012,7,0,13709664,157752,0,2057584,14363
2,0,2,30,5,0,1907695289,1,0,13709664,157752,0,2057584,14363
2,0,2,30,5,0,1918510595,5,0,13709664,157752,0,2057584,14363
2,0,2,30,5,0,1954535726,4,0,13709664,157752,0,2057584,14363
2,0,2,30,5,0,365348640,3,0,13709664,157752,0,2057584,14363
2,0,2,30,5,0,478163327,0,0,13709664,157752,0,2057584,14363
2,0,2,30,5,0,493581915,9,0,13709664,157752,0,2057584,14363
2,0,2,30,5,0,742079273,8,0,13709664,157752,0,2057584,14363
2,0,2,60,0,0,1071609720,2,0,13721873,161508,0,2077621,28668
2,0,2,60,0,0,1701076604,6,0,13721873,161508,0,2077621,28668
2,0,2,60,0,0,1831317012,7,0,13721873,161508,0,2077621,28668
2,0,2,60,0,0,1907695289,1,0,13721873,161508,0,2077621,28668
2,0,2,60,0,0,1918510595,5,0,13721873,161508,0,2077621,28668
2,0,2,60,0,0,1954535726,4,0,13721873,161508,0,2077621,28668
2,0,2,60,0,0,365348640,3,0,13721873,161508,0,2077621,28668
2,0,2,60,0,0,478163327,0,0,13721873,161508,0,2077621,28668
2,0,2,60,0,0,493581915,9,0,13721873,161508,0,2077621,28668
2,0,2,60,0,0,742079273,8,0,13721873,161508,0,2077621,28668
2,0,2,60,10,0,1071609720,2,0,13557518,157752,0,2051918,38274
2,0,2,60,10,0,1701076604,6,0,13557518,157752,0,2051918,38274
2,0,2,60,10,0,1831317012,7,0,13557518,157752,0,2051918,38274
2,0,2,60,10,0,1907695289,1,0,13557518,157752,0,2051918,38274
2,0,2,60,10,0,1918510595,5,0,13557518,157752,0,2051918,38274
2,0,2,60,10,0,1954535726,4,0,13557518,157752,0,2051918,38274
2,0,2,60,10,0,365348640,3,0,13557518,157752,0,2051918,38274
2,0,2,60,10,0,478163327,0,0,13557518,157752,0,2051918,38274
2,0,2,60,10,0,493581915,9,0,13557518,157752,0,2051918,38274
2,0,2,60,10,0,742079273,8,0,13557518,157752,0,2051918,38274
2,0,2,60,20,0,1071609720,2,0,13569699,157752,0,2054086,34351
2,0,2,60,20,0,1701076604,6,0,13569699,157752,0,2054086,34351
2,0,2,60,20,0,1831317012,7,0,13569699,157752,0,2054086,34351
2,0,2,60,20,0,1907695289,1,0,13569699,157752,0,2054086,34351
2,0,2,60,20,0,1918510595,5,0,13569699,157752,0,2054086,34351
2,0,2,60,20,0,1954535726,4,0,13569699,157752,0,2054086,34351
2,0,2,60,20,0,365348640,3,0,13569699,157752,0,2054086,34351
2,0,2,60,20,0,478163327,0,0,13569699,157752,0,2054086,34351
2,0,2,60,20,0,493581915,9,0,13569699,157752,0,2054086,34351
2,0,2,60,20,0,742079273,8,0,13569699,157752,0,2054086,34351
2,0,2,60,2,0,1071609720,2,0,13721873,161508,0,2077621,28668
2,0,2,60,2,0,1701076604,6,0,13721873,161508,0,2077621,28668
2,0,2,60,2,0,1831317012,7,0,13721873,161508,0,2077621,28668
2,0,2,60,2,0,1907695289,1,0,13721873,161508,0,2077621,28668
2,0,2,60,2,0,1918510595,5,0,13721873,161508,0,2077621,28668
2,0,2,60,2,0,1954535726,4,0,13721873,161508,0,2077621,28668
2,0,2,60,2,0,365348640,3,0,13721873,161508,0,2077621,28668
2,0,2,60,2,0,478163327,0,0,13721873,161508,0,2077621,28668
2,0,2,60,2,0,493581915,9,0,13721873,161508,0,2077621,28668
2,0,2,60,2,0,742079273,8,0,13721873,161508,0,2077621,28668
2,0,2,60,30,0,1071609720,2,0,13741423,160256,0,2084130,40214
2,0,2,60,30,0,1701076604,6,0,13741423,160256,0,2084130,40214
2,0,2,60,30,0,1831317012,7,0,13741423,160256,0,2084130,40214
2,0,2,60,30,0,1907695289,1,0,13741423,160256,0,2084130,40214
2,0,2,60,30,0,1918510595,5,0,13741423,160256,0,2084130,40214
2,0,2,60,30,0,1954535726,4,0,13741423,160256,0,2084130,40214
2,0,2,60,30,0,365348640,3,0,13741423,160256,0,2084130,40214
2,0,2,60,30,0,478163327,0,0,13741423,160256,0,2084130,40214
2,0,2,60,30,0,493581915,9,0,13741423,160256,0,2084130,40214
2,0,2,60,30,0,742079273,8,0,13741423,160256,0,2084130,40214
2,0,2,60,5,0,1071609720,2,0,13704829,157752,0,2058396,10476
2,0,2,60,5,0,1701076604,6,0,13704829,157752,0,2058396,10476
2,0,2,60,5,0,1831317012,7,0,13704829,157752,0,2058396,10476
2,0,2,60,5,0,1907695289,1,0,13704829,157752,0,2058396,10476
2,0,2,60,5,0,1918510595,5,0,13704829,157752,0,2058396,10476
2,0,2,60,5,0,1954535726,4,0,13704829,157752,0,2058396,10476
2,0,2,60,5,0,365348640,3,0,13704829,157752,0,2058396,10476
2,0,2,60,5,0,478163327,0,0,13704829,157752,0,2058396,10476
2,0,2,60,5,0,493581915,9,0,13704829,157752,0,2058396,10476
2,0,2,60,5,0,742079273,8,0,13704829,157752,0,2058396,10476
2,1,0,120,0,0,1071609720,2,500119,68729535,431940,1,9987208,19489
2,1,0,120,0,0,1701076604,6,500119,68729535,431940,1,9987208,19489
2,1,0,120,0,0,1831317012,7,500119,68729535,431940,1,9987208,19489
2,1,0,120,0,0,1907695289,1,500119,68729535,431940,1,9987208,19489
2,1,0,120,0,0,1918510595,5,500119,68729535,431940,1,9987208,19489
2,1,0,120,0,0,1954535726,4,500119,68729535,431940,1,9987208,19489
2,1,0,120,0,0,365348640,3,500119,68729535,431940,1,9987208,19489
2,1,0,120,0,0,478163327,0,500119,68729535,431940,1,9987208,19489
2,1,0,120,0,0,493581915,9,500119,68729535,431940,1,9987208,19489
2,1,0,120,0,0,742079273,8,500119,68729535,431940,1,9987208,19489
2,1,0,120,10,0,1071609720,2,500087,68842804,431940,1,9986120,21418
2,1,0,120,10,0,1701076604,6,500087,68842804,431940,1,9986120,21418
2,1,0,120,10,0,1831317012,7,500087,68842804,431940,1,9986120,21418
2,1,0,120,10,0,1907695289,1,500087,68842804,431940,1,9986120,21418
2,1,0,120,10,0,1918510595,5,500087,68842804,431940,1,9986120,21418
2,1,0,120,10,0,1954535726,4,500087,68842804,431940,1,9986120,21418
2,1,0,120,10,0,365348640,3,500087,68842804,431940,1,9986120,21418
2,1,0,120,10,0,478163327,0,500087,68842804,431940,1,9986120,21418
2,1,0,120,10,0,493581915,9,500087,68842804,431940,1,9986120,21418
2,1,0,120,10,0,742079273,8,500087,68842804,431940,1,9986120,21418
2,1,0,120,20,0,1071609720,2,500134,68859866,431940,1,9987205,21638
2,1,0,120,20,0,1701076604,6,500134,68859866,431940,1,9987205,21638
2,1,0,120,20,0,1831317012,7,500134,68859866,431940,1,9987205,21638
2,1,0,120,20,0,1907695289,1,500134,68859866,431940,1,9987205,21638
2,1,0,120,20,0,1918510595,5,500134,68859866,431940,1,9987205,21638
2,1,0,120,20,0,1954535726,4,500134,68859866,431940,1,9987205,21638
2,1,0,120,20,0,365348640,3,500134,68859866,431940,1,9987205,21638
2,1,0,120,20,0,478163327,0,500134,68859866,431940,1,9987205,21638
2,1,0,120,20,0,493581915,9,500134,68859866,431940,1,9987205,21638
2,1,0,120,20,0,742079273,8,500134,68859866,431940,1,9987205,21638
2,1,0,120,2,0,1071609720,2,500212,68833040,431940,1,9987479,19910
2,1,0,120,2,0,1701076604,6,500212,68833040,431940,1,9987479,19910
2,1,0,120,2,0,1831317012,7,500212,68833040,431940,1,9987479,19910
2,1,0,120,2,0,1907695289,1,500212,68833040,431940,1,9987479,19910
2,1,0,120,2,0,1918510595,5,500212,68833040,431940,1,9987479,19910
2,1,0,120,2,0,1954535726,4,500212,68833040,431940,1,9987479,19910
2,1,0,120,2,0,365348640,3,500212,68833040,431940,1,9987479,19910
2,1,0,120,2,0,478163327,0,500212,68833040,431940,1,9987479,19910
2,1,0,120,2,0,493581915,9,500212,68833040,431940,1,9987479,19910
2,1,0,120,2,0,742079273,8,500212,68833040,431940,1,9987479,19910
2,1,0,120,30,0,1071609720,2,500615,68814802,431940,1,9986123,19270
2,1,0,120,30,0,1701076604,6,500615,68814802,431940,1,9986123,19270
2,1,0,120,30,0,1831317012,7,500615,68814802,431940,1,9986123,19270
2,1,0,120,30,0,1907695289,1,500615,68814802,431940,1,9986123,19270
2,1,0,120,30,0,1918510595,5,500615,68814802,431940,1,9986123,19270
2,1,0,120,30,0,1954535726,4,500615,68814802,431940,1,9986123,19270
2,1,0,120,30,0,365348640,3,500615,68814802,431940,1,9986123,19270
2,1,0,120,30,0,478163327,0,500615,68814802,431940,1,9986123,19270
2,1,0,120,30,0,493581915,9,500615,68814802,431940,1,9986123,19270
2,1,0,120,30,0,742079273,8,500615,68814802,431940,1,9986123,19270
2,1,0,120,5,0,1071609720,2,500465,68829396,431940,1,9986395,17378
2,1,0,120,5,0,1701076604,6,500465,68829396,431940,1,9986395,17378
2,1,0,120,5,0,1831317012,7,500465,68829396,431940,1,9986395,17378
2,1,0,120,5,0,1907695289,1,500465,68829396,431940,1,9986395,17378
2,1,0,120,5,0,1918510595,5,500465,68829396,431940,1,9986395,17378
2,1,0,120,5,0,1954535726,4,500465,68829396,431940,1,9986395,17378
2,1,0,120,5,0,365348640,3,500465,68829396,431940,1,9986395,17378
2,1,0,120,5,0,478163327,0,500465,68829396,431940,1,9986395,17378
2,1,0,120,5,0,493581915,9,500465,68829396,431940,1,9986395,17378
2,1,0,120,5,0,742079273,8,500465,68829396,431940,1,9986395,17378
2,1,0,30,0,0,1071609720,2,500510,68728317,431940,1,9987208,17369
2,1,0,30,0,0,1701076604,6,500510,68728317,431940,1,9987208,17369
2,1,0,30,0,0,1831317012,7,500510,68728317,431940,1,9987208,17369
2,1,0,30,0,0,1907695289,1,500510,68728317,431940,1,9987208,17369
2,1,0,30,0,0,1918510595,5,500510,68728317,431940,1,9987208,17369
2,1,0,30,0,0,1954535726,4,500510,68728317,431940,1,9987208,17369
2,1,0,30,0,0,365348640,3,500510,68728317,431940,1,9987208,17369
2,1,0,30,0,0,478163327,0,500510,68728317,431940,1,9987208,17369
2,1,0,30,0,0,493581915,9,500510,68728317,431940,1,9987208,17369
2,1,0,30,0,0,742079273,8,500510,68728317,431940,1,9987208,17369
2,1,0,30,10,0,1071609720,2,500174,68778197,431940,1,9987205,16455
2,1,0,30,10,0,1701076604,6,500174,68778197,431940,1,9987205,16455
2,1,0,30,10,0,1831317012,7,500174,68778197,431940,1,9987205,16455
2,1,0,30,10,0,1907695289,1,500174,68778197,431940,1,9987205,16455
2,1,0,30,10,0,1918510595,5,500174,68778197,431940,1,9987205,16455
2,1,0,30,10,0,1954535726,4,500174,68778197,431940,1,9987205,16455
2,1,0,30,10,0,365348640,3,500174,68778197,431940,1,9987205,16455
2,1,0,30,10,0,478163327,0,500174,68778197,431940,1,9987205,16455
2,1,0,30,10,0,493581915,9,500174,68778197,431940,1,9987205,16455
2,1,0,30,10,0,742079273,8,500174,68778197,431940,1,9987205,16455
2,1,0,30,20,0,1071609720,2,500756,68824497,431940,1,9987479,21455
2,1,0,30,20,0,1701076604,6,500756,68824497,431940,1,9987479,21455
2,1,0,30,20,0,1831317012,7,500756,68824497,431940,1,9987479,21455
2,1,0,30,20,0,1907695289,1,500756,68824497,431940,1,9987479,21455
2,1,0,30,20,0,1918510595,5,500756,68824497,431940,1,9987479,21455
2,1,0,30,20,0,1954535726,4,500756,68824497,431940,1,9987479,21455
2,1,0,30,20,0,365348640,3,500756,68824497,431940,1,9987479,21455
2,1,0,30,20,0,478163327,0,500756,68824497,431940,1,9987479,21455
2,1,0,30,20,0,493581915,9,500756,68824497,431940,1,9987479,21455
2,1,0,30,20,0,742079273,8,500756,68824497,431940,1,9987479,21455
2,1,0,30,2,0,1071609720,2,500745,68817204,431940,1,9985854,19893
2,1,0,30,2,0,1701076604,6,500745,68817204,431940,1,9985854,19893
2,1,0,30,2,0,1831317012,7,500745,68817204,431940,1,9985854,19893
2,1,0,30,2,0,1907695289,1,500745,68817204,431940,1,9985854,19893
2,1,0,30,2,0,1918510595,5,500745,68817204,431940,1,9985854,19893
2,1,0,30,2,0,1954535726,4,500745,68817204,431940,1,9985854,19893
2,1,0,30,2,0,365348640,3,500745,68817204,431940,1,9985854,19893
2,1,0,30,2,0,478163327,0,500745,68817204,431940,1,9985854,19893
2,1,0,30,2,0,493581915,9,500745,68817204,431940,1,9985854,19893
2,1,0,30,2,0,742079273,8,500745,68817204,431940,1,9985854,19893
2,1,0,30,30,0,1071609720,2,0,24038972,27544,0,3515788,8073
2,1,0,30,30,0,1701076604,6,0,24038972,27544,0,3515788,8073
2,1,0,30,30,0,1831317012,7,0,24038972,27544,0,3515788,8073
2,1,0,30,30,0,1907695289,1,0,24038972,27544,0,3515788,8073
2,1,0,30,30,0,1918510595,5,0,24038972,27544,0,3515788,8073
2,1,0,30,30,0,1954535726,4,0,24038972,27544,0,3515788,8073
2,1,0,30,30,0,365348640,3,0,24038972,27544,0,3515788,8073
2,1,0,30,30,0,478163327,0,0,24038972,27544,0,3515788,8073
2,1,0,30,30,0,493581915,9,0,24038972,27544,0,3515788,8073
2,1,0,30,30,0,742079273,8,0,24038972,27544,0,3515788,8073
2,1,0,30,5,0,1071609720,2,500006,68824535,431940,1,9986125,19191
2,1,0,30,5,0,1701076604,6,500006,68824535,431940,1,9986125,19191
2,1,0,30,5,0,1831317012,7,500006,68824535,431940,1,9986125,19191
2,1,0,30,5,0,1907695289,1,500006,68824535,431940,1,9986125,19191
2,1,0,30,5,0,1918510595,5,500006,68824535,431940,1,9986125,19191
2,1,0,30,5,0,1954535726,4,500006,68824535,431940,1,9986125,19191
2,1,0,30,5,0,365348640,3,500006,68824535,431940,1,9986125,19191
2,1,0,30,5,0,478163327,0,500006,68824535,431940,1,9986125,19191
2,1,0,30,5,0,493581915,9,500006,68824535,431940,1,9986125,19191
2,1,0,30,5,0,742079273,8,500006,68824535,431940,1,9986125,19191
2,1,0,60,0,0,1071609720,2,500626,68792903,431940,1,9987476,19926
2,1,0,60,0,0,1701076604,6,500626,68792903,431940,1,9987476,19926
2,1,0,60,0,0,1831317012,7,500626,68792903,431940,1,9987476,19926
2,1,0,60,0,0,1907695289,1,500626,68792903,431940,1,9987476,19926
2,1,0,60,0,0,1918510595,5,500626,68792903,431940,1,9987476,19926
2,1,0,60,0,0,1954535726,4,500626,68792903,431940,1,9987476,19926
2,1,0,60,0,0,365348640,3,500626,68792903,431940,1,9987476,19926
2,1,0,60,0,0,478163327,0,500626,68792903,431940,1,9987476,19926
2,1,0,60,0,0,493581915,9,500626,68792903,431940,1,9987476,19926
2,1,0,60,0,0,742079273,8,500626,68792903,431940,1,9987476,19926
2,1,0,60,10,0,1071609720,2,500241,68815961,431940,1,9986937,22011
2,1,0,60,10,0,1701076604,6,500241,68815961,431940,1,9986937,22011
2,1,0,60,10,0,1831317012,7,500241,68815961,431940,1,9986937,22011
2,1,0,60,10,0,1907695289,1,500241,68815961,431940,1,9986937,22011
2,1,0,60,10,0,1918510595,5,500241,68815961,431940,1,9986937,22011
2,1,0,60,10,0,1954535726,4,500241,68815961,431940,1,9986937,22011
2,1,0,60,10,0,365348640,3,500241,68815961,431940,1,9986937,22011
2,1,0,60,10,0,478163327,0,500241,68815961,431940,1,9986937,22011
2,1,0,60,10,0,493581915,9,500241,68815961,431940,1,9986937,22011
2,1,0,60,10,0,742079273,8,500241,68815961,431940,1,9986937,22011
2,1,0,60,20,0,1071609720,2,500147,68823349,431940,1,9987479,21651
2,1,0,60,20,0,1701076604,6,500147,68823349,431940,1,9987479,21651
2,1,0,60,20,0,1831317012,7,500147,68823349,431940,1,9987479,21651
2,1,0,60,20,0,1907695289,1,500147,68823349,431940,1,9987479,21651
2,1,0,60,20,0,1918510595,5,500147,68823349,431940,1,9987479,21651
2,1,0,60,20,0,1954535726,4,500147,68823349,431940,1,9987479,21651
2,1,0,60,20,0,365348640,3,500147,68823349,431940,1,9987479,21651
2,1,0,60,20,0,478163327,0,500147,68823349,431940,1,9987479,21651
2,1,0,60,20,0,493581915,9,500147,68823349,431940,1,9987479,21651
2,1,0,60,20,0,742079273,8,500147,68823349,431940,1,9987479,21651
2,1,0,60,2,0,1071609720,2,500478,68848908,431940,1,9987205,18943
2,1,0,60,2,0,1701076604,6,500478,68848908,431940,1,9987205,18943
2,1,0,60,2,0,1831317012,7,500478,68848908,431940,1,9987205,18943
2,1,0,60,2,0,1907695289,1,500478,68848908,431940,1,9987205,18943
2,1,0,60,2,0,1918510595,5,500478,68848908,431940,1,9987205,18943
2,1,0,60,2,0,1954535726,4,500478,68848908,431940,1,9987205,18943
2,1,0,60,2,0,365348640,3,500478,68848908,431940,1,9987205,18943
2,1,0,60,2,0,478163327,0,500478,68848908,431940,1,9987205,18943
2,1,0,60,2,0,493581915,9,500478,68848908,431940,1,9987205,18943
2,1,0,60,2,0,742079273,8,500478,68848908,431940,1,9987205,18943
2,1,0,60,30,0,1071609720,2,500018,68813573,431940,1,9986124,21319
2,1,0,60,30,0,1701076604,6,500018,68813573,431940,1,9986124,21319
2,1,0,60,30,0,1831317012,7,500018,68813573,431940,1,9986124,21319
2,1,0,60,30,0,1907695289,1,500018,68813573,431940,1,9986124,21319
2,1,0,60,30,0,1918510595,5,500018,68813573,431940,1,9986124,21319
2,1,0,60,30,0,1954535726,4,500018,68813573,431940,1,9986124,21319
2,1,0,60,30,0,365348640,3,500018,68813573,431940,1,9986124,21319
2,1,0,60,30,0,478163327,0,500018,68813573,431940,1,9986124,21319
2,1,0,60,30,0,493581915,9,500018,68813573,431940,1,9986124,21319
2,1,0,60,30,0,742079273,8,500018,68813573,431940,1,9986124,21319
2,1,0,60,5,0,1071609720,2,500708,68829430,431940,1,9987208,17690
2,1,0,60,5,0,1701076604,6,500708,68829430,431940,1,9987208,17690
2,1,0,60,5,0,1831317012,7,500708,68829430,431940,1,9987208,17690
2,1,0,60,5,0,1907695289,1,500708,68829430,431940,1,9987208,17690
2,1,0,60,5,0,1918510595,5,500708,68829430,431940,1,9987208,17690
2,1,0,60,5,0,1954535726,4,500708,68829430,431940,1,9987208,17690
2,1,0,60,5,0,365348640,3,500708,68829430,431940,1,9987208,17690
2,1,0,60,5,0,478163327,0,500708,68829430,431940,1,9987208,17690
2,1,0,60,5,0,493581915,9,500708,68829430,431940,1,9987208,17690
2,1,0,60,5,0,742079273,8,500708,68829430,431940,1,9987208,17690
2,1,2,120,0,0,1071609720,2,500119,19455083,761216,1,3060497,4237
2,1,2,120,0,0,1701076604,6,500119,19455083,761216,1,3060497,4237
2,1,2,120,0,0,1831317012,7,500119,19455083,761216,1,3060497,4237
2,1,2,120,0,0,1907695289,1,500119,19455083,761216,1,3060497,4237
2,1,2,120,0,0,1918510595,5,500119,19455083,761216,1,3060497,4237
2,1,2,120,0,0,1954535726,4,500119,19455083,761216,1,3060497,4237
2,1,2,120,0,0,365348640,3,500119,19455083,761216,1,3060497,4237
2,1,2,120,0,0,478163327,0,500119,19455083,761216,1,3060497,4237
2,1,2,120,0,0,493581915,9,500119,19455083,761216,1,3060497,4237
2,1,2,120,0,0,742079273,8,500119,19455083,761216,1,3060497,4237
2,1,2,120,10,0,1071609720,2,500087,19791114,431940,1,3013596,23351
2,1,2,120,10,0,1701076604,6,500087,19791114,431940,1,3013596,23351
2,1,2,120,10,0,1831317012,7,500087,19791114,431940,1,3013596,23351
2,1,2,120,10,0,1907695289,1,500087,19791114,431940,1,3013596,23351
2,1,2,120,10,0,1918510595,5,500087,19791114,431940,1,3013596,23351
2,1,2,120,10,0,1954535726,4,500087,19791114,431940,1,3013596,23351
2,1,2,120,10,0,365348640,3,500087,19791114,431940,1,3013596,23351
2,1,2,120,10,0,478163327,0,500087,19791114,431940,1,3013596,23351
2,1,2,120,10,0,493581915,9,500087,19791114,431940,1,3013596,23351
2,1,2,120,10,0,742079273,8,500087,19791114,431940,1,3013596,23351
2,1,2,120,20,0,1071609720,2,500134,19797188,431940,1,3016038,23079
2,1,2,120,20,0,1701076604,6,500134,19797188,431940,1,3016038,23079
2,1,2,120,20,0,1831317012,7,500134,19797188,431940,1,3016038,23079
2,1,2,120,20,0,1907695289,1,500134,19797188,431940,1,3016038,23079
2,1,2,120,20,0,1918510595,5,500134,19797188,431940,1,3016038,23079
2,1,2,120,20,0,1954535726,4,500134,19797188,431940,1,3016038,23079
2,1,2,120,20,0,365348640,3,500134,19797188,431940,1,3016038,23079
2,1,2,120,20,0,478163327,0,500134,19797188,431940,1,3016038,23079
2,1,2,120,20,0,493581915,9,500134,19797188,431940,1,3016038,23079
2,1,2,120,20,0,742079273,8,500134,19797188,431940,1,3016038,23079
2,1,2,120,2,0,1071609720,2,500212,18347762,638520,1,3060823,4804
2,1,2,120,2,0,1701076604,6,500212,18347762,638520,1,3060823,4804
2,1,2,120,2,0,1831317012,7,500212,18347762,638520,1,3060823,4804
2,1,2,120,2,0,1907695289,1,500212,18347762,638520,1,3060823,4804
2,1,2,120,2,0,1918510595,5,500212,18347762,638520,1,3060823,4804
2,1,2,120,2,0,1954535726,4,500212,18347762,638520,1,3060823,4804
2,1,2,120,2,0,365348640,3,500212,18347762,638520,1,3060823,4804
2,1,2,120,2,0,478163327,0,500212,18347762,638520,1,3060823,4804
2,1,2,120,2,0,493581915,9,500212,18347762,638520,1,3060823,4804
2,1,2,120,2,0,742079273,8,500212,18347762,638520,1,3060823,4804
2,1,2,120,30,0,1071609720,2,500615,20494047,431940,1,3012945,23749
2,1,2,120,30,0,1701076604,6,500615,20494047,431940,1,3012945,23749
2,1,2,120,30,0,1831317012,7,500615,20494047,431940,1,3012945,23749
2,1,2,120,30,0,1907695289,1,500615,20494047,431940,1,3012945,23749
2,1,2,120,30,0,1918510595,5,500615,20494047,431940,1,3012945,23749
2,1,2,120,30,0,1954535726,4,500615,20494047,431940,1,3012945,23749
2,1,2,120,30,0,365348640,3,500615,20494047,431940,1,3012945,23749
2,1,2,120,30,0,478163327,0,500615,20494047,431940,1,3012945,23749
2,1,2,120,30,0,493581915,9,500615,20494047,431940,1,3012945,23749
2,1,2,120,30,0,742079273,8,500615,20494047,431940,1,3012945,23749
2,1,2,120,5,0,1071609720,2,500465,20333164,431940,1,3011858,26565
2,1,2,120,5,0,1701076604,6,500465,20333164,431940,1,3011858,26565
2,1,2,120,5,0,1831317012,7,500465,20333164,431940,1,3011858,26565
2,1,2,120,5,0,1907695289,1,500465,20333164,431940,1,3011858,26565
2,1,2,120,5,0,1918510595,5,500465,20333164,431940,1,3011858,26565
2,1,2,120,5,0,1954535726,4,500465,20333164,431940,1,3011858,26565
2,1,2,120,5,0,365348640,3,500465,20333164,431940,1,3011858,26565
2,1,2,120,5,0,478163327,0,500465,20333164,431940,1,3011858,26565
2,1,2,120,5,0,493581915,9,500465,20333164,431940,1,3011858,26565
2,1,2,120,5,0,742079273,8,500465,20333164,431940,1,3011858,26565
2,1,2,30,0,0,1071609720,2,500510,20817072,431940,1,3013360,31570
2,1,2,30,0,0,1701076604,6,500510,20817072,431940,1,3013360,31570
2,1,2,30,0,0,1831317012,7,500510,20817072,431940,1,3013360,31570
2,1,2,30,0,0,1907695289,1,500510,20817072,431940,1,3013360,31570
2,1,2,30,0,0,1918510595,5,500510,20817072,431940,1,3013360,31570
2,1,2,30,0,0,1954535726,4,500510,20817072,431940,1,3013360,31570
2,1,2,30,0,0,365348640,3,500510,20817072,431940,1,3013360,31570
2,1,2,30,0,0,478163327,0,500510,20817072,431940,1,3013360,31570
2,1,2,30,0,0,493581915,9,500510,20817072,431940,1,3013360,31570
2,1,2,30,0,0,742079273,8,500510,20817072,431940,1,3013360,31570
2,1,2,30,10,0,1071609720,2,500174,21018269,431940,1,3059949,6795
2,1,2,30,10,0,1701076604,6,500174,21018269,431940,1,3059949,6795
2,1,2,30,10,0,1831317012,7,500174,21018269,431940,1,3059949,6795
2,1,2,30,10,0,1907695289,1,500174,21018269,431940,1,3059949,6795
2,1,2,30,10,0,1918510595,5,500174,21018269,431940,1,3059949,6795
2,1,2,30,10,0,1954535726,4,500174,21018269,431940,1,3059949,6795
2,1,2,30,10,0,365348640,3,500174,21018269,431940,1,3059949,6795
2,1,2,30,10,0,478163327,0,500174,21018269,431940,1,3059949,6795
2,1,2,30,10,0,493581915,9,500174,21018269,431940,1,3059949,6795
2,1,2,30,10,0,742079273,8,500174,21018269,431940,1,3059949,6795
2,1,2,30,20,0,1071609720,2,500756,21028057,431940,1,3060217,6834
2,1,2,30,20,0,1701076604,6,500756,21028057,431940,1,3060217,6834
2,1,2,30,20,0,1831317012,7,500756,21028057,431940,1,3060217,6834
2,1,2,30,20,0,1907695289,1,500756,21028057,431940,1,3060217,6834
2,1,2,30,20,0,1918510595,5,500756,21028057,431940,1,3060217,6834
2,1,2,30,20,0,1954535726,4,500756,21028057,431940,1,3060217,6834
2,1,2,30,20,0,365348640,3,500756,21028057,431940,1,3060217,6834
2,1,2,30,20,0,478163327,0,500756,21028057,431940,1,3060217,6834
2,1,2,30,20,0,493581915,9,500756,21028057,431940,1,3060217,6834
2,1,2,30,20,0,742079273,8,500756,21028057,431940,1,3060217,6834
2,1,2,30,2,0,1071609720,2,500745,20480616,431940,1,3012401,22347
2,1,2,30,2,0,1701076604,6,500745,20480616,431940,1,3012401,22347
2,1,2,30,2,0,1831317012,7,500745,20480616,431940,1,3012401,22347
2,1,2,30,2,0,1907695289,1,500745,20480616,431940,1,3012401,22347
2,1,2,30,2,0,1918510595,5,500745,20480616,431940,1,3012401,22347
2,1,2,30,2,0,1954535726,4,500745,20480616,431940,1,3012401,22347
2,1,2,30,2,0,365348640,3,500745,20480616,431940,1,3012401,22347
2,1,2,30,2,0,478163327,0,500745,20480616,431940,1,3012401,22347
2,1,2,30,2,0,493581915,9,500745,20480616,431940,1,3012401,22347
2,1,2,30,2,0,742079273,8,500745,20480616,431940,1,3012401,22347
2,1,2,30,30,0,1071609720,2,0,3484659,41316,0,534017,5289
2,1,2,30,30,0,1701076604,6,0,3484659,41316,0,534017,5289
2,1,2,30,30,0,1831317012,7,0,3484659,41316,0,534017,5289
2,1,2,30,30,0,1907695289,1,0,3484659,41316,0,534017,5289
2,1,2,30,30,0,1918510595,5,0,3484659,41316,0,534017,5289
2,1,2,30,30,0,1954535726,4,0,3484659,41316,0,534017,5289
2,1,2,30,30,0,365348640,3,0,3484659,41316,0,534017,5289
2,1,2,30,30,0,478163327,0,0,3484659,41316,0,534017,5289
2,1,2,30,30,0,493581915,9,0,3484659,41316,0,534017,5289
2,1,2,30,30,0,742079273,8,0,3484659,41316,0,534017,5289
2,1,2,30,5,0,1071609720,2,500006,19770385,431940,1,3013326,24776
2,1,2,30,5,0,1701076604,6,500006,19770385,431940,1,3013326,24776
2,1,2,30,5,0,1831317012,7,500006,19770385,431940,1,3013326,24776
2,1,2,30,5,0,1907695289,1,500006,19770385,431940,1,3013326,24776
2,1,2,30,5,0,1918510595,5,500006,19770385,431940,1,3013326,24776
2,1,2,30,5,0,1954535726,4,500006,19770385,431940,1,3013326,24776
2,1,2,30,5,0,365348640,3,500006,19770385,431940,1,3013326,24776
2,1,2,30,5,0,478163327,0,500006,19770385,431940,1,3013326,24776
2,1,2,30,5,0,493581915,9,500006,19770385,431940,1,3013326,24776
2,1,2,30,5,0,742079273,8,500006,19770385,431940,1,3013326,24776
2,1,2,60,0,0,1071609720,2,500626,20818350,431940,1,3008501,26757
2,1,2,60,0,0,1701076604,6,500626,20818350,431940,1,3008501,26757
2,1,2,60,0,0,1831317012,7,500626,20818350,431940,1,3008501,26757
2,1,2,60,0,0,1907695289,1,500626,20818350,431940,1,3008501,26757
2,1,2,60,0,0,1918510595,5,500626,20818350,431940,1,3008501,26757
2,1,2,60,0,0,1954535726,4,500626,20818350,431940,1,3008501,26757
2,1,2,60,0,0,365348640,3,500626,20818350,431940,1,3008501,26757
2,1,2,60,0,0,478163327,0,500626,20818350,431940,1,3008501,26757
2,1,2,60,0,0,493581915,9,500626,20818350,431940,1,3008501,26757
2,1,2,60,0,0,742079273,8,500626,20818350,431940,1,3008501,26757
2,1,2,60,10,0,1071609720,2,500241,18553476,638520,1,3060814,5391
2,1,2,60,10,0,1701076604,6,500241,18553476,638520,1,3060814,5391
2,1,2,60,10,0,1831317012,7,500241,18553476,638520,1,3060814,5391
2,1,2,60,10,0,1907695289,1,500241,18553476,638520,1,3060814,5391
2,1,2,60,10,0,1918510595,5,500241,18553476,638520,1,3060814,5391
2,1,2,60,10,0,1954535726,4,500241,18553476,638520,1,3060814,5391
2,1,2,60,10,0,365348640,3,500241,18553476,638520,1,3060814,5391
2,1,2,60,10,0,478163327,0,500241,18553476,638520,1,3060814,5391
2,1,2,60,10,0,493581915,9,500241,18553476,638520,1,3060814,5391
2,1,2,60,10,0,742079273,8,500241,18553476,638520,1,3060814,5391
2,1,2,60,20,0,1071609720,2,500147,19732630,431940,1,3017669,24307
2,1,2,60,20,0,1701076604,6,500147,19732630,431940,1,3017669,24307
2,1,2,60,20,0,1831317012,7,500147,19732630,431940,1,3017669,24307
2,1,2,60,20,0,1907695289,1,500147,19732630,431940,1,3017669,24307
2,1,2,60,20,0,1918510595,5,500147,19732630,431940,1,3017669,24307
2,1,2,60,20,0,1954535726,4,500147,19732630,431940,1,3017669,24307
2,1,2,60,20,0,365348640,3,500147,19732630,431940,1,3017669,24307
2,1,2,60,20,0,478163327,0,500147,19732630,431940,1,3017669,24307
2,1,2,60,20,0,493581915,9,500147,19732630,431940,1,3017669,24307
2,1,2,60,20,0,742079273,8,500147,19732630,431940,1,3017669,24307
2,1,2,60,2,0,1071609720,2,500478,20352720,431940,1,3009422,24708
2,1,2,60,2,0,1701076604,6,500478,20352720,431940,1,3009422,24708
2,1,2,60,2,0,1831317012,7,500478,20352720,431940,1,3009422,24708
2,1,2,60,2,0,1907695289,1,500478,20352720,431940,1,3009422,24708
2,1,2,60,2,0,1918510595,5,500478,20352720,431940,1,3009422,24708
2,1,2,60,2,0,1954535726,4,500478,20352720,431940,1,3009422,24708
2,1,2,60,2,0,365348640,3,500478,20352720,431940,1,3009422,24708
2,1,2,60,2,0,478163327,0,500478,20352720,431940,1,3009422,24708
2,1,2,60,2,0,493581915,9,500478,20352720,431940,1,3009422,24708
2,1,2,60,2,0,742079273,8,500478,20352720,431940,1,3009422,24708
2,1,2,60,30,0,1071609720,2,500018,20330697,431940,1,3012134,22544
2,1,2,60,30,0,1701076604,6,500018,20330697,431940,1,3012134,22544
2,1,2,60,30,0,1831317012,7,500018,20330697,431940,1,3012134,22544
2,1,2,60,30,0,1907695289,1,500018,20330697,431940,1,3012134,22544
2,1,2,60,30,0,1918510595,5,500018,20330697,431940,1,3012134,22544
2,1,2,60,30,0,1954535726,4,500018,20330697,431940,1,3012134,22544
2,1,2,60,30,0,365348640,3,500018,20330697,431940,1,3012134,22544
2,1,2,60,30,0,478163327,0,500018,20330697,431940,1,3012134,22544
2,1,2,60,30,0,493581915,9,500018,20330697,431940,1,3012134,22544
2,1,2,60,30,0,742079273,8,500018,20330697,431940,1,3012134,22544
2,1,2,60,5,0,1071609720,2,500708,19738773,431940,1,3014952,24445
2,1,2,60,5,0,1701076604,6,500708,19738773,431940,1,3014952,24445
2,1,2,60,5,0,1831317012,7,500708,19738773,431940,1,3014952,24445
2,1,2,60,5,0,1907695289,1,500708,19738773,431940,1,3014952,24445
2,1,2,60,5,0,1918510595,5,500708,19738773,431940,1,3014952,24445
2,1,2,60,5,0,1954535726,4,500708,19738773,431940,1,3014952,24445
2,1,2,60,5,0,365348640,3,500708,19738773,431940,1,3014952,24445
2,1,2,60,5,0,478163327,0,500708,19738773,431940,1,3014952,24445
2,1,2,60,5,0,493581915,9,500708,19738773,431940,1,3014952,24445
2,1,2,60,5,0,742079273,8,500708,19738773,431940,1,3014952,24445
2,2,0,120,0,0,1071609720,2,2504129,68352442,437760,1,10110420,58400
2,2,0,120,0,0,1701076604,6,2504129,68352442,437760,1,10110420,58400
2,2,0,120,0,0,1831317012,7,2504129,68352442,437760,1,10110420,58400
2,2,0,120,0,0,1907695289,1,2504129,68352442,437760,1,10110420,58400
2,2,0,120,0,0,1918510595,5,2504129,68352442,437760,1,10110420,58400
2,2,0,120,0,0,1954535726,4,2504129,68352442,437760,1,10110420,58400
2,2,0,120,0,0,365348640,3,2504129,68352442,437760,1,10110420,58400
2,2,0,120,0,0,478163327,0,2504129,68352442,437760,1,10110420,58400
2,2,0,120,0,0,493581915,9,2504129,68352442,437760,1,10110420,58400
2,2,0,120,0,0,742079273,8,2504129,68352442,437760,1,10110420,58400
2,2,0,120,10,0,1071609720,2,1502075,69099407,437760,1,10106666,56920
2,2,0,120,10,0,1701076604,6,1502075,69099407,437760,1,10106666,56920
2,2,0,120,10,0,1831317012,7,1502075,69099407,437760,1,10106666,56920
2,2,0,120,10,0,1907695289,1,1502075,69099407,437760,1,10106666,56920
2,2,0,120,10,0,1918510595,5,1502075,69099407,437760,1,10106666,56920
2,2,0,120,10,0,1954535726,4,1502075,69099407,437760,1,10106666,56920
2,2,0,120,10,0,365348640,3,1502075,69099407,437760,1,10106666,56920
2,2,0,120,10,0,478163327,0,1502075,69099407,437760,1,10106666,56920
2,2,0,120,10,0,493581915,9,1502075,69099407,437760,1,10106666,56920
2,2,0,120,10,0,742079273,8,1502075,69099407,437760,1,10106666,56920
2,2,0,120,20,0,1071609720,2,1502563,69183644,437760,1,10106039,61675
2,2,0,120,20,0,1701076604,6,1502563,69183644,437760,1,10106039,61675
2,2,0,120,20,0,1831317012,7,1502563,69183644,437760,1,10106039,61675
2,2,0,120,20,0,1907695289,1,1502563,69183644,437760,1,10106039,61675
2,2,0,120,20,0,1918510595,5,1502563,69183644,437760,1,10106039,61675
2,2,0,120,20,0,1954535726,4,1502563,69183644,437760,1,10106039,61675
2,2,0,120,20,0,365348640,3,1502563,69183644,437760,1,10106039,61675
2,2,0,120,20,0,478163327,0,1502563,69183644,437760,1,10106039,61675
2,2,0,120,20,0,493581915,9,1502563,69183644,437760,1,10106039,61675
2,2,0,120,20,0,742079273,8,1502563,69183644,437760,1,10106039,61675
2,2,0,120,2,0,1071609720,2,2503651,68197391,437760,1,10110420,62103
2,2,0,120,2,0,1701076604,6,2503651,68197391,437760,1,10110420,62103
2,2,0,120,2,0,1831317012,7,2503651,68197391,437760,1,10110420,62103
2,2,0,120,2,0,1907695289,1,2503651,68197391,437760,1,10110420,62103
2,2,0,120,2,0,1918510595,5,2503651,68197391,437760,1,10110420,62103
2,2,0,120,2,0,1954535726,4,2503651,68197391,437760,1,10110420,62103
2,2,0,120,2,0,365348640,3,2503651,68197391,437760,1,10110420,62103
2,2,0,120,2,0,478163327,0,2503651,68197391,437760,1,10110420,62103
2,2,0,120,2,0,493581915,9,2503651,68197391,437760,1,10110420,62103
2,2,0,120,2,0,742079273,8,2503651,68197391,437760,1,10110420,62103
2,2,0,120,30,0,1071609720,2,3503947,67795273,437760,1,10106667,59069
2,2,0,120,30,0,1701076604,6,3503947,67795273,437760,1,10106667,59069
2,2,0,120,30,0,1831317012,7,3503947,67795273,437760,1,10106667,59069
2,2,0,120,30,0,1907695289,1,3503947,67795273,437760,1,10106667,59069
2,2,0,120,30,0,1918510595,5,3503947,67795273,437760,1,10106667,59069
2,2,0,120,30,0,1954535726,4,3503947,67795273,437760,1,10106667,59069
2,2,0,120,30,0,365348640,3,3503947,67795273,437760,1,10106667,59069
2,2,0,120,30,0,478163327,0,3503947,67795273,437760,1,10106667,59069
2,2,0,120,30,0,493581915,9,3503947,67795273,437760,1,10106667,59069
2,2,0,120,30,0,742079273,8,3503947,67795273,437760,1,10106667,59069
2,2,0,120,5,0,1071609720,2,2503836,68436815,437760,1,10110107,59938
2,2,0,120,5,0,1701076604,6,2503836,68436815,437760,1,10110107,59938
2,2,0,120,5,0,1831317012,7,2503836,68436815,437760,1,10110107,59938
2,2,0,120,5,0,1907695289,1,2503836,68436815,437760,1,10110107,59938
2,2,0,120,5,0,1918510595,5,2503836,68436815,437760,1,10110107,59938
2,2,0,120,5,0,1954535726,4,2503836,68436815,437760,1,10110107,59938
2,2,0,120,5,0,365348640,3,2503836,68436815,437760,1,10110107,59938
2,2,0,120,5,0,478163327,0,2503836,68436815,437760,1,10110107,59938
2,2,0,120,5,0,493581915,9,2503836,68436815,437760,1,10110107,59938
2,2,0,120,5,0,742079273,8,2503836,68436815,437760,1,10110107,59938
2,2,0,30,0,0,1071609720,2,1503257,68742454,437760,1,10105730,60291
2,2,0,30,0,0,1701076604,6,1503257,68742454,437760,1,10105730,60291
2,2,0,30,0,0,1831317012,7,1503257,68742454,437760,1,10105730,60291
2,2,0,30,0,0,1907695289,1,1503257,68742454,437760,1,10105730,60291
2,2,0,30,0,0,1918510595,5,1503257,68742454,437760,1,10105730,60291
2,2,0,30,0,0,1954535726,4,1503257,68742454,437760,1,10105730,60291
2,2,0,30,0,0,365348640,3,1503257,68742454,437760,1,10105730,60291
2,2,0,30,0,0,478163327,0,1503257,68742454,437760,1,10105730,60291
2,2,0,30,0,0,493581915,9,1503257,68742454,437760,1,10105730,60291
2,2,0,30,0,0,742079273,8,1503257,68742454,437760,1,10105730,60291
2,2,0,30,10,0,1071609720,2,1501071,69193467,437760,1,10107605,60876
2,2,0,30,10,0,1701076604,6,1501071,69193467,437760,1,10107605,60876
2,2,0,30,10,0,1831317012,7,1501071,69193467,437760,1,10107605,60876
2,2,0,30,10,0,1907695289,1,1501071,69193467,437760,1,10107605,60876
2,2,0,30,10,0,1918510595,5,1501071,69193467,437760,1,10107605,60876
2,2,0,30,10,0,1954535726,4,1501071,69193467,437760,1,10107605,60876
2,2,0,30,10,0,365348640,3,1501071,69193467,437760,1,10107605,60876
2,2,0,30,10,0,478163327,0,1501071,69193467,437760,1,10107605,60876
2,2,0,30,10,0,493581915,9,1501071,69193467,437760,1,10107605,60876
2,2,0,30,10,0,742079273,8,1501071,69193467,437760,1,10107605,60876
2,2,0,30,20,0,1071609720,2,1501450,69235646,437760,1,10108232,60441
2,2,0,30,20,0,1701076604,6,1501450,69235646,437760,1,10108232,60441
2,2,0,30,20,0,1831317012,7,1501450,69235646,437760,1,10108232,60441
2,2,0,30,20,0,1907695289,1,1501450,69235646,437760,1,10108232,60441
2,2,0,30,20,0,1918510595,5,1501450,69235646,437760,1,10108232,60441
2,2,0,30,20,0,1954535726,4,1501450,69235646,437760,1,10108232,60441
2,2,0,30,20,0,365348640,3,1501450,69235646,437760,1,10108232,60441
2,2,0,30,20,0,478163327,0,1501450,69235646,437760,1,10108232,60441
2,2,0,30,20,0,493581915,9,1501450,69235646,437760,1,10108232,60441
2,2,0,30,20,0,742079273,8,1501450,69235646,437760,1,10108232,60441
2,2,0,30,2,0,1071609720,2,1500532,69210380,437760,1,10107607,57498
2,2,0,30,2,0,1701076604,6,1500532,69210380,437760,1,10107607,57498
2,2,0,30,2,0,1831317012,7,1500532,69210380,437760,1,10107607,57498
2,2,0,30,2,0,1907695289,1,1500532,69210380,437760,1,10107607,57498
2,2,0,30,2,0,1918510595,5,1500532,69210380,437760,1,10107607,57498
2,2,0,30,2,0,1954535726,4,1500532,69210380,437760,1,10107607,57498
2,2,0,30,2,0,365348640,3,1500532,69210380,437760,1,10107607,57498
2,2,0,30,2,0,478163327,0,1500532,69210380,437760,1,10107607,57498
2,2,0,30,2,0,493581915,9,1500532,69210380,437760,1,10107607,57498
2,2,0,30,2,0,742079273,8,1500532,69210380,437760,1,10107607,57498
2,2,0,30,30,0,1071609720,2,1500836,69083844,437760,1,10108546,60792
2,2,0,30,30,0,1701076604,6,1500836,69083844,437760,1,10108546,60792
2,2,0,30,30,0,1831317012,7,1500836,69083844,437760,1,10108546,60792
2,2,0,30,30,0,1907695289,1,1500836,69083844,437760,1,10108546,60792
2,2,0,30,30,0,1918510595,5,1500836,69083844,437760,1,10108546,60792
2,2,0,30,30,0,1954535726,4,1500836,69083844,437760,1,10108546,60792
2,2,0,30,30,0,365348640,3,1500836,69083844,437760,1,10108546,60792
2,2,0,30,30,0,478163327,0,1500836,69083844,437760,1,10108546,60792
2,2,0,30,30,0,493581915,9,1500836,69083844,437760,1,10108546,60792
2,2,0,30,30,0,742079273,8,1500836,69083844,437760,1,10108546,60792
2,2,0,30,5,0,1071609720,2,2503257,68234463,437760,1,10111669,58239
2,2,0,30,5,0,1701076604,6,2503257,68234463,437760,1,10111669,58239
2,2,0,30,5,0,1831317012,7,2503257,68234463,437760,1,10111669,58239
2,2,0,30,5,0,1907695289,1,2503257,68234463,437760,1,10111669,58239
2,2,0,30,5,0,1918510595,5,2503257,68234463,437760,1,10111669,58239
2,2,0,30,5,0,1954535726,4,2503257,68234463,437760,1,10111669,58239
2,2,0,30,5,0,365348640,3,2503257,68234463,437760,1,10111669,58239
2,2,0,30,5,0,478163327,0,2503257,68234463,437760,1,10111669,58239
2,2,0,30,5,0,493581915,9,2503257,68234463,437760,1,10111669,58239
2,2,0,30,5,0,742079273,8,2503257,68234463,437760,1,10111669,58239
2,2,0,60,0,0,1071609720,2,2503448,68197751,437760,1,10106667,65171
2,2,0,60,0,0,1701076604,6,2503448,68197751,437760,1,10106667,65171
2,2,0,60,0,0,1831317012,7,2503448,68197751,437760,1,10106667,65171
2,2,0,60,0,0,1907695289,1,2503448,68197751,437760,1,10106667,65171
2,2,0,60,0,0,1918510595,5,2503448,68197751,437760,1,10106667,65171
2,2,0,60,0,0,1954535726,4,2503448,68197751,437760,1,10106667,65171
2,2,0,60,0,0,365348640,3,2503448,68197751,437760,1,10106667,65171
2,2,0,60,0,0,478163327,0,2503448,68197751,437760,1,10106667,65171
2,2,0,60,0,0,493581915,9,2503448,68197751,437760,1,10106667,65171
2,2,0,60,0,0,742079273,8,2503448,68197751,437760,1,10106667,65171
2,2,0,60,10,0,1071609720,2,1501740,69210362,437760,1,10108230,64441
2,2,0,60,10,0,1701076604,6,1501740,69210362,437760,1,10108230,64441
2,2,0,60,10,0,1831317012,7,1501740,69210362,437760,1,10108230,64441
2,2,0,60,10,0,1907695289,1,1501740,69210362,437760,1,10108230,64441
2,2,0,60,10,0,1918510595,5,1501740,69210362,437760,1,10108230,64441
2,2,0,60,10,0,1954535726,4,1501740,69210362,437760,1,10108230,64441
2,2,0,60,10,0,365348640,3,1501740,69210362,437760,1,10108230,64441
2,2,0,60,10,0,478163327,0,1501740,69210362,437760,1,10108230,64441
2,2,0,60,10,0,493581915,9,1501740,69210362,437760,1,10108230,64441
2,2,0,60,10,0,742079273,8,1501740,69210362,437760,1,10108230,64441
2,2,0,60,20,0,1071609720,2,1502186,69203273,437760,1,10104788,61385
2,2,0,60,20,0,1701076604,6,1502186,69203273,437760,1,10104788,61385
2,2,0,60,20,0,1831317012,7,1502186,69203273,437760,1,10104788,61385
2,2,0,60,20,0,1907695289,1,1502186,69203273,437760,1,10104788,61385
2,2,0,60,20,0,1918510595,5,1502186,69203273,437760,1,10104788,61385
2,2,0,60,20,0,1954535726,4,1502186,69203273,437760,1,10104788,61385
2,2,0,60,20,0,365348640,3,1502186,69203273,437760,1,10104788,61385
2,2,0,60,20,0,478163327,0,1502186,69203273,437760,1,10104788,61385
2,2,0,60,20,0,493581915,9,1502186,69203273,437760,1,10104788,61385
2,2,0,60,20,0,742079273,8,1502186,69203273,437760,1,10104788,61385
2,2,0,60,2,0,1071609720,2,2501747,68077985,437760,1,10108230,55591
2,2,0,60,2,0,1701076604,6,2501747,68077985,437760,1,10108230,55591
2,2,0,60,2,0,1831317012,7,2501747,68077985,437760,1,10108230,55591
2,2,0,60,2,0,1907695289,1,2501747,68077985,437760,1,10108230,55591
2,2,0,60,2,0,1918510595,5,2501747,68077985,437760,1,10108230,55591
2,2,0,60,2,0,1954535726,4,2501747,68077985,437760,1,10108230,55591
2,2,0,60,2,0,365348640,3,2501747,68077985,437760,1,10108230,55591
2,2,0,60,2,0,478163327,0,2501747,68077985,437760,1,10108230,55591
2,2,0,60,2,0,493581915,9,2501747,68077985,437760,1,10108230,55591
2,2,0,60,2,0,742079273,8,2501747,68077985,437760,1,10108230,55591
2,2,0,60,30,0,1071609720,2,3502199,67762974,437760,1,10107292,61538
2,2,0,60,30,0,1701076604,6,3502199,67762974,437760,1,10107292,61538
2,2,0,60,30,0,1831317012,7,3502199,67762974,437760,1,10107292,61538
2,2,0,60,30,0,1907695289,1,3502199,67762974,437760,1,10107292,61538
2,2,0,60,30,0,1918510595,5,3502199,67762974,437760,1,10107292,61538
2,2,0,60,30,0,1954535726,4,3502199,67762974,437760,1,10107292,61538
2,2,0,60,30,0,365348640,3,3502199,67762974,437760,1,10107292,61538
2,2,0,60,30,0,478163327,0,3502199,67762974,437760,1,10107292,61538
2,2,0,60,30,0,493581915,9,3502199,67762974,437760,1,10107292,61538
2,2,0,60,30,0,742079273,8,3502199,67762974,437760,1,10107292,61538
2,2,0,60,5,0,1071609720,2,2500992,68299369,437760,1,10107917,60088
2,2,0,60,5,0,1701076604,6,2500992,68299369,437760,1,10107917,60088
2,2,0,60,5,0,1831317012,7,2500992,68299369,437760,1,10107917,60088
2,2,0,60,5,0,1907695289,1,2500992,68299369,437760,1,10107917,60088
2,2,0,60,5,0,1918510595,5,2500992,68299369,437760,1,10107917,60088
2,2,0,60,5,0,1954535726,4,2500992,68299369,437760,1,10107917,60088
2,2,0,60,5,0,365348640,3,2500992,68299369,437760,1,10107917,60088
2,2,0,60,5,0,478163327,0,2500992,68299369,437760,1,10107917,60088
2,2,0,60,5,0,493581915,9,2500992,68299369,437760,1,10107917,60088
2,2,0,60,5,0,742079273,8,2500992,68299369,437760,1,10107917,60088
2,2,1,120,0,0,1071609720,2,2503279,67842411,437760,1,10130397,56478
2,2,1,120,0,0,1701076604,6,2503279,67842411,437760,1,10130397,56478
2,2,1,120,0,0,1831317012,7,2503279,67842411,437760,1,10130397,56478
2,2,1,120,0,0,1907695289,1,2503279,67842411,437760,1,10130397,56478
2,2,1,120,0,0,1918510595,5,2503279,67842411,437760,1,10130397,56478
2,2,1,120,0,0,1954535726,4,2503279,67842411,437760,1,10130397,56478
2,2,1,120,0,0,365348640,3,2503279,67842411,437760,1,10130397,56478
2,2,1,120,0,0,478163327,0,2503279,67842411,437760,1,10130397,56478
2,2,1,120,0,0,493581915,9,2503279,67842411,437760,1,10130397,56478
2,2,1,120,0,0,742079273,8,2503279,67842411,437760,1,10130397,56478
2,2,1,120,10,0,1071609720,2,1501850,68254497,437760,1,10125710,55871
2,2,1,120,10,0,1701076604,6,1501850,68254497,437760,1,10125710,55871
2,2,1,120,10,0,1831317012,7,1501850,68254497,437760,1,10125710,55871
2,2,1,120,10,0,1907695289,1,1501850,68254497,437760,1,10125710,55871
2,2,1,120,10,0,1918510595,5,1501850,68254497,437760,1,10125710,55871
2,2,1,120,10,0,1954535726,4,1501850,68254497,437760,1,10125710,55871
2,2,1,120,10,0,365348640,3,1501850,68254497,437760,1,10125710,55871
2,2,1,120,10,0,478163327,0,1501850,68254497,437760,1,10125710,55871
2,2,1,120,10,0,493581915,9,1501850,68254497,437760,1,10125710,55871
2,2,1,120,10,0,742079273,8,1501850,68254497,437760,1,10125710,55871
2,2,1,120,20,0,1071609720,2,1502276,68487904,437760,1,10024501,538049
2,2,1,120,20,0,1701076604,6,1502276,68487904,437760,1,10024501,538049
2,2,1,120,20,0,1831317012,7,1502276,68487904,437760,1,10024501,538049
2,2,1,120,20,0,1907695289,1,1502276,68487904,437760,1,10024501,538049
2,2,1,120,20,0,1918510595,5,1502276,68487904,437760,1,10024501,538049
2,2,1,120,20,0,1954535726,4,1502276,68487904,437760,1,10024501,538049
2,2,1,120,20,0,365348640,3,1502276,68487904,437760,1,10024501,538049
2,2,1,120,20,0,478163327,0,1502276,68487904,437760,1,10024501,538049
2,2,1,120,20,0,493581915,9,1502276,68487904,437760,1,10024501,538049
2,2,1,120,20,0,742079273,8,1502276,68487904,437760,1,10024501,538049
2,2,1,120,2,0,1071609720,2,3504223,67250583,437760,1,10126335,58051
2,2,1,120,2,0,1701076604,6,3504223,67250583,437760,1,10126335,58051
2,2,1,120,2,0,1831317012,7,3504223,67250583,437760,1,10126335,58051
2,2,1,120,2,0,1907695289,1,3504223,67250583,437760,1,10126335,58051
2,2,1,120,2,0,1918510595,5,3504223,67250583,437760,1,10126335,58051
2,2,1,120,2,0,1954535726,4,3504223,67250583,437760,1,10126335,58051
2,2,1,120,2,0,365348640,3,3504223,67250583,437760,1,10126335,58051
2,2,1,120,2,0,478163327,0,3504223,67250583,437760,1,10126335,58051
2,2,1,120,2,0,493581915,9,3504223,67250583,437760,1,10126335,58051
2,2,1,120,2,0,742079273,8,3504223,67250583,437760,1,10126335,58051
2,2,1,120,30,0,1071609720,2,3503228,66809073,437760,1,10029802,551329
2,2,1,120,30,0,1701076604,6,3503228,66809073,437760,1,10029802,551329
2,2,1,120,30,0,1831317012,7,3503228,66809073,437760,1,10029802,551329
2,2,1,120,30,0,1907695289,1,3503228,66809073,437760,1,10029802,551329
2,2,1,120,30,0,1918510595,5,3503228,66809073,437760,1,10029802,551329
2,2,1,120,30,0,1954535726,4,3503228,66809073,437760,1,10029802,551329
2,2,1,120,30,0,365348640,3,3503228,66809073,437760,1,10029802,551329
2,2,1,120,30,0,478163327,0,3503228,66809073,437760,1,10029802,551329
2,2,1,120,30,0,493581915,9,3503228,66809073,437760,1,10029802,551329
2,2,1,120,30,0,742079273,8,3503228,66809073,437760,1,10029802,551329
2,2,1,120,5,0,1071609720,2,2503245,68296731,437760,1,10120078,53017
2,2,1,120,5,0,1701076604,6,2503245,68296731,437760,1,10120078,53017
2,2,1,120,5,0,1831317012,7,2503245,68296731,437760,1,10120078,53017
2,2,1,120,5,0,1907695289,1,2503245,68296731,437760,1,10120078,53017
2,2,1,120,5,0,1918510595,5,2503245,68296731,437760,1,10120078,53017
2,2,1,120,5,0,1954535726,4,2503245,68296731,437760,1,10120078,53017
2,2,1,120,5,0,365348640,3,2503245,68296731,437760,1,10120078,53017
2,2,1,120,5,0,478163327,0,2503245,68296731,437760,1,10120078,53017
2,2,1,120,5,0,493581915,9,2503245,68296731,437760,1,10120078,53017
2,2,1,120,5,0,742079273,8,2503245,68296731,437760,1,10120078,53017
2,2,1,30,0,0,1071609720,2,2503097,67675943,437760,1,10046750,618011
2,2,1,30,0,0,1701076604,6,2503097,67675943,437760,1,10046750,618011
2,2,1,30,0,0,1831317012,7,2503097,67675943,437760,1,10046750,618011
2,2,1,30,0,0,1907695289,1,2503097,67675943,437760,1,10046750,618011
2,2,1,30,0,0,1918510595,5,2503097,67675943,437760,1,10046750,618011
2,2,1,30,0,0,1954535726,4,2503097,67675943,437760,1,10046750,618011
2,2,1,30,0,0,365348640,3,2503097,67675943,437760,1,10046750,618011
2,2,1,30,0,0,478163327,0,2503097,67675943,437760,1,10046750,618011
2,2,1,30,0,0,493581915,9,2503097,67675943,437760,1,10046750,618011
2,2,1,30,0,0,742079273,8,2503097,67675943,437760,1,10046750,618011
2,2,1,30,10,0,1071609720,2,1501277,68728037,437760,1,10107256,40402
2,2,1,30,10,0,1701076604,6,1501277,68728037,437760,1,10107256,40402
2,2,1,30,10,0,1831317012,7,1501277,68728037,437760,1,10107256,40402
2,2,1,30,10,0,1907695289,1,1501277,68728037,437760,1,10107256,40402
2,2,1,30,10,0,1918510595,5,1501277,68728037,437760,1,10107256,40402
2,2,1,30,10,0,1954535726,4,1501277,68728037,437760,1,10107256,40402
2,2,1,30,10,0,365348640,3,1501277,68728037,437760,1,10107256,40402
2,2,1,30,10,0,478163327,0,1501277,68728037,437760,1,10107256,40402
2,2,1,30,10,0,493581915,9,1501277,68728037,437760,1,10107256,40402
2,2,1,30,10,0,742079273,8,1501277,68728037,437760,1,10107256,40402
2,2,1,30,20,0,1071609720,2,1501129,68455569,437760,1,10137906,60713
2,2,1,30,20,0,1701076604,6,1501129,68455569,437760,1,10137906,60713
2,2,1,30,20,0,1831317012,7,1501129,68455569,437760,1,10137906,60713
2,2,1,30,20,0,1907695289,1,1501129,68455569,437760,1,10137906,60713
2,2,1,30,20,0,1918510595,5,1501129,68455569,437760,1,10137906,60713
2,2,1,30,20,0,1954535726,4,1501129,68455569,437760,1,10137906,60713
2,2,1,30,20,0,365348640,3,1501129,68455569,437760,1,10137906,60713
2,2,1,30,20,0,478163327,0,1501129,68455569,437760,1,10137906,60713
2,2,1,30,20,0,493581915,9,1501129,68455569,437760,1,10137906,60713
2,2,1,30,20,0,742079273,8,1501129,68455569,437760,1,10137906,60713
2,2,1,30,2,0,1071609720,2,1500734,68579221,437760,1,10119453,49753
2,2,1,30,2,0,1701076604,6,1500734,68579221,437760,1,10119453,49753
2,2,1,30,2,0,1831317012,7,1500734,68579221,437760,1,10119453,49753
2,2,1,30,2,0,1907695289,1,1500734,68579221,437760,1,10119453,49753
2,2,1,30,2,0,1918510595,5,1500734,68579221,437760,1,10119453,49753
2,2,1,30,2,0,1954535726,4,1500734,68579221,437760,1,10119453,49753
2,2,1,30,2,0,365348640,3,1500734,68579221,437760,1,10119453,49753
2,2,1,30,2,0,478163327,0,1500734,68579221,437760,1,10119453,49753
2,2,1,30,2,0,493581915,9,1500734,68579221,437760,1,10119453,49753
2,2,1,30,2,0,742079273,8,1500734,68579221,437760,1,10119453,49753
2,2,1,30,30,0,1071609720,2,1500218,68330398,437760,1,10140407,61275
2,2,1,30,30,0,1701076604,6,1500218,68330398,437760,1,10140407,61275
2,2,1,30,30,0,1831317012,7,1500218,68330398,437760,1,10140407,61275
2,2,1,30,30,0,1907695289,1,1500218,68330398,437760,1,10140407,61275
2,2,1,30,30,0,1918510595,5,1500218,68330398,437760,1,10140407,61275
2,2,1,30,30,0,1954535726,4,1500218,68330398,437760,1,10140407,61275
2,2,1,30,30,0,365348640,3,1500218,68330398,437760,1,10140407,61275
2,2,1,30,30,0,478163327,0,1500218,68330398,437760,1,10140407,61275
2,2,1,30,30,0,493581915,9,1500218,68330398,437760,1,10140407,61275
2,2,1,30,30,0,742079273,8,1500218,68330398,437760,1,10140407,61275
2,2,1,30,5,0,1071609720,2,2503603,67838415,437760,1,10121954,53238
2,2,1,30,5,0,1701076604,6,2503603,67838415,437760,1,10121954,53238
2,2,1,30,5,0,1831317012,7,2503603,67838415,437760,1,10121954,53238
2,2,1,30,5,0,1907695289,1,2503603,67838415,437760,1,10121954,53238
2,2,1,30,5,0,1918510595,5,2503603,67838415,437760,1,10121954,53238
2,2,1,30,5,0,1954535726,4,2503603,67838415,437760,1,10121954,53238
2,2,1,30,5,0,365348640,3,2503603,67838415,437760,1,10121954,53238
2,2,1,30,5,0,478163327,0,2503603,67838415,437760,1,10121954,53238
2,2,1,30,5,0,493581915,9,2503603,67838415,437760,1,10121954,53238
2,2,1,30,5,0,742079273,8,2503603,67838415,437760,1,10121954,53238
2,2,1,60,0,0,1071609720,2,1502639,68159200,437760,1,9998300,579691
2,2,1,60,0,0,1701076604,6,1502639,68159200,437760,1,9998300,579691
2,2,1,60,0,0,1831317012,7,1502639,68159200,437760,1,9998300,579691
2,2,1,60,0,0,1907695289,1,1502639,68159200,437760,1,9998300,579691
2,2,1,60,0,0,1918510595,5,1502639,68159200,437760,1,9998300,579691
2,2,1,60,0,0,1954535726,4,1502639,68159200,437760,1,9998300,579691
2,2,1,60,0,0,365348640,3,1502639,68159200,437760,1,9998300,579691
2,2,1,60,0,0,478163327,0,1502639,68159200,437760,1,9998300,579691
2,2,1,60,0,0,493581915,9,1502639,68159200,437760,1,9998300,579691
2,2,1,60,0,0,742079273,8,1502639,68159200,437760,1,9998300,579691
2,2,1,60,10,0,1071609720,2,1502000,68396675,437760,1,10007989,695042
2,2,1,60,10,0,1701076604,6,1502000,68396675,437760,1,10007989,695042
2,2,1,60,10,0,1831317012,7,1502000,68396675,437760,1,10007989,695042
2,2,1,60,10,0,1907695289,1,1502000,68396675,437760,1,10007989,695042
2,2,1,60,10,0,1918510595,5,1502000,68396675,437760,1,10007989,695042
2,2,1,60,10,0,1954535726,4,1502000,68396675,437760,1,10007989,695042
2,2,1,60,10,0,365348640,3,1502000,68396675,437760,1,10007989,695042
2,2,1,60,10,0,478163327,0,1502000,68396675,437760,1,10007989,695042
2,2,1,60,10,0,493581915,9,1502000,68396675,437760,1,10007989,695042
2,2,1,60,10,0,742079273,8,1502000,68396675,437760,1,10007989,695042
2,2,1,60,20,0,1071609720,2,1502441,68506396,437760,1,10028925,521066
2,2,1,60,20,0,1701076604,6,1502441,68506396,437760,1,10028925,521066
2,2,1,60,20,0,1831317012,7,1502441,68506396,437760,1,10028925,521066
2,2,1,60,20,0,1907695289,1,1502441,68506396,437760,1,10028925,521066
2,2,1,60,20,0,1918510595,5,1502441,68506396,437760,1,10028925,521066
2,2,1,60,20,0,1954535726,4,1502441,68506396,437760,1,10028925,521066
2,2,1,60,20,0,365348640,3,1502441,68506396,437760,1,10028925,521066
2,2,1,60,20,0,478163327,0,1502441,68506396,437760,1,10028925,521066
2,2,1,60,20,0,493581915,9,1502441,68506396,437760,1,10028925,521066
2,2,1,60,20,0,742079273,8,1502441,68506396,437760,1,10028925,521066
2,2,1,60,2,0,1071609720,2,2502030,67532981,437760,1,10017046,517882
2,2,1,60,2,0,1701076604,6,2502030,67532981,437760,1,10017046,517882
2,2,1,60,2,0,1831317012,7,2502030,67532981,437760,1,10017046,517882
2,2,1,60,2,0,1907695289,1,2502030,67532981,437760,1,10017046,517882
2,2,1,60,2,0,1918510595,5,2502030,67532981,437760,1,10017046,517882
2,2,1,60,2,0,1954535726,4,2502030,67532981,437760,1,10017046,517882
2,2,1,60,2,0,365348640,3,2502030,67532981,437760,1,10017046,517882
2,2,1,60,2,0,478163327,0,2502030,67532981,437760,1,10017046,517882
2,2,1,60,2,0,493581915,9,2502030,67532981,437760,1,10017046,517882
2,2,1,60,2,0,742079273,8,2502030,67532981,437760,1,10017046,517882
2,2,1,60,30,0,1071609720,2,2501296,67556892,437760,1,10027051,578870
2,2,1,60,30,0,1701076604,6,2501296,67556892,437760,1,10027051,578870
2,2,1,60,30,0,1831317012,7,2501296,67556892,437760,1,10027051,578870
2,2,1,60,30,0,1907695289,1,2501296,67556892,437760,1,10027051,578870
2,2,1,60,30,0,1918510595,5,2501296,67556892,437760,1,10027051,578870
2,2,1,60,30,0,1954535726,4,2501296,67556892,437760,1,10027051,578870
2,2,1,60,30,0,365348640,3,2501296,67556892,437760,1,10027051,578870
2,2,1,60,30,0,478163327,0,2501296,67556892,437760,1,10027051,578870
2,2,1,60,30,0,493581915,9,2501296,67556892,437760,1,10027051,578870
2,2,1,60,30,0,742079273,8,2501296,67556892,437760,1,10027051,578870
2,2,1,60,5,0,1071609720,2,1501286,68591678,437760,1,10101943,36099
2,2,1,60,5,0,1701076604,6,1501286,68591678,437760,1,10101943,36099
2,2,1,60,5,0,1831317012,7,1501286,68591678,437760,1,10101943,36099
2,2,1,60,5,0,1907695289,1,1501286,68591678,437760,1,10101943,36099
2,2,1,60,5,0,1918510595,5,1501286,68591678,437760,1,10101943,36099
2,2,1,60,5,0,1954535726,4,1501286,68591678,437760,1,10101943,36099
2,2,1,60,5,0,365348640,3,1501286,68591678,437760,1,10101943,36099
2,2,1,60,5,0,478163327,0,1501286,68591678,437760,1,10101943,36099
2,2,1,60,5,0,493581915,9,1501286,68591678,437760,1,10101943,36099
2,2,1,60,5,0,742079273,8,1501286,68591678,437760,1,10101943,36099
3,0,1,120,0,0,1071609720,2,0,49204538,161508,0,7350722,17083
3,0,1,120,0,0,1701076604,6,0,49204538,161508,0,7350722,17083
3,0,1,120,0,0,1831317012,7,0,49204538,161508,0,7350722,17083
3,0,1,120,0,0,1907695289,1,0,49204538,161508,0,7350722,17083
3,0,1,120,0,0,1918510595,5,0,49204538,161508,0,7350722,17083
3,0,1,120,0,0,1954535726,4,0,49204538,161508,0,7350722,17083
3,0,1,120,0,0,365348640,3,0,49204538,161508,0,7350722,17083
3,0,1,120,0,0,478163327,0,0,49204538,161508,0,7350722,17083
3,0,1,120,0,0,493581915,9,0,49204538,161508,0,7350722,17083
3,0,1,120,0,0,742079273,8,0,49204538,161508,0,7350722,17083
3,0,1,120,10,0,1071609720,2,0,47292651,157752,0,7185688,67326
3,0,1,120,10,0,1701076604,6,0,47292651,157752,0,7185688,67326
3,0,1,120,10,0,1831317012,7,0,47292651,157752,0,7185688,67326
3,0,1,120,10,0,1907695289,1,0,47292651,157752,0,7185688,67326
3,0,1,120,10,0,1918510595,5,0,47292651,157752,0,7185688,67326
3,0,1,120,10,0,1954535726,4,0,47292651,157752,0,7185688,67326
3,0,1,120,10,0,365348640,3,0,47292651,157752,0,7185688,67326
3,0,1,120,10,0,478163327,0,0,47292651,157752,0,7185688,67326
3,0,1,120,10,0,493581915,9,0,47292651,157752,0,7185688,67326
3,0,1,120,10,0,742079273,8,0,47292651,157752,0,7185688,67326
3,0,1,120,20,0,1071609720,2,0,46925254,156500,0,7123506,61502
3,0,1,120,20,0,1701076604,6,0,46925254,156500,0,7123506,61502
3,0,1,120,20,0,1831317012,7,0,46925254,156500,0,7123506,61502
3,0,1,120,20,0,1907695289,1,0,46925254,156500,0,7123506,61502
3,0,1,120,20,0,1918510595,5,0,46925254,156500,0,7123506,61502
3,0,1,120,20,0,1954535726,4,0,46925254,156500,0,7123506,61502
3,0,1,120,20,0,365348640,3,0,46925254,156500,0,7123506,61502
3,0,1,120,20,0,478163327,0,0,46925254,156500,0,7123506,61502
3,0,1,120,20,0,493581915,9,0,46925254,156500,0,7123506,61502
3,0,1,120,20,0,742079273,8,0,46925254,156500,0,7123506,61502
3,0,1,120,2,0,1071609720,2,0,46860038,157752,0,7180746,17608
3,0,1,120,2,0,1701076604,6,0,46860038,157752,0,7180746,17608
3,0,1,120,2,0,1831317012,7,0,46860038,157752,0,7180746,17608
3,0,1,120,2,0,1907695289,1,0,46860038,157752,0,7180746,17608
3,0,1,120,2,0,1918510595,5,0,46860038,157752,0,7180746,17608
3,0,1,120,2,0,1954535726,4,0,46860038,157752,0,7180746,17608
3,0,1,120,2,0,365348640,3,0,46860038,157752,0,7180746,17608
3,0,1,120,2,0,478163327,0,0,46860038,157752,0,7180746,17608
3,0,1,120,2,0,493581915,9,0,46860038,157752,0,7180746,17608
3,0,1,120,2,0,742079273,8,0,46860038,157752,0,7180746,17608
3,0,1,120,30,0,1071609720,2,0,46947976,156500,0,7128306,64209
3,0,1,120,30,0,1701076604,6,0,46947976,156500,0,7128306,64209
3,0,1,120,30,0,1831317012,7,0,46947976,156500,0,7128306,64209
3,0,1,120,30,0,1907695289,1,0,46947976,156500,0,7128306,64209
3,0,1,120,30,0,1918510595,5,0,46947976,156500,0,7128306,64209
3,0,1,120,30,0,1954535726,4,0,46947976,156500,0,7128306,64209
3,0,1,120,30,0,365348640,3,0,46947976,156500,0,7128306,64209
3,0,1,120,30,0,478163327,0,0,46947976,156500,0,7128306,64209
3,0,1,120,30,0,493581915,9,0,46947976,156500,0,7128306,64209
3,0,1,120,30,0,742079273,8,0,46947976,156500,0,7128306,64209
3,0,1,120,5,0,1071609720,2,0,46969888,156500,0,7128036,64843
3,0,1,120,5,0,1701076604,6,0,46969888,156500,0,7128036,64843
3,0,1,120,5,0,1831317012,7,0,46969888,156500,0,7128036,64843
3,0,1,120,5,0,1907695289,1,0,46969888,156500,0,7128036,64843
3,0,1,120,5,0,1918510595,5,0,46969888,156500,0,7128036,64843
3,0,1,120,5,0,1954535726,4,0,46969888,156500,0,7128036,64843
3,0,1,120,5,0,365348640,3,0,46969888,156500,0,7128036,64843
3,0,1,120,5,0,478163327,0,0,46969888,156500,0,7128036,64843
3,0,1,120,5,0,493581915,9,0,46969888,156500,0,7128036,64843
3,0,1,120,5,0,742079273,8,0,46969888,156500,0,7128036,64843
3,0,1,30,0,0,1071609720,2,0,48597055,160256,0,7295040,55507
3,0,1,30,0,0,1701076604,6,0,48597055,160256,0,7295040,55507
3,0,1,30,0,0,1831317012,7,0,48597055,160256,0,7295040,55507
3,0,1,30,0,0,1907695289,1,0,48597055,160256,0,7295040,55507
3,0,1,30,0,0,1918510595,5,0,48597055,160256,0,7295040,55507
3,0,1,30,0,0,1954535726,4,0,48597055,160256,0,7295040,55507
3,0,1,30,0,0,365348640,3,0,48597055,160256,0,7295040,55507
3,0,1,30,0,0,478163327,0,0,48597055,160256,0,7295040,55507
3,0,1,30,0,0,493581915,9,0,48597055,160256,0,7295040,55507
3,0,1,30,0,0,742079273,8,0,48597055,160256,0,7295040,55507
3,0,1,30,10,0,1071609720,2,0,46948385,156500,0,7122692,58669
3,0,1,30,10,0,1701076604,6,0,46948385,156500,0,7122692,58669
3,0,1,30,10,0,1831317012,7,0,46948385,156500,0,7122692,58669
3,0,1,30,10,0,1907695289,1,0,46948385,156500,0,7122692,58669
3,0,1,30,10,0,1918510595,5,0,46948385,156500,0,7122692,58669
3,0,1,30,10,0,1954535726,4,0,46948385,156500,0,7122692,58669
3,0,1,30,10,0,365348640,3,0,46948385,156500,0,7122692,58669
3,0,1,30,10,0,478163327,0,0,46948385,156500,0,7122692,58669
3,0,1,30,10,0,493581915,9,0,46948385,156500,0,7122692,58669
3,0,1,30,10,0,742079273,8,0,46948385,156500,0,7122692,58669
3,0,1,30,20,0,1071609720,2,0,46954475,156500,0,7124045,62695
3,0,1,30,20,0,1701076604,6,0,46954475,156500,0,7124045,62695
3,0,1,30,20,0,1831317012,7,0,46954475,156500,0,7124045,62695
3,0,1,30,20,0,1907695289,1,0,46954475,156500,0,7124045,62695
3,0,1,30,20,0,1918510595,5,0,46954475,156500,0,7124045,62695
3,0,1,30,20,0,1954535726,4,0,46954475,156500,0,7124045,62695
3,0,1,30,20,0,365348640,3,0,46954475,156500,0,7124045,62695
3,0,1,30,20,0,478163327,0,0,46954475,156500,0,7124045,62695
3,0,1,30,20,0,493581915,9,0,46954475,156500,0,7124045,62695
3,0,1,30,20,0,742079273,8,0,46954475,156500,0,7124045,62695
3,0,1,30,2,0,1071609720,2,8540347,60738731,434554,1,10012720,52107
3,0,1,30,2,0,1701076604,6,8540347,60738731,434554,1,10012720,52107
3,0,1,30,2,0,1831317012,7,8540347,60738731,434554,1,10012720,52107
3,0,1,30,2,0,1907695289,1,8540347,60738731,434554,1,10012720,52107
3,0,1,30,2,0,1918510595,5,8540347,60738731,434554,1,10012720,52107
3,0,1,30,2,0,1954535726,4,8540347,60738731,434554,1,10012720,52107
3,0,1,30,2,0,365348640,3,8540347,60738731,434554,1,10012720,52107
3,0,1,30,2,0,478163327,0,8540347,60738731,434554,1,10012720,52107
3,0,1,30,2,0,493581915,9,8540347,60738731,434554,1,10012720,52107
3,0,1,30,2,0,742079273,8,8540347,60738731,434554,1,10012720,52107
3,0,1,30,30,0,1071609720,2,0,3044905,10377,0,455781,5399
3,0,1,30,30,0,1701076604,6,0,3044905,10377,0,455781,5399
3,0,1,30,30,0,1831317012,7,0,3044905,10377,0,455781,5399
3,0,1,30,30,0,1907695289,1,0,3044905,10377,0,455781,5399
3,0,1,30,30,0,1918510595,5,0,3044905,10377,0,455781,5399
3,0,1,30,30,0,1954535726,4,0,3044905,10377,0,455781,5399
3,0,1,30,30,0,365348640,3,0,3044905,10377,0,455781,5399
3,0,1,30,30,0,478163327,0,0,3044905,10377,0,455781,5399
3,0,1,30,30,0,493581915,9,0,3044905,10377,0,455781,5399
3,0,1,30,30,0,742079273,8,0,3044905,10377,0,455781,5399
3,0,1,30,5,0,1071609720,2,0,47290216,157752,0,7184605,66574
3,0,1,30,5,0,1701076604,6,0,47290216,157752,0,7184605,66574
3,0,1,30,5,0,1831317012,7,0,47290216,157752,0,7184605,66574
3,0,1,30,5,0,1907695289,1,0,47290216,157752,0,7184605,66574
3,0,1,30,5,0,1918510595,5,0,47290216,157752,0,7184605,66574
3,0,1,30,5,0,1954535726,4,0,47290216,157752,0,7184605,66574
3,0,1,30,5,0,365348640,3,0,47290216,157752,0,7184605,66574
3,0,1,30,5,0,478163327,0,0,47290216,157752,0,7184605,66574
3,0,1,30,5,0,493581915,9,0,47290216,157752,0,7184605,66574
3,0,1,30,5,0,742079273,8,0,47290216,157752,0,7184605,66574
3,0,1,60,0,0,1071609720,2,0,48977923,161508,0,7350184,16302
3,0,1,60,0,0,1701076604,6,0,48977923,161508,0,7350184,16302
3,0,1,60,0,0,1831317012,7,0,48977923,161508,0,7350184,16302
3,0,1,60,0,0,1907695289,1,0,48977923,161508,0,7350184,16302
3,0,1,60,0,0,1918510595,5,0,48977923,161508,0,7350184,16302
3,0,1,60,0,0,1954535726,4,0,48977923,161508,0,7350184,16302
3,0,1,60,0,0,365348640,3,0,48977923,161508,0,7350184,16302
3,0,1,60,0,0,478163327,0,0,48977923,161508,0,7350184,16302
3,0,1,60,0,0,493581915,9,0,48977923,161508,0,7350184,16302
3,0,1,60,0,0,742079273,8,0,48977923,161508,0,7350184,16302
3,0,1,60,10,0,1071609720,2,0,46975977,156500,0,7128577,67811
3,0,1,60,10,0,1701076604,6,0,46975977,156500,0,7128577,67811
3,0,1,60,10,0,1831317012,7,0,46975977,156500,0,7128577,67811
3,0,1,60,10,0,1907695289,1,0,46975977,156500,0,7128577,67811
3,0,1,60,10,0,1918510595,5,0,46975977,156500,0,7128577,67811
3,0,1,60,10,0,1954535726,4,0,46975977,156500,0,7128577,67811
3,0,1,60,10,0,365348640,3,0,46975977,156500,0,7128577,67811
3,0,1,60,10,0,478163327,0,0,46975977,156500,0,7128577,67811
3,0,1,60,10,0,493581915,9,0,46975977,156500,0,7128577,67811
3,0,1,60,10,0,742079273,8,0,46975977,156500,0,7128577,67811
3,0,1,60,20,0,1071609720,2,0,47321883,157752,0,7185688,66619
3,0,1,60,20,0,1701076604,6,0,47321883,157752,0,7185688,66619
3,0,1,60,20,0,1831317012,7,0,47321883,157752,0,7185688,66619
3,0,1,60,20,0,1907695289,1,0,47321883,157752,0,7185688,66619
3,0,1,60,20,0,1918510595,5,0,47321883,157752,0,7185688,66619
3,0,1,60,20,0,1954535726,4,0,47321883,157752,0,7185688,66619
3,0,1,60,20,0,365348640,3,0,47321883,157752,0,7185688,66619
3,0,1,60,20,0,478163327,0,0,47321883,157752,0,7185688,66619
3,0,1,60,20,0,493581915,9,0,47321883,157752,0,7185688,66619
3,0,1,60,20,0,742079273,8,0,47321883,157752,0,7185688,66619
3,0,1,60,2,0,1071609720,2,7538090,60893422,434554,1,10007036,47946
3,0,1,60,2,0,1701076604,6,7538090,60893422,434554,1,10007036,47946
3,0,1,60,2,0,1831317012,7,7538090,60893422,434554,1,10007036,47946
3,0,1,60,2,0,1907695289,1,7538090,60893422,434554,1,10007036,47946
3,0,1,60,2,0,1918510595,5,7538090,60893422,434554,1,10007036,47946
3,0,1,60,2,0,1954535726,4,7538090,60893422,434554,1,10007036,47946
3,0,1,60,2,0,365348640,3,7538090,60893422,434554,1,10007036,47946
3,0,1,60,2,0,478163327,0,7538090,60893422,434554,1,10007036,47946
3,0,1,60,2,0,493581915,9,7538090,60893422,434554,1,10007036,47946
3,0,1,60,2,0,742079273,8,7538090,60893422,434554,1,10007036,47946
3,0,1,60,30,0,1071609720,2,0,46950400,156500,0,7125058,55917
3,0,1,60,30,0,1701076604,6,0,46950400,156500,0,7125058,55917
3,0,1,60,30,0,1831317012,7,0,46950400,156500,0,7125058,55917
3,0,1,60,30,0,1907695289,1,0,46950400,156500,0,7125058,55917
3,0,1,60,30,0,1918510595,5,0,46950400,156500,0,7125058,55917
3,0,1,60,30,0,1954535726,4,0,46950400,156500,0,7125058,55917
3,0,1,60,30,0,365348640,3,0,46950400,156500,0,7125058,55917
3,0,1,60,30,0,478163327,0,0,46950400,156500,0,7125058,55917
3,0,1,60,30,0,493581915,9,0,46950400,156500,0,7125058,55917
3,0,1,60,30,0,742079273,8,0,46950400,156500,0,7125058,55917
3,0,1,60,5,0,1071609720,2,0,47292651,157752,0,7184876,64364
3,0,1,60,5,0,1701076604,6,0,47292651,157752,0,7184876,64364
3,0,1,60,5,0,1831317012,7,0,47292651,157752,0,7184876,64364
3,0,1,60,5,0,1907695289,1,0,47292651,157752,0,7184876,64364
3,0,1,60,5,0,1918510595,5,0,47292651,157752,0,7184876,64364
3,0,1,60,5,0,1954535726,4,0,47292651,157752,0,7184876,64364
3,0,1,60,5,0,365348640,3,0,47292651,157752,0,7184876,64364
3,0,1,60,5,0,478163327,0,0,47292651,157752,0,7184876,64364
3,0,1,60,5,0,493581915,9,0,47292651,157752,0,7184876,64364
3,0,1,60,5,0,742079273,8,0,47292651,157752,0,7184876,64364
3,0,2,120,0,0,1071609720,2,0,13943688,161508,0,2099558,13969
3,0,2,120,0,0,1701076604,6,0,13943688,161508,0,2099558,13969
3,0,2,120,0,0,1831317012,7,0,13943688,161508,0,2099558,13969
3,0,2,120,0,0,1907695289,1,0,13943688,161508,0,2099558,13969
3,0,2,120,0,0,1918510595,5,0,13943688,161508,0,2099558,13969
3,0,2,120,0,0,1954535726,4,0,13943688,161508,0,2099558,13969
3,0,2,120,0,0,365348640,3,0,13943688,161508,0,2099558,13969
3,0,2,120,0,0,478163327,0,0,13943688,161508,0,2099558,13969
3,0,2,120,0,0,493581915,9,0,13943688,161508,0,2099558,13969
3,0,2,120,0,0,742079273,8,0,13943688,161508,0,2099558,13969
3,0,2,120,10,0,1071609720,2,0,13121823,157752,0,2042726,57348
3,0,2,120,10,0,1701076604,6,0,13121823,157752,0,2042726,57348
3,0,2,120,10,0,1831317012,7,0,13121823,157752,0,2042726,57348
3,0,2,120,10,0,1907695289,1,0,13121823,157752,0,2042726,57348
3,0,2,120,10,0,1918510595,5,0,13121823,157752,0,2042726,57348
3,0,2,120,10,0,1954535726,4,0,13121823,157752,0,2042726,57348
3,0,2,120,10,0,365348640,3,0,13121823,157752,0,2042726,57348
3,0,2,120,10,0,478163327,0,0,13121823,157752,0,2042726,57348
3,0,2,120,10,0,493581915,9,0,13121823,157752,0,2042726,57348
3,0,2,120,10,0,742079273,8,0,13121823,157752,0,2042726,57348
3,0,2,120,20,0,1071609720,2,11650890,17416062,589692,1,3060088,5264
3,0,2,120,20,0,1701076604,6,11650890,17416062,589692,1,3060088,5264
3,0,2,120,20,0,1831317012,7,11650890,17416062,589692,1,3060088,5264
3,0,2,120,20,0,1907695289,1,11650890,17416062,589692,1,3060088,5264
3,0,2,120,20,0,1918510595,5,11650890,17416062,589692,1,3060088,5264
3,0,2,120,20,0,1954535726,4,11650890,17416062,589692,1,3060088,5264
3,0,2,120,20,0,365348640,3,11650890,17416062,589692,1,3060088,5264
3,0,2,120,20,0,478163327,0,11650890,17416062,589692,1,3060088,5264
3,0,2,120,20,0,493581915,9,11650890,17416062,589692,1,3060088,5264
3,0,2,120,20,0,742079273,8,11650890,17416062,589692,1,3060088,5264
3,0,2,120,2,0,1071609720,2,12723233,17234411,570912,1,3060286,6808
3,0,2,120,2,0,1701076604,6,12723233,17234411,570912,1,3060286,6808
3,0,2,120,2,0,1831317012,7,12723233,17234411,570912,1,3060286,6808
3,0,2,120,2,0,1907695289,1,12723233,17234411,570912,1,3060286,6808
3,0,2,120,2,0,1918510595,5,12723233,17234411,570912,1,3060286,6808
3,0,2,120,2,0,1954535726,4,12723233,17234411,570912,1,3060286,6808
3,0,2,120,2,0,365348640,3,12723233,17234411,570912,1,3060286,6808
3,0,2,120,2,0,478163327,0,12723233,17234411,570912,1,3060286,6808
3,0,2,120,2,0,493581915,9,12723233,17234411,570912,1,3060286,6808
3,0,2,120,2,0,742079273,8,12723233,17234411,570912,1,3060286,6808
3,0,2,120,30,0,1071609720,2,11718632,17340673,573416,1,3060328,5029
3,0,2,120,30,0,1701076604,6,11718632,17340673,573416,1,3060328,5029
3,0,2,120,30,0,1831317012,7,11718632,17340673,573416,1,3060328,5029
3,0,2,120,30,0,1907695289,1,11718632,17340673,573416,1,3060328,5029
3,0,2,120,30,0,1918510595,5,11718632,17340673,573416,1,3060328,5029
3,0,2,120,30,0,1954535726,4,11718632,17340673,573416,1,3060328,5029
3,0,2,120,30,0,365348640,3,11718632,17340673,573416,1,3060328,5029
3,0,2,120,30,0,478163327,0,11718632,17340673,573416,1,3060328,5029
3,0,2,120,30,0,493581915,9,11718632,17340673,573416,1,3060328,5029
3,0,2,120,30,0,742079273,8,11718632,17340673,573416,1,3060328,5029
3,0,2,120,5,0,1071609720,2,0,13129096,157752,0,2041370,48167
3,0,2,120,5,0,1701076604,6,0,13129096,157752,0,2041370,48167
3,0,2,120,5,0,1831317012,7,0,13129096,157752,0,2041370,48167
3,0,2,120,5,0,1907695289,1,0,13129096,157752,0,2041370,48167
3,0,2,120,5,0,1918510595,5,0,13129096,157752,0,2041370,48167
3,0,2,120,5,0,1954535726,4,0,13129096,157752,0,2041370,48167
3,0,2,120,5,0,365348640,3,0,13129096,157752,0,2041370,48167
3,0,2,120,5,0,478163327,0,0,13129096,157752,0,2041370,48167
3,0,2,120,5,0,493581915,9,0,13129096,157752,0,2041370,48167
3,0,2,120,5,0,742079273,8,0,13129096,157752,0,2041370,48167
3,0,2,30,0,0,1071609720,2,0,14021578,164012,0,2130956,43538
3,0,2,30,0,0,1701076604,6,0,14021578,164012,0,2130956,43538
3,0,2,30,0,0,1831317012,7,0,14021578,164012,0,2130956,43538
3,0,2,30,0,0,1907695289,1,0,14021578,164012,0,2130956,43538
3,0,2,30,0,0,1918510595,5,0,14021578,164012,0,2130956,43538
3,0,2,30,0,0,1954535726,4,0,14021578,164012,0,2130956,43538
3,0,2,30,0,0,365348640,3,0,14021578,164012,0,2130956,43538
3,0,2,30,0,0,478163327,0,0,14021578,164012,0,2130956,43538
3,0,2,30,0,0,493581915,9,0,14021578,164012,0,2130956,43538
3,0,2,30,0,0,742079273,8,0,14021578,164012,0,2130956,43538
3,0,2,30,10,0,1071609720,2,11639810,17432072,588440,1,3060644,6246
3,0,2,30,10,0,1701076604,6,11639810,17432072,588440,1,3060644,6246
3,0,2,30,10,0,1831317012,7,11639810,17432072,588440,1,3060644,6246
3,0,2,30,10,0,1907695289,1,11639810,17432072,588440,1,3060644,6246
3,0,2,30,10,0,1918510595,5,11639810,17432072,588440,1,3060644,6246
3,0,2,30,10,0,1954535726,4,11639810,17432072,588440,1,3060644,6246
3,0,2,30,10,0,365348640,3,11639810,17432072,588440,1,3060644,6246
3,0,2,30,10,0,478163327,0,11639810,17432072,588440,1,3060644,6246
3,0,2,30,10,0,493581915,9,11639810,17432072,588440,1,3060644,6246
3,0,2,30,10,0,742079273,8,11639810,17432072,588440,1,3060644,6246
3,0,2,30,20,0,1071609720,2,0,13132774,157752,0,2041641,50924
3,0,2,30,20,0,1701076604,6,0,13132774,157752,0,2041641,50924
3,0,2,30,20,0,1831317012,7,0,13132774,157752,0,2041641,50924
3,0,2,30,20,0,1907695289,1,0,13132774,157752,0,2041641,50924
3,0,2,30,20,0,1918510595,5,0,13132774,157752,0,2041641,50924
3,0,2,30,20,0,1954535726,4,0,13132774,157752,0,2041641,50924
3,0,2,30,20,0,365348640,3,0,13132774,157752,0,2041641,50924
3,0,2,30,20,0,478163327,0,0,13132774,157752,0,2041641,50924
3,0,2,30,20,0,493581915,9,0,13132774,157752,0,2041641,50924
3,0,2,30,20,0,742079273,8,0,13132774,157752,0,2041641,50924
3,0,2,30,2,0,1071609720,2,13699780,16530403,559809,1,3060402,6542
3,0,2,30,2,0,1701076604,6,13699780,16530403,559809,1,3060402,6542
3,0,2,30,2,0,1831317012,7,13699780,16530403,559809,1,3060402,6542
3,0,2,30,2,0,1907695289,1,13699780,16530403,559809,1,3060402,6542
3,0,2,30,2,0,1918510595,5,13699780,16530403,559809,1,3060402,6542
3,0,2,30,2,0,1954535726,4,13699780,16530403,559809,1,3060402,6542
3,0,2,30,2,0,365348640,3,13699780,16530403,559809,1,3060402,6542
3,0,2,30,2,0,478163327,0,13699780,16530403,559809,1,3060402,6542
3,0,2,30,2,0,493581915,9,13699780,16530403,559809,1,3060402,6542
3,0,2,30,2,0,742079273,8,13699780,16530403,559809,1,3060402,6542
3,0,2,30,30,0,1071609720,2,0,959835,11268,0,147873,25225
3,0,2,30,30,0,1701076604,6,0,959835,11268,0,147873,25225
3,0,2,30,30,0,1831317012,7,0,959835,11268,0,147873,25225
3,0,2,30,30,0,1907695289,1,0,959835,11268,0,147873,25225
3,0,2,30,30,0,1918510595,5,0,959835,11268,0,147873,25225
3,0,2,30,30,0,1954535726,4,0,959835,11268,0,147873,25225
3,0,2,30,30,0,365348640,3,0,959835,11268,0,147873,25225
3,0,2,30,30,0,478163327,0,0,959835,11268,0,147873,25225
3,0,2,30,30,0,493581915,9,0,959835,11268,0,147873,25225
3,0,2,30,30,0,742079273,8,0,959835,11268,0,147873,25225
3,0,2,30,5,0,1071609720,2,11705765,17340377,626000,1,3061017,6371
3,0,2,30,5,0,1701076604,6,11705765,17340377,626000,1,3061017,6371
3,0,2,30,5,0,1831317012,7,11705765,17340377,626000,1,3061017,6371
3,0,2,30,5,0,1907695289,1,11705765,17340377,626000,1,3061017,6371
3,0,2,30,5,0,1918510595,5,11705765,17340377,626000,1,3061017,6371
3,0,2,30,5,0,1954535726,4,11705765,17340377,626000,1,3061017,6371
3,0,2,30,5,0,365348640,3,11705765,17340377,626000,1,3061017,6371
3,0,2,30,5,0,478163327,0,11705765,17340377,626000,1,3061017,6371
3,0,2,30,5,0,493581915,9,11705765,17340377,626000,1,3061017,6371
3,0,2,30,5,0,742079273,8,11705765,17340377,626000,1,3061017,6371
3,0,2,60,0,0,1071609720,2,0,13846232,161508,0,2099558,42220
3,0,2,60,0,0,1701076604,6,0,13846232,161508,0,2099558,42220
3,0,2,60,0,0,1831317012,7,0,13846232,161508,0,2099558,42220
3,0,2,60,0,0,1907695289,1,0,13846232,161508,0,2099558,42220
3,0,2,60,0,0,1918510595,5,0,13846232,161508,0,2099558,42220
3,0,2,60,0,0,1954535726,4,0,13846232,161508,0,2099558,42220
3,0,2,60,0,0,365348640,3,0,13846232,161508,0,2099558,42220
3,0,2,60,0,0,478163327,0,0,13846232,161508,0,2099558,42220
3,0,2,60,0,0,493581915,9,0,13846232,161508,0,2099558,42220
3,0,2,60,0,0,742079273,8,0,13846232,161508,0,2099558,42220
3,0,2,60,10,0,1071609720,2,11647872,17316875,637268,1,3060731,6078
3,0,2,60,10,0,1701076604,6,11647872,17316875,637268,1,3060731,6078
3,0,2,60,10,0,1831317012,7,11647872,17316875,637268,1,3060731,6078
3,0,2,60,10,0,1907695289,1,11647872,17316875,637268,1,3060731,6078
3,0,2,60,10,0,1918510595,5,11647872,17316875,637268,1,3060731,6078
3,0,2,60,10,0,1954535726,4,11647872,17316875,637268,1,3060731,6078
3,0,2,60,10,0,365348640,3,11647872,17316875,637268,1,3060731,6078
3,0,2,60,10,0,478163327,0,11647872,17316875,637268,1,3060731,6078
3,0,2,60,10,0,493581915,9,11647872,17316875,637268,1,3060731,6078
3,0,2,60,10,0,742079273,8,11647872,17316875,637268,1,3060731,6078
3,0,2,60,20,0,1071609720,2,11645253,17303430,649788,1,3060174,5122
3,0,2,60,20,0,1701076604,6,11645253,17303430,649788,1,3060174,5122
3,0,2,60,20,0,1831317012,7,11645253,17303430,649788,1,3060174,5122
3,0,2,60,20,0,1907695289,1,11645253,17303430,649788,1,3060174,5122
3,0,2,60,20,0,1918510595,5,11645253,17303430,649788,1,3060174,5122
3,0,2,60,20,0,1954535726,4,11645253,17303430,649788,1,3060174,5122
3,0,2,60,20,0,365348640,3,11645253,17303430,649788,1,3060174,5122
3,0,2,60,20,0,478163327,0,11645253,17303430,649788,1,3060174,5122
3,0,2,60,20,0,493581915,9,11645253,17303430,649788,1,3060174,5122
3,0,2,60,20,0,742079273,8,11645253,17303430,649788,1,3060174,5122
3,0,2,60,2,0,1071609720,2,11683417,16788862,563400,1,3060744,4925
3,0,2,60,2,0,1701076604,6,11683417,16788862,563400,1,3060744,4925
3,0,2,60,2,0,1831317012,7,11683417,16788862,563400,1,3060744,4925
3,0,2,60,2,0,1907695289,1,11683417,16788862,563400,1,3060744,4925
3,0,2,60,2,0,1918510595,5,11683417,16788862,563400,1,3060744,4925
3,0,2,60,2,0,1954535726,4,11683417,16788862,563400,1,3060744,4925
3,0,2,60,2,0,365348640,3,11683417,16788862,563400,1,3060744,4925
3,0,2,60,2,0,478163327,0,11683417,16788862,563400,1,3060744,4925
3,0,2,60,2,0,493581915,9,11683417,16788862,563400,1,3060744,4925
3,0,2,60,2,0,742079273,8,11683417,16788862,563400,1,3060744,4925
3,0,2,60,30,0,1071609720,2,11648078,17409034,592196,1,3060112,6058
3,0,2,60,30,0,1701076604,6,11648078,17409034,592196,1,3060112,6058
3,0,2,60,30,0,1831317012,7,11648078,17409034,592196,1,3060112,6058
3,0,2,60,30,0,1907695289,1,11648078,17409034,592196,1,3060112,6058
3,0,2,60,30,0,1918510595,5,11648078,17409034,592196,1,3060112,6058
3,0,2,60,30,0,1954535726,4,11648078,17409034,592196,1,3060112,6058
3,0,2,60,30,0,365348640,3,11648078,17409034,592196,1,3060112,6058
3,0,2,60,30,0,478163327,0,11648078,17409034,592196,1,3060112,6058
3,0,2,60,30,0,493581915,9,11648078,17409034,592196,1,3060112,6058
3,0,2,60,30,0,742079273,8,11648078,17409034,592196,1,3060112,6058
3,0,2,60,5,0,1071609720,2,11663511,17333113,623496,1,3060779,5706
3,0,2,60,5,0,1701076604,6,11663511,17333113,623496,1,3060779,5706
3,0,2,60,5,0,1831317012,7,11663511,17333113,623496,1,3060779,5706
3,0,2,60,5,0,1907695289,1,11663511,17333113,623496,1,3060779,5706
3,0,2,60,5,0,1918510595,5,11663511,17333113,623496,1,3060779,5706
3,0,2,60,5,0,1954535726,4,11663511,17333113,623496,1,3060779,5706
3,0,2,60,5,0,365348640,3,11663511,17333113,623496,1,3060779,5706
3,0,2,60,5,0,478163327,0,11663511,17333113,623496,1,3060779,5706
3,0,2,60,5,0,493581915,9,11663511,17333113,623496,1,3060779,5706
3,0,2,60,5,0,742079273,8,11663511,17333113,623496,1,3060779,5706
3,1,0,120,0,0,1071609720,2,500119,68808424,431940,1,9987747,20209
3,1,0,120,0,0,1701076604,6,500119,68808424,431940,1,9987747,20209
3,1,0,120,0,0,1831317012,7,500119,68808424,431940,1,9987747,20209
3,1,0,120,0,0,1907695289,1,500119,68808424,431940,1,9987747,20209
3,1,0,120,0,0,1918510595,5,500119,68808424,431940,1,9987747,20209
3,1,0,120,0,0,1954535726,4,500119,68808424,431940,1,9987747,20209
3,1,0,120,0,0,365348640,3,500119,68808424,431940,1,9987747,20209
3,1,0,120,0,0,478163327,0,500119,68808424,431940,1,9987747,20209
3,1,0,120,0,0,493581915,9,500119,68808424,431940,1,9987747,20209
3,1,0,120,0,0,742079273,8,500119,68808424,431940,1,9987747,20209
3,1,0,120,10,0,1071609720,2,1503755,68342283,431940,1,9986125,19176
3,1,0,120,10,0,1701076604,6,1503755,68342283,431940,1,9986125,19176
3,1,0,120,10,0,1831317012,7,1503755,68342283,431940,1,9986125,19176
3,1,0,120,10,0,1907695289,1,1503755,68342283,431940,1,9986125,19176
3,1,0,120,10,0,1918510595,5,1503755,68342283,431940,1,9986125,19176
3,1,0,120,10,0,1954535726,4,1503755,68342283,431940,1,9986125,19176
3,1,0,120,10,0,365348640,3,1503755,68342283,431940,1,9986125,19176
3,1,0,120,10,0,478163327,0,1503755,68342283,431940,1,9986125,19176
3,1,0,120,10,0,493581915,9,1503755,68342283,431940,1,9986125,19176
3,1,0,120,10,0,742079273,8,1503755,68342283,431940,1,9986125,19176
3,1,0,120,20,0,1071609720,2,1578956,68288682,431940,1,9987207,19441
3,1,0,120,20,0,1701076604,6,1578956,68288682,431940,1,9987207,19441
3,1,0,120,20,0,1831317012,7,1578956,68288682,431940,1,9987207,19441
3,1,0,120,20,0,1907695289,1,1578956,68288682,431940,1,9987207,19441
3,1,0,120,20,0,1918510595,5,1578956,68288682,431940,1,9987207,19441
3,1,0,120,20,0,1954535726,4,1578956,68288682,431940,1,9987207,19441
3,1,0,120,20,0,365348640,3,1578956,68288682,431940,1,9987207,19441
3,1,0,120,20,0,478163327,0,1578956,68288682,431940,1,9987207,19441
3,1,0,120,20,0,493581915,9,1578956,68288682,431940,1,9987207,19441
3,1,0,120,20,0,742079273,8,1578956,68288682,431940,1,9987207,19441
3,1,0,120,2,0,1071609720,2,1551822,68289897,431940,1,9986395,19517
3,1,0,120,2,0,1701076604,6,1551822,68289897,431940,1,9986395,19517
3,1,0,120,2,0,1831317012,7,1551822,68289897,431940,1,9986395,19517
3,1,0,120,2,0,1907695289,1,1551822,68289897,431940,1,9986395,19517
3,1,0,120,2,0,1918510595,5,1551822,68289897,431940,1,9986395,19517
3,1,0,120,2,0,1954535726,4,1551822,68289897,431940,1,9986395,19517
3,1,0,120,2,0,365348640,3,1551822,68289897,431940,1,9986395,19517
3,1,0,120,2,0,478163327,0,1551822,68289897,431940,1,9986395,19517
3,1,0,120,2,0,493581915,9,1551822,68289897,431940,1,9986395,19517
3,1,0,120,2,0,742079273,8,1551822,68289897,431940,1,9986395,19517
3,1,0,120,30,0,1071609720,2,1502256,68331321,431940,1,9986396,20230
3,1,0,120,30,0,1701076604,6,1502256,68331321,431940,1,9986396,20230
3,1,0,120,30,0,1831317012,7,1502256,68331321,431940,1,9986396,20230
3,1,0,120,30,0,1907695289,1,1502256,68331321,431940,1,9986396,20230
3,1,0,120,30,0,1918510595,5,1502256,68331321,431940,1,9986396,20230
3,1,0,120,30,0,1954535726,4,1502256,68331321,431940,1,9986396,20230
3,1,0,120,30,0,365348640,3,1502256,68331321,431940,1,9986396,20230
3,1,0,120,30,0,478163327,0,1502256,68331321,431940,1,9986396,20230
3,1,0,120,30,0,493581915,9,1502256,68331321,431940,1,9986396,20230
3,1,0,120,30,0,742079273,8,1502256,68331321,431940,1,9986396,20230
3,1,0,120,5,0,1071609720,2,1531045,68352009,431940,1,9986125,15230
3,1,0,120,5,0,1701076604,6,1531045,68352009,431940,1,9986125,15230
3,1,0,120,5,0,1831317012,7,1531045,68352009,431940,1,9986125,15230
3,1,0,120,5,0,1907695289,1,1531045,68352009,431940,1,9986125,15230
3,1,0,120,5,0,1918510595,5,1531045,68352009,431940,1,9986125,15230
3,1,0,120,5,0,1954535726,4,1531045,68352009,431940,1,9986125,15230
3,1,0,120,5,0,365348640,3,1531045,68352009,431940,1,9986125,15230
3,1,0,120,5,0,478163327,0,1531045,68352009,431940,1,9986125,15230
3,1,0,120,5,0,493581915,9,1531045,68352009,431940,1,9986125,15230
3,1,0,120,5,0,742079273,8,1531045,68352009,431940,1,9986125,15230
3,1,0,30,0,0,1071609720,2,500510,68808571,431940,1,9986666,21422
3,1,0,30,0,0,1701076604,6,500510,68808571,431940,1,9986666,21422
3,1,0,30,0,0,1831317012,7,500510,68808571,431940,1,9986666,21422
3,1,0,30,0,0,1907695289,1,500510,68808571,431940,1,9986666,21422
3,1,0,30,0,0,1918510595,5,500510,68808571,431940,1,9986666,21422
3,1,0,30,0,0,1954535726,4,500510,68808571,431940,1,9986666,21422
3,1,0,30,0,0,365348640,3,500510,68808571,431940,1,9986666,21422
3,1,0,30,0,0,478163327,0,500510,68808571,431940,1,9986666,21422
3,1,0,30,0,0,493581915,9,500510,68808571,431940,1,9986666,21422
3,1,0,30,0,0,742079273,8,500510,68808571,431940,1,9986666,21422
3,1,0,30,10,0,1071609720,2,1550595,68320337,431940,1,9987204,20524
3,1,0,30,10,0,1701076604,6,1550595,68320337,431940,1,9987204,20524
3,1,0,30,10,0,1831317012,7,1550595,68320337,431940,1,9987204,20524
3,1,0,30,10,0,1907695289,1,1550595,68320337,431940,1,9987204,20524
3,1,0,30,10,0,1918510595,5,1550595,68320337,431940,1,9987204,20524
3,1,0,30,10,0,1954535726,4,1550595,68320337,431940,1,9987204,20524
3,1,0,30,10,0,365348640,3,1550595,68320337,431940,1,9987204,20524
3,1,0,30,10,0,478163327,0,1550595,68320337,431940,1,9987204,20524
3,1,0,30,10,0,493581915,9,1550595,68320337,431940,1,9987204,20524
3,1,0,30,10,0,742079273,8,1550595,68320337,431940,1,9987204,20524
3,1,0,30,20,0,1071609720,2,1523181,68326428,431940,1,9986933,21403
3,1,0,30,20,0,1701076604,6,1523181,68326428,431940,1,9986933,21403
3,1,0,30,20,0,1831317012,7,1523181,68326428,431940,1,9986933,21403
3,1,0,30,20,0,1907695289,1,1523181,68326428,431940,1,9986933,21403
3,1,0,30,20,0,1918510595,5,1523181,68326428,431940,1,9986933,21403
3,1,0,30,20,0,1954535726,4,1523181,68326428,431940,1,9986933,21403
3,1,0,30,20,0,365348640,3,1523181,68326428,431940,1,9986933,21403
3,1,0,30,20,0,478163327,0,1523181,68326428,431940,1,9986933,21403
3,1,0,30,20,0,493581915,9,1523181,68326428,431940,1,9986933,21403
3,1,0,30,20,0,742079273,8,1523181,68326428,431940,1,9986933,21403
3,1,0,30,2,0,1071609720,2,1552427,68285031,431940,1,9985854,19737
3,1,0,30,2,0,1701076604,6,1552427,68285031,431940,1,9985854,19737
3,1,0,30,2,0,1831317012,7,1552427,68285031,431940,1,9985854,19737
3,1,0,30,2,0,1907695289,1,1552427,68285031,431940,1,9985854,19737
3,1,0,30,2,0,1918510595,5,1552427,68285031,431940,1,9985854,19737
3,1,0,30,2,0,1954535726,4,1552427,68285031,431940,1,9985854,19737
3,1,0,30,2,0,365348640,3,1552427,68285031,431940,1,9985854,19737
3,1,0,30,2,0,478163327,0,1552427,68285031,431940,1,9985854,19737
3,1,0,30,2,0,493581915,9,1552427,68285031,431940,1,9985854,19737
3,1,0,30,2,0,742079273,8,1552427,68285031,431940,1,9985854,19737
3,1,0,30,30,0,1071609720,2,0,28616910,32552,0,4248033,7239
3,1,0,30,30,0,1701076604,6,0,28616910,32552,0,4248033,7239
3,1,0,30,30,0,1831317012,7,0,28616910,32552,0,4248033,7239
3,1,0,30,30,0,1907695289,1,0,28616910,32552,0,4248033,7239
3,1,0,30,30,0,1918510595,5,0,28616910,32552,0,4248033,7239
3,1,0,30,30,0,1954535726,4,0,28616910,32552,0,4248033,7239
3,1,0,30,30,0,365348640,3,0,28616910,32552,0,4248033,7239
3,1,0,30,30,0,478163327,0,0,28616910,32552,0,4248033,7239
3,1,0,30,30,0,493581915,9,0,28616910,32552,0,4248033,7239
3,1,0,30,30,0,742079273,8,0,28616910,32552,0,4248033,7239
3,1,0,30,5,0,1071609720,2,1532096,68342262,431940,1,9985854,17925
3,1,0,30,5,0,1701076604,6,1532096,68342262,431940,1,9985854,17925
3,1,0,30,5,0,1831317012,7,1532096,68342262,431940,1,9985854,17925
3,1,0,30,5,0,1907695289,1,1532096,68342262,431940,1,9985854,17925
3,1,0,30,5,0,1918510595,5,1532096,68342262,431940,1,9985854,17925
3,1,0,30,5,0,1954535726,4,1532096,68342262,431940,1,9985854,17925
3,1,0,30,5,0,365348640,3,1532096,68342262,431940,1,9985854,17925
3,1,0,30,5,0,478163327,0,1532096,68342262,431940,1,9985854,17925
3,1,0,30,5,0,493581915,9,1532096,68342262,431940,1,9985854,17925
3,1,0,30,5,0,742079273,8,1532096,68342262,431940,1,9985854,17925
3,1,0,60,0,0,1071609720,2,500626,68878135,497044,1,9987474,22055
3,1,0,60,0,0,1701076604,6,500626,68878135,497044,1,9987474,22055
3,1,0,60,0,0,1831317012,7,500626,68878135,497044,1,9987474,22055
3,1,0,60,0,0,1907695289,1,500626,68878135,497044,1,9987474,22055
3,1,0,60,0,0,1918510595,5,500626,68878135,497044,1,9987474,22055
3,1,0,60,0,0,1954535726,4,500626,68878135,497044,1,9987474,22055
3,1,0,60,0,0,365348640,3,500626,68878135,497044,1,9987474,22055
3,1,0,60,0,0,478163327,0,500626,68878135,497044,1,9987474,22055
3,1,0,60,0,0,493581915,9,500626,68878135,497044,1,9987474,22055
3,1,0,60,0,0,742079273,8,500626,68878135,497044,1,9987474,22055
3,1,0,60,10,0,1071609720,2,1579886,68257024,431940,1,9987205,19144
3,1,0,60,10,0,1701076604,6,1579886,68257024,431940,1,9987205,19144
3,1,0,60,10,0,1831317012,7,1579886,68257024,431940,1,9987205,19144
3,1,0,60,10,0,1907695289,1,1579886,68257024,431940,1,9987205,19144
3,1,0,60,10,0,1918510595,5,1579886,68257024,431940,1,9987205,19144
3,1,0,60,10,0,1954535726,4,1579886,68257024,431940,1,9987205,19144
3,1,0,60,10,0,365348640,3,1579886,68257024,431940,1,9987205,19144
3,1,0,60,10,0,478163327,0,1579886,68257024,431940,1,9987205,19144
3,1,0,60,10,0,493581915,9,1579886,68257024,431940,1,9987205,19144
3,1,0,60,10,0,742079273,8,1579886,68257024,431940,1,9987205,19144
3,1,0,60,20,0,1071609720,2,1530561,68330098,431940,1,9988290,19383
3,1,0,60,20,0,1701076604,6,1530561,68330098,431940,1,9988290,19383
3,1,0,60,20,0,1831317012,7,1530561,68330098,431940,1,9988290,19383
3,1,0,60,20,0,1907695289,1,1530561,68330098,431940,1,9988290,19383
3,1,0,60,20,0,1918510595,5,1530561,68330098,431940,1,9988290,19383
3,1,0,60,20,0,1954535726,4,1530561,68330098,431940,1,9988290,19383
3,1,0,60,20,0,365348640,3,1530561,68330098,431940,1,9988290,19383
3,1,0,60,20,0,478163327,0,1530561,68330098,431940,1,9988290,19383
3,1,0,60,20,0,493581915,9,1530561,68330098,431940,1,9988290,19383
3,1,0,60,20,0,742079273,8,1530561,68330098,431940,1,9988290,19383
3,1,0,60,2,0,1071609720,2,1548288,68291119,431940,1,9987204,20893
3,1,0,60,2,0,1701076604,6,1548288,68291119,431940,1,9987204,20893
3,1,0,60,2,0,1831317012,7,1548288,68291119,431940,1,9987204,20893
3,1,0,60,2,0,1907695289,1,1548288,68291119,431940,1,9987204,20893
3,1,0,60,2,0,1918510595,5,1548288,68291119,431940,1,9987204,20893
3,1,0,60,2,0,1954535726,4,1548288,68291119,431940,1,9987204,20893
3,1,0,60,2,0,365348640,3,1548288,68291119,431940,1,9987204,20893
3,1,0,60,2,0,478163327,0,1548288,68291119,431940,1,9987204,20893
3,1,0,60,2,0,493581915,9,1548288,68291119,431940,1,9987204,20893
3,1,0,60,2,0,742079273,8,1548288,68291119,431940,1,9987204,20893
3,1,0,60,30,0,1071609720,2,1500387,68376367,431940,1,9985854,21274
3,1,0,60,30,0,1701076604,6,1500387,68376367,431940,1,9985854,21274
3,1,0,60,30,0,1831317012,7,1500387,68376367,431940,1,9985854,21274
3,1,0,60,30,0,1907695289,1,1500387,68376367,431940,1,9985854,21274
3,1,0,60,30,0,1918510595,5,1500387,68376367,431940,1,9985854,21274
3,1,0,60,30,0,1954535726,4,1500387,68376367,431940,1,9985854,21274
3,1,0,60,30,0,365348640,3,1500387,68376367,431940,1,9985854,21274
3,1,0,60,30,0,478163327,0,1500387,68376367,431940,1,9985854,21274
3,1,0,60,30,0,493581915,9,1500387,68376367,431940,1,9985854,21274
3,1,0,60,30,0,742079273,8,1500387,68376367,431940,1,9985854,21274
3,1,0,60,5,0,1071609720,2,1548928,68322791,431940,1,9987479,20444
3,1,0,60,5,0,1701076604,6,1548928,68322791,431940,1,9987479,20444
3,1,0,60,5,0,1831317012,7,1548928,68322791,431940,1,9987479,20444
3,1,0,60,5,0,1907695289,1,1548928,68322791,431940,1,9987479,20444
3,1,0,60,5,0,1918510595,5,1548928,68322791,431940,1,9987479,20444
3,1,0,60,5,0,1954535726,4,1548928,68322791,431940,1,9987479,20444
3,1,0,60,5,0,365348640,3,1548928,68322791,431940,1,9987479,20444
3,1,0,60,5,0,478163327,0,1548928,68322791,431940,1,9987479,20444
3,1,0,60,5,0,493581915,9,1548928,68322791,431940,1,9987479,20444
3,1,0,60,5,0,742079273,8,1548928,68322791,431940,1,9987479,20444
3,1,2,120,0,0,1071609720,2,500119,20917721,446964,1,3060258,5829
3,1,2,120,0,0,1701076604,6,500119,20917721,446964,1,3060258,5829
3,1,2,120,0,0,1831317012,7,500119,20917721,446964,1,3060258,5829
3,1,2,120,0,0,1907695289,1,500119,20917721,446964,1,3060258,5829
3,1,2,120,0,0,1918510595,5,500119,20917721,446964,1,3060258,5829
3,1,2,120,0,0,1954535726,4,500119,20917721,446964,1,3060258,5829
3,1,2,120,0,0,365348640,3,500119,20917721,446964,1,3060258,5829
3,1,2,120,0,0,478163327,0,500119,20917721,446964,1,3060258,5829
3,1,2,120,0,0,493581915,9,500119,20917721,446964,1,3060258,5829
3,1,2,120,0,0,742079273,8,500119,20917721,446964,1,3060258,5829
3,1,2,120,10,0,1071609720,2,13729632,17254004,641024,1,3060811,5933
3,1,2,120,10,0,1701076604,6,13729632,17254004,641024,1,3060811,5933
3,1,2,120,10,0,1831317012,7,13729632,17254004,641024,1,3060811,5933
3,1,2,120,10,0,1907695289,1,13729632,17254004,641024,1,3060811,5933
3,1,2,120,10,0,1918510595,5,13729632,17254004,641024,1,3060811,5933
3,1,2,120,10,0,1954535726,4,13729632,17254004,641024,1,3060811,5933
3,1,2,120,10,0,365348640,3,13729632,17254004,641024,1,3060811,5933
3,1,2,120,10,0,478163327,0,13729632,17254004,641024,1,3060811,5933
3,1,2,120,10,0,493581915,9,13729632,17254004,641024,1,3060811,5933
3,1,2,120,10,0,742079273,8,13729632,17254004,641024,1,3060811,5933
3,1,2,120,20,0,1071609720,2,12946474,17061894,626000,1,3060824,4299
3,1,2,120,20,0,1701076604,6,12946474,17061894,626000,1,3060824,4299
3,1,2,120,20,0,1831317012,7,12946474,17061894,626000,1,3060824,4299
3,1,2,120,20,0,1907695289,1,12946474,17061894,626000,1,3060824,4299
3,1,2,120,20,0,1918510595,5,12946474,17061894,626000,1,3060824,4299
3,1,2,120,20,0,1954535726,4,12946474,17061894,626000,1,3060824,4299
3,1,2,120,20,0,365348640,3,12946474,17061894,626000,1,3060824,4299
3,1,2,120,20,0,478163327,0,12946474,17061894,626000,1,3060824,4299
3,1,2,120,20,0,493581915,9,12946474,17061894,626000,1,3060824,4299
3,1,2,120,20,0,742079273,8,12946474,17061894,626000,1,3060824,4299
3,1,2,120,2,0,1071609720,2,11676754,17271518,617236,1,3060607,5921
3,1,2,120,2,0,1701076604,6,11676754,17271518,617236,1,3060607,5921
3,1,2,120,2,0,1831317012,7,11676754,17271518,617236,1,3060607,5921
3,1,2,120,2,0,1907695289,1,11676754,17271518,617236,1,3060607,5921
3,1,2,120,2,0,1918510595,5,11676754,17271518,617236,1,3060607,5921
3,1,2,120,2,0,1954535726,4,11676754,17271518,617236,1,3060607,5921
3,1,2,120,2,0,365348640,3,11676754,17271518,617236,1,3060607,5921
3,1,2,120,2,0,478163327,0,11676754,17271518,617236,1,3060607,5921
3,1,2,120,2,0,493581915,9,11676754,17271518,617236,1,3060607,5921
3,1,2,120,2,0,742079273,8,11676754,17271518,617236,1,3060607,5921
3,1,2,120,30,0,1071609720,2,4656540,20046136,431940,1,3060804,6029
3,1,2,120,30,0,1701076604,6,4656540,20046136,431940,1,3060804,6029
3,1,2,120,30,0,1831317012,7,4656540,20046136,431940,1,3060804,6029
3,1,2,120,30,0,1907695289,1,4656540,20046136,431940,1,3060804,6029
3,1,2,120,30,0,1918510595,5,4656540,20046136,431940,1,3060804,6029
3,1,2,120,30,0,1954535726,4,4656540,20046136,431940,1,3060804,6029
3,1,2,120,30,0,365348640,3,4656540,20046136,431940,1,3060804,6029
3,1,2,120,30,0,478163327,0,4656540,20046136,431940,1,3060804,6029
3,1,2,120,30,0,493581915,9,4656540,20046136,431940,1,3060804,6029
3,1,2,120,30,0,742079273,8,4656540,20046136,431940,1,3060804,6029
3,1,2,120,5,0,1071609720,2,9725132,18875769,431940,1,3060737,5928
3,1,2,120,5,0,1701076604,6,9725132,18875769,431940,1,3060737,5928
3,1,2,120,5,0,1831317012,7,9725132,18875769,431940,1,3060737,5928
3,1,2,120,5,0,1907695289,1,9725132,18875769,431940,1,3060737,5928
3,1,2,120,5,0,1918510595,5,9725132,18875769,431940,1,3060737,5928
3,1,2,120,5,0,1954535726,4,9725132,18875769,431940,1,3060737,5928
3,1,2,120,5,0,365348640,3,9725132,18875769,431940,1,3060737,5928
3,1,2,120,5,0,478163327,0,9725132,18875769,431940,1,3060737,5928
3,1,2,120,5,0,493581915,9,9725132,18875769,431940,1,3060737,5928
3,1,2,120,5,0,742079273,8,9725132,18875769,431940,1,3060737,5928
3,1,2,30,0,0,1071609720,2,500510,20519633,447019,1,3060547,5344
3,1,2,30,0,0,1701076604,6,500510,20519633,447019,1,3060547,5344
3,1,2,30,0,0,1831317012,7,500510,20519633,447019,1,3060547,5344
3,1,2,30,0,0,1907695289,1,500510,20519633,447019,1,3060547,5344
3,1,2,30,0,0,1918510595,5,500510,20519633,447019,1,3060547,5344
3,1,2,30,0,0,1954535726,4,500510,20519633,447019,1,3060547,5344
3,1,2,30,0,0,365348640,3,500510,20519633,447019,1,3060547,5344
3,1,2,30,0,0,478163327,0,500510,20519633,447019,1,3060547,5344
3,1,2,30,0,0,493581915,9,500510,20519633,447019,1,3060547,5344
3,1,2,30,0,0,742079273,8,500510,20519633,447019,1,3060547,5344
3,1,2,30,10,0,1071609720,2,10025723,18862251,431940,1,3060706,5747
3,1,2,30,10,0,1701076604,6,10025723,18862251,431940,1,3060706,5747
3,1,2,30,10,0,1831317012,7,10025723,18862251,431940,1,3060706,5747
3,1,2,30,10,0,1907695289,1,10025723,18862251,431940,1,3060706,5747
3,1,2,30,10,0,1918510595,5,10025723,18862251,431940,1,3060706,5747
3,1,2,30,10,0,1954535726,4,10025723,18862251,431940,1,3060706,5747
3,1,2,30,10,0,365348640,3,10025723,18862251,431940,1,3060706,5747
3,1,2,30,10,0,478163327,0,10025723,18862251,431940,1,3060706,5747
3,1,2,30,10,0,493581915,9,10025723,18862251,431940,1,3060706,5747
3,1,2,30,10,0,742079273,8,10025723,18862251,431940,1,3060706,5747
3,1,2,30,20,0,1071609720,2,4662068,19473901,431940,1,3060552,5286
3,1,2,30,20,0,1701076604,6,4662068,19473901,431940,1,3060552,5286
3,1,2,30,20,0,1831317012,7,4662068,19473901,431940,1,3060552,5286
3,1,2,30,20,0,1907695289,1,4662068,19473901,431940,1,3060552,5286
3,1,2,30,20,0,1918510595,5,4662068,19473901,431940,1,3060552,5286
3,1,2,30,20,0,1954535726,4,4662068,19473901,431940,1,3060552,5286
3,1,2,30,20,0,365348640,3,4662068,19473901,431940,1,3060552,5286
3,1,2,30,20,0,478163327,0,4662068,19473901,431940,1,3060552,5286
3,1,2,30,20,0,493581915,9,4662068,19473901,431940,1,3060552,5286
3,1,2,30,20,0,742079273,8,4662068,19473901,431940,1,3060552,5286
3,1,2,30,2,0,1071609720,2,4692719,19462931,431940,1,3060551,5449
3,1,2,30,2,0,1701076604,6,4692719,19462931,431940,1,3060551,5449
3,1,2,30,2,0,1831317012,7,4692719,19462931,431940,1,3060551,5449
3,1,2,30,2,0,1907695289,1,4692719,19462931,431940,1,3060551,5449
3,1,2,30,2,0,1918510595,5,4692719,19462931,431940,1,3060551,5449
3,1,2,30,2,0,1954535726,4,4692719,19462931,431940,1,3060551,5449
3,1,2,30,2,0,365348640,3,4692719,19462931,431940,1,3060551,5449
3,1,2,30,2,0,478163327,0,4692719,19462931,431940,1,3060551,5449
3,1,2,30,2,0,493581915,9,4692719,19462931,431940,1,3060551,5449
3,1,2,30,2,0,742079273,8,4692719,19462931,431940,1,3060551,5449
3,1,2,30,30,0,1071609720,2,0,943445,16637,0,147694,3624
3,1,2,30,30,0,1701076604,6,0,943445,16637,0,147694,3624
3,1,2,30,30,0,1831317012,7,0,943445,16637,0,147694,3624
3,1,2,30,30,0,1907695289,1,0,943445,16637,0,147694,3624
3,1,2,30,30,0,1918510595,5,0,943445,16637,0,147694,3624
3,1,2,30,30,0,1954535726,4,0,943445,16637,0,147694,3624
3,1,2,30,30,0,365348640,3,0,943445,16637,0,147694,3624
3,1,2,30,30,0,478163327,0,0,943445,16637,0,147694,3624
3,1,2,30,30,0,493581915,9,0,943445,16637,0,147694,3624
3,1,2,30,30,0,742079273,8,0,943445,16637,0,147694,3624
3,1,2,30,5,0,1071609720,2,12886031,17097181,626000,1,3060822,5640
3,1,2,30,5,0,1701076604,6,12886031,17097181,626000,1,3060822,5640
3,1,2,30,5,0,1831317012,7,12886031,17097181,626000,1,3060822,5640
3,1,2,30,5,0,1907695289,1,12886031,17097181,626000,1,3060822,5640
3,1,2,30,5,0,1918510595,5,12886031,17097181,626000,1,3060822,5640
3,1,2,30,5,0,1954535726,4,12886031,17097181,626000,1,3060822,5640
3,1,2,30,5,0,365348640,3,12886031,17097181,626000,1,3060822,5640
3,1,2,30,5,0,478163327,0,12886031,17097181,626000,1,3060822,5640
3,1,2,30,5,0,493581915,9,12886031,17097181,626000,1,3060822,5640
3,1,2,30,5,0,742079273,8,12886031,17097181,626000,1,3060822,5640
3,1,2,60,0,0,1071609720,2,500626,21019050,439452,1,3060156,5513
3,1,2,60,0,0,1701076604,6,500626,21019050,439452,1,3060156,5513
3,1,2,60,0,0,1831317012,7,500626,21019050,439452,1,3060156,5513
3,1,2,60,0,0,1907695289,1,500626,21019050,439452,1,3060156,5513
3,1,2,60,0,0,1918510595,5,500626,21019050,439452,1,3060156,5513
3,1,2,60,0,0,1954535726,4,500626,21019050,439452,1,3060156,5513
3,1,2,60,0,0,365348640,3,500626,21019050,439452,1,3060156,5513
3,1,2,60,0,0,478163327,0,500626,21019050,439452,1,3060156,5513
3,1,2,60,0,0,493581915,9,500626,21019050,439452,1,3060156,5513
3,1,2,60,0,0,742079273,8,500626,21019050,439452,1,3060156,5513
3,1,2,60,10,0,1071609720,2,12680585,16928950,624748,1,3060787,6241
3,1,2,60,10,0,1701076604,6,12680585,16928950,624748,1,3060787,6241
3,1,2,60,10,0,1831317012,7,12680585,16928950,624748,1,3060787,6241
3,1,2,60,10,0,1907695289,1,12680585,16928950,624748,1,3060787,6241
3,1,2,60,10,0,1918510595,5,12680585,16928950,624748,1,3060787,6241
3,1,2,60,10,0,1954535726,4,12680585,16928950,624748,1,3060787,6241
3,1,2,60,10,0,365348640,3,12680585,16928950,624748,1,3060787,6241
3,1,2,60,10,0,478163327,0,12680585,16928950,624748,1,3060787,6241
3,1,2,60,10,0,493581915,9,12680585,16928950,624748,1,3060787,6241
3,1,2,60,10,0,742079273,8,12680585,16928950,624748,1,3060787,6241
3,1,2,60,20,0,1071609720,2,12639593,17020421,615984,1,3060535,6115
3,1,2,60,20,0,1701076604,6,12639593,17020421,615984,1,3060535,6115
3,1,2,60,20,0,1831317012,7,12639593,17020421,615984,1,3060535,6115
3,1,2,60,20,0,1907695289,1,12639593,17020421,615984,1,3060535,6115
3,1,2,60,20,0,1918510595,5,12639593,17020421,615984,1,3060535,6115
3,1,2,60,20,0,1954535726,4,12639593,17020421,615984,1,3060535,6115
3,1,2,60,20,0,365348640,3,12639593,17020421,615984,1,3060535,6115
3,1,2,60,20,0,478163327,0,12639593,17020421,615984,1,3060535,6115
3,1,2,60,20,0,493581915,9,12639593,17020421,615984,1,3060535,6115
3,1,2,60,20,0,742079273,8,12639593,17020421,615984,1,3060535,6115
3,1,2,60,2,0,1071609720,2,4688970,19864688,431940,1,3060537,5479
3,1,2,60,2,0,1701076604,6,4688970,19864688,431940,1,3060537,5479
3,1,2,60,2,0,1831317012,7,4688970,19864688,431940,1,3060537,5479
3,1,2,60,2,0,1907695289,1,4688970,19864688,431940,1,3060537,5479
3,1,2,60,2,0,1918510595,5,4688970,19864688,431940,1,3060537,5479
3,1,2,60,2,0,1954535726,4,4688970,19864688,431940,1,3060537,5479
3,1,2,60,2,0,365348640,3,4688970,19864688,431940,1,3060537,5479
3,1,2,60,2,0,478163327,0,4688970,19864688,431940,1,3060537,5479
3,1,2,60,2,0,493581915,9,4688970,19864688,431940,1,3060537,5479
3,1,2,60,2,0,742079273,8,4688970,19864688,431940,1,3060537,5479
3,1,2,60,30,0,1071609720,2,9669502,18891493,431940,1,3060710,6216
3,1,2,60,30,0,1701076604,6,9669502,18891493,431940,1,3060710,6216
3,1,2,60,30,0,1831317012,7,9669502,18891493,431940,1,3060710,6216
3,1,2,60,30,0,1907695289,1,9669502,18891493,431940,1,3060710,6216
3,1,2,60,30,0,1918510595,5,9669502,18891493,431940,1,3060710,6216
3,1,2,60,30,0,1954535726,4,9669502,18891493,431940,1,3060710,6216
3,1,2,60,30,0,365348640,3,9669502,18891493,431940,1,3060710,6216
3,1,2,60,30,0,478163327,0,9669502,18891493,431940,1,3060710,6216
3,1,2,60,30,0,493581915,9,9669502,18891493,431940,1,3060710,6216
3,1,2,60,30,0,742079273,8,9669502,18891493,431940,1,3060710,6216
3,1,2,60,5,0,1071609720,2,12771670,17194475,641024,1,3061067,5854
3,1,2,60,5,0,1701076604,6,12771670,17194475,641024,1,3061067,5854
3,1,2,60,5,0,1831317012,7,12771670,17194475,641024,1,3061067,5854
3,1,2,60,5,0,1907695289,1,12771670,17194475,641024,1,3061067,5854
3,1,2,60,5,0,1918510595,5,12771670,17194475,641024,1,3061067,5854
3,1,2,60,5,0,1954535726,4,12771670,17194475,641024,1,3061067,5854
3,1,2,60,5,0,365348640,3,12771670,17194475,641024,1,3061067,5854
3,1,2,60,5,0,478163327,0,12771670,17194475,641024,1,3061067,5854
3,1,2,60,5,0,493581915,9,12771670,17194475,641024,1,3061067,5854
3,1,2,60,5,0,742079273,8,12771670,17194475,641024,1,3061067,5854
3,2,0,120,0,0,1071609720,2,2506216,68551244,437760,1,10107292,58664
3,2,0,120,0,0,1701076604,6,2506216,68551244,437760,1,10107292,58664
3,2,0,120,0,0,1831317012,7,2506216,68551244,437760,1,10107292,58664
3,2,0,120,0,0,1907695289,1,2506216,68551244,437760,1,10107292,58664
3,2,0,120,0,0,1918510595,5,2506216,68551244,437760,1,10107292,58664
3,2,0,120,0,0,1954535726,4,2506216,68551244,437760,1,10107292,58664
3,2,0,120,0,0,365348640,3,2506216,68551244,437760,1,10107292,58664
3,2,0,120,0,0,478163327,0,2506216,68551244,437760,1,10107292,58664
3,2,0,120,0,0,493581915,9,2506216,68551244,437760,1,10107292,58664
3,2,0,120,0,0,742079273,8,2506216,68551244,437760,1,10107292,58664
3,2,0,120,10,0,1071609720,2,1582407,69054254,499424,1,10111360,59949
3,2,0,120,10,0,1701076604,6,1582407,69054254,499424,1,10111360,59949
3,2,0,120,10,0,1831317012,7,1582407,69054254,499424,1,10111360,59949
3,2,0,120,10,0,1907695289,1,1582407,69054254,499424,1,10111360,59949
3,2,0,120,10,0,1918510595,5,1582407,69054254,499424,1,10111360,59949
3,2,0,120,10,0,1954535726,4,1582407,69054254,499424,1,10111360,59949
3,2,0,120,10,0,365348640,3,1582407,69054254,499424,1,10111360,59949
3,2,0,120,10,0,478163327,0,1582407,69054254,499424,1,10111360,59949
3,2,0,120,10,0,493581915,9,1582407,69054254,499424,1,10111360,59949
3,2,0,120,10,0,742079273,8,1582407,69054254,499424,1,10111360,59949
3,2,0,120,20,0,1071609720,2,1638351,67924513,515824,1,9984500,17272
3,2,0,120,20,0,1701076604,6,1638351,67924513,515824,1,9984500,17272
3,2,0,120,20,0,1831317012,7,1638351,67924513,515824,1,9984500,17272
3,2,0,120,20,0,1907695289,1,1638351,67924513,515824,1,9984500,17272
3,2,0,120,20,0,1918510595,5,1638351,67924513,515824,1,9984500,17272
3,2,0,120,20,0,1954535726,4,1638351,67924513,515824,1,9984500,17272
3,2,0,120,20,0,365348640,3,1638351,67924513,515824,1,9984500,17272
3,2,0,120,20,0,478163327,0,1638351,67924513,515824,1,9984500,17272
3,2,0,120,20,0,493581915,9,1638351,67924513,515824,1,9984500,17272
3,2,0,120,20,0,742079273,8,1638351,67924513,515824,1,9984500,17272
3,2,0,120,2,0,1071609720,2,2717293,68049158,437760,1,10107292,56950
3,2,0,120,2,0,1701076604,6,2717293,68049158,437760,1,10107292,56950
3,2,0,120,2,0,1831317012,7,2717293,68049158,437760,1,10107292,56950
3,2,0,120,2,0,1907695289,1,2717293,68049158,437760,1,10107292,56950
3,2,0,120,2,0,1918510595,5,2717293,68049158,437760,1,10107292,56950
3,2,0,120,2,0,1954535726,4,2717293,68049158,437760,1,10107292,56950
3,2,0,120,2,0,365348640,3,2717293,68049158,437760,1,10107292,56950
3,2,0,120,2,0,478163327,0,2717293,68049158,437760,1,10107292,56950
3,2,0,120,2,0,493581915,9,2717293,68049158,437760,1,10107292,56950
3,2,0,120,2,0,742079273,8,2717293,68049158,437760,1,10107292,56950
3,2,0,120,30,0,1071609720,2,1757582,68003066,515824,1,9983684,17215
3,2,0,120,30,0,1701076604,6,1757582,68003066,515824,1,9983684,17215
3,2,0,120,30,0,1831317012,7,1757582,68003066,515824,1,9983684,17215
3,2,0,120,30,0,1907695289,1,1757582,68003066,515824,1,9983684,17215
3,2,0,120,30,0,1918510595,5,1757582,68003066,515824,1,9983684,17215
3,2,0,120,30,0,1954535726,4,1757582,68003066,515824,1,9983684,17215
3,2,0,120,30,0,365348640,3,1757582,68003066,515824,1,9983684,17215
3,2,0,120,30,0,478163327,0,1757582,68003066,515824,1,9983684,17215
3,2,0,120,30,0,493581915,9,1757582,68003066,515824,1,9983684,17215
3,2,0,120,30,0,742079273,8,1757582,68003066,515824,1,9983684,17215
3,2,0,120,5,0,1071609720,2,2586972,67878994,437760,1,10107918,59473
3,2,0,120,5,0,1701076604,6,2586972,67878994,437760,1,10107918,59473
3,2,0,120,5,0,1831317012,7,2586972,67878994,437760,1,10107918,59473
3,2,0,120,5,0,1907695289,1,2586972,67878994,437760,1,10107918,59473
3,2,0,120,5,0,1918510595,5,2586972,67878994,437760,1,10107918,59473
3,2,0,120,5,0,1954535726,4,2586972,67878994,437760,1,10107918,59473
3,2,0,120,5,0,365348640,3,2586972,67878994,437760,1,10107918,59473
3,2,0,120,5,0,478163327,0,2586972,67878994,437760,1,10107918,59473
3,2,0,120,5,0,493581915,9,2586972,67878994,437760,1,10107918,59473
3,2,0,120,5,0,742079273,8,2586972,67878994,437760,1,10107918,59473
3,2,0,30,0,0,1071609720,2,0,332969,45031503,0,0,0
3,2,0,30,0,0,1701076604,6,0,332969,45031503,0,0,0
3,2,0,30,0,0,1831317012,7,0,332969,45031503,0,0,0
3,2,0,30,0,0,1907695289,1,0,332969,45031503,0,0,0
3,2,0,30,0,0,1918510595,5,0,332969,45031503,0,0,0
3,2,0,30,0,0,1954535726,4,0,332969,45031503,0,0,0
3,2,0,30,0,0,365348640,3,0,332969,45031503,0,0,0
3,2,0,30,0,0,478163327,0,0,332969,45031503,0,0,0
3,2,0,30,0,0,493581915,9,0,332969,45031503,0,0,0
3,2,0,30,0,0,742079273,8,0,332969,45031503,0,0,0
3,2,0,30,10,0,1071609720,2,2675015,68016806,437760,1,10108857,58106
3,2,0,30,10,0,1701076604,6,2675015,68016806,437760,1,10108857,58106
3,2,0,30,10,0,1831317012,7,2675015,68016806,437760,1,10108857,58106
3,2,0,30,10,0,1907695289,1,2675015,68016806,437760,1,10108857,58106
3,2,0,30,10,0,1918510595,5,2675015,68016806,437760,1,10108857,58106
3,2,0,30,10,0,1954535726,4,2675015,68016806,437760,1,10108857,58106
3,2,0,30,10,0,365348640,3,2675015,68016806,437760,1,10108857,58106
3,2,0,30,10,0,478163327,0,2675015,68016806,437760,1,10108857,58106
3,2,0,30,10,0,493581915,9,2675015,68016806,437760,1,10108857,58106
3,2,0,30,10,0,742079273,8,2675015,68016806,437760,1,10108857,58106
3,2,0,30,20,0,1071609720,2,1768866,68133498,493920,1,9987475,19469
3,2,0,30,20,0,1701076604,6,1768866,68133498,493920,1,9987475,19469
3,2,0,30,20,0,1831317012,7,1768866,68133498,493920,1,9987475,19469
3,2,0,30,20,0,1907695289,1,1768866,68133498,493920,1,9987475,19469
3,2,0,30,20,0,1918510595,5,1768866,68133498,493920,1,9987475,19469
3,2,0,30,20,0,1954535726,4,1768866,68133498,493920,1,9987475,19469
3,2,0,30,20,0,365348640,3,1768866,68133498,493920,1,9987475,19469
3,2,0,30,20,0,478163327,0,1768866,68133498,493920,1,9987475,19469
3,2,0,30,20,0,493581915,9,1768866,68133498,493920,1,9987475,19469
3,2,0,30,20,0,742079273,8,1768866,68133498,493920,1,9987475,19469
3,2,0,30,2,0,1071609720,2,1502261,68108945,579676,1,9985854,19451
3,2,0,30,2,0,1701076604,6,1502261,68108945,579676,1,9985854,19451
3,2,0,30,2,0,1831317012,7,1502261,68108945,579676,1,9985854,19451
3,2,0,30,2,0,1907695289,1,1502261,68108945,579676,1,9985854,19451
3,2,0,30,2,0,1918510595,5,1502261,68108945,579676,1,9985854,19451
3,2,0,30,2,0,1954535726,4,1502261,68108945,579676,1,9985854,19451
3,2,0,30,2,0,365348640,3,1502261,68108945,579676,1,9985854,19451
3,2,0,30,2,0,478163327,0,1502261,68108945,579676,1,9985854,19451
3,2,0,30,2,0,493581915,9,1502261,68108945,579676,1,9985854,19451
3,2,0,30,2,0,742079273,8,1502261,68108945,579676,1,9985854,19451
3,2,0,30,30,0,1071609720,2,2524891,68056277,437760,1,10108541,59221
3,2,0,30,30,0,1701076604,6,2524891,68056277,437760,1,10108541,59221
3,2,0,30,30,0,1831317012,7,2524891,68056277,437760,1,10108541,59221
3,2,0,30,30,0,1907695289,1,2524891,68056277,437760,1,10108541,59221
3,2,0,30,30,0,1918510595,5,2524891,68056277,437760,1,10108541,59221
3,2,0,30,30,0,1954535726,4,2524891,68056277,437760,1,10108541,59221
3,2,0,30,30,0,365348640,3,2524891,68056277,437760,1,10108541,59221
3,2,0,30,30,0,478163327,0,2524891,68056277,437760,1,10108541,59221
3,2,0,30,30,0,493581915,9,2524891,68056277,437760,1,10108541,59221
3,2,0,30,30,0,742079273,8,2524891,68056277,437760,1,10108541,59221
3,2,0,30,5,0,1071609720,2,1656691,68337764,470712,1,9986122,17670
3,2,0,30,5,0,1701076604,6,1656691,68337764,470712,1,9986122,17670
3,2,0,30,5,0,1831317012,7,1656691,68337764,470712,1,9986122,17670
3,2,0,30,5,0,1907695289,1,1656691,68337764,470712,1,9986122,17670
3,2,0,30,5,0,1918510595,5,1656691,68337764,470712,1,9986122,17670
3,2,0,30,5,0,1954535726,4,1656691,68337764,470712,1,9986122,17670
3,2,0,30,5,0,365348640,3,1656691,68337764,470712,1,9986122,17670
3,2,0,30,5,0,478163327,0,1656691,68337764,470712,1,9986122,17670
3,2,0,30,5,0,493581915,9,1656691,68337764,470712,1,9986122,17670
3,2,0,30,5,0,742079273,8,1656691,68337764,470712,1,9986122,17670
3,2,0,60,0,0,1071609720,2,2504596,68375579,437760,1,10106355,55602
3,2,0,60,0,0,1701076604,6,2504596,68375579,437760,1,10106355,55602
3,2,0,60,0,0,1831317012,7,2504596,68375579,437760,1,10106355,55602
3,2,0,60,0,0,1907695289,1,2504596,68375579,437760,1,10106355,55602
3,2,0,60,0,0,1918510595,5,2504596,68375579,437760,1,10106355,55602
3,2,0,60,0,0,1954535726,4,2504596,68375579,437760,1,10106355,55602
3,2,0,60,0,0,365348640,3,2504596,68375579,437760,1,10106355,55602
3,2,0,60,0,0,478163327,0,2504596,68375579,437760,1,10106355,55602
3,2,0,60,0,0,493581915,9,2504596,68375579,437760,1,10106355,55602
3,2,0,60,0,0,742079273,8,2504596,68375579,437760,1,10106355,55602
3,2,0,60,10,0,1071609720,2,1524272,68139062,496548,1,9983416,15034
3,2,0,60,10,0,1701076604,6,1524272,68139062,496548,1,9983416,15034
3,2,0,60,10,0,1831317012,7,1524272,68139062,496548,1,9983416,15034
3,2,0,60,10,0,1907695289,1,1524272,68139062,496548,1,9983416,15034
3,2,0,60,10,0,1918510595,5,1524272,68139062,496548,1,9983416,15034
3,2,0,60,10,0,1954535726,4,1524272,68139062,496548,1,9983416,15034
3,2,0,60,10,0,365348640,3,1524272,68139062,496548,1,9983416,15034
3,2,0,60,10,0,478163327,0,1524272,68139062,496548,1,9983416,15034
3,2,0,60,10,0,493581915,9,1524272,68139062,496548,1,9983416,15034
3,2,0,60,10,0,742079273,8,1524272,68139062,496548,1,9983416,15034
3,2,0,60,20,0,1071609720,2,1636057,68121809,509564,1,9986392,20723
3,2,0,60,20,0,1701076604,6,1636057,68121809,509564,1,9986392,20723
3,2,0,60,20,0,1831317012,7,1636057,68121809,509564,1,9986392,20723
3,2,0,60,20,0,1907695289,1,1636057,68121809,509564,1,9986392,20723
3,2,0,60,20,0,1918510595,5,1636057,68121809,509564,1,9986392,20723
3,2,0,60,20,0,1954535726,4,1636057,68121809,509564,1,9986392,20723
3,2,0,60,20,0,365348640,3,1636057,68121809,509564,1,9986392,20723
3,2,0,60,20,0,478163327,0,1636057,68121809,509564,1,9986392,20723
3,2,0,60,20,0,493581915,9,1636057,68121809,509564,1,9986392,20723
3,2,0,60,20,0,742079273,8,1636057,68121809,509564,1,9986392,20723
3,2,0,60,2,0,1071609720,2,2646439,68096923,437760,1,10106355,57614
3,2,0,60,2,0,1701076604,6,2646439,68096923,437760,1,10106355,57614
3,2,0,60,2,0,1831317012,7,2646439,68096923,437760,1,10106355,57614
3,2,0,60,2,0,1907695289,1,2646439,68096923,437760,1,10106355,57614
3,2,0,60,2,0,1918510595,5,2646439,68096923,437760,1,10106355,57614
3,2,0,60,2,0,1954535726,4,2646439,68096923,437760,1,10106355,57614
3,2,0,60,2,0,365348640,3,2646439,68096923,437760,1,10106355,57614
3,2,0,60,2,0,478163327,0,2646439,68096923,437760,1,10106355,57614
3,2,0,60,2,0,493581915,9,2646439,68096923,437760,1,10106355,57614
3,2,0,60,2,0,742079273,8,2646439,68096923,437760,1,10106355,57614
3,2,0,60,30,0,1071609720,2,1715247,68062610,479272,1,9986124,21987
3,2,0,60,30,0,1701076604,6,1715247,68062610,479272,1,9986124,21987
3,2,0,60,30,0,1831317012,7,1715247,68062610,479272,1,9986124,21987
3,2,0,60,30,0,1907695289,1,1715247,68062610,479272,1,9986124,21987
3,2,0,60,30,0,1918510595,5,1715247,68062610,479272,1,9986124,21987
3,2,0,60,30,0,1954535726,4,1715247,68062610,479272,1,9986124,21987
3,2,0,60,30,0,365348640,3,1715247,68062610,479272,1,9986124,21987
3,2,0,60,30,0,478163327,0,1715247,68062610,479272,1,9986124,21987
3,2,0,60,30,0,493581915,9,1715247,68062610,479272,1,9986124,21987
3,2,0,60,30,0,742079273,8,1715247,68062610,479272,1,9986124,21987
3,2,0,60,5,0,1071609720,2,2509308,67836798,437760,1,10106354,57915
3,2,0,60,5,0,1701076604,6,2509308,67836798,437760,1,10106354,57915
3,2,0,60,5,0,1831317012,7,2509308,67836798,437760,1,10106354,57915
3,2,0,60,5,0,1907695289,1,2509308,67836798,437760,1,10106354,57915
3,2,0,60,5,0,1918510595,5,2509308,67836798,437760,1,10106354,57915
3,2,0,60,5,0,1954535726,4,2509308,67836798,437760,1,10106354,57915
3,2,0,60,5,0,365348640,3,2509308,67836798,437760,1,10106354,57915
3,2,0,60,5,0,478163327,0,2509308,67836798,437760,1,10106354,57915
3,2,0,60,5,0,493581915,9,2509308,67836798,437760,1,10106354,57915
3,2,0,60,5,0,742079273,8,2509308,67836798,437760,1,10106354,57915
3,2,1,120,0,0,1071609720,2,2503112,67714928,437760,1,10126334,54573
3,2,1,120,0,0,1701076604,6,2503112,67714928,437760,1,10126334,54573
3,2,1,120,0,0,1831317012,7,2503112,67714928,437760,1,10126334,54573
3,2,1,120,0,0,1907695289,1,2503112,67714928,437760,1,10126334,54573
3,2,1,120,0,0,1918510595,5,2503112,67714928,437760,1,10126334,54573
3,2,1,120,0,0,1954535726,4,2503112,67714928,437760,1,10126334,54573
3,2,1,120,0,0,365348640,3,2503112,67714928,437760,1,10126334,54573
3,2,1,120,0,0,478163327,0,2503112,67714928,437760,1,10126334,54573
3,2,1,120,0,0,493581915,9,2503112,67714928,437760,1,10126334,54573
3,2,1,120,0,0,742079273,8,2503112,67714928,437760,1,10126334,54573
3,2,1,120,10,0,1071609720,2,1582717,68578521,707040,1,10063848,347236
3,2,1,120,10,0,1701076604,6,1582717,68578521,707040,1,10063848,347236
3,2,1,120,10,0,1831317012,7,1582717,68578521,707040,1,10063848,347236
3,2,1,120,10,0,1907695289,1,1582717,68578521,707040,1,10063848,347236
3,2,1,120,10,0,1918510595,5,1582717,68578521,707040,1,10063848,347236
3,2,1,120,10,0,1954535726,4,1582717,68578521,707040,1,10063848,347236
3,2,1,120,10,0,365348640,3,1582717,68578521,707040,1,10063848,347236
3,2,1,120,10,0,478163327,0,1582717,68578521,707040,1,10063848,347236
3,2,1,120,10,0,493581915,9,1582717,68578521,707040,1,10063848,347236
3,2,1,120,10,0,742079273,8,1582717,68578521,707040,1,10063848,347236
3,2,1,120,20,0,1071609720,2,1638646,68591607,707040,1,10047312,549903
3,2,1,120,20,0,1701076604,6,1638646,68591607,707040,1,10047312,549903
3,2,1,120,20,0,1831317012,7,1638646,68591607,707040,1,10047312,549903
3,2,1,120,20,0,1907695289,1,1638646,68591607,707040,1,10047312,549903
3,2,1,120,20,0,1918510595,5,1638646,68591607,707040,1,10047312,549903
3,2,1,120,20,0,1954535726,4,1638646,68591607,707040,1,10047312,549903
3,2,1,120,20,0,365348640,3,1638646,68591607,707040,1,10047312,549903
3,2,1,120,20,0,478163327,0,1638646,68591607,707040,1,10047312,549903
3,2,1,120,20,0,493581915,9,1638646,68591607,707040,1,10047312,549903
3,2,1,120,20,0,742079273,8,1638646,68591607,707040,1,10047312,549903
3,2,1,120,2,0,1071609720,2,4721243,65122220,437760,1,10042310,394801
3,2,1,120,2,0,1701076604,6,4721243,65122220,437760,1,10042310,394801
3,2,1,120,2,0,1831317012,7,4721243,65122220,437760,1,10042310,394801
3,2,1,120,2,0,1907695289,1,4721243,65122220,437760,1,10042310,394801
3,2,1,120,2,0,1918510595,5,4721243,65122220,437760,1,10042310,394801
3,2,1,120,2,0,1954535726,4,4721243,65122220,437760,1,10042310,394801
3,2,1,120,2,0,365348640,3,4721243,65122220,437760,1,10042310,394801
3,2,1,120,2,0,478163327,0,4721243,65122220,437760,1,10042310,394801
3,2,1,120,2,0,493581915,9,4721243,65122220,437760,1,10042310,394801
3,2,1,120,2,0,742079273,8,4721243,65122220,437760,1,10042310,394801
3,2,1,120,30,0,1071609720,2,1758459,68451730,705600,1,10051691,539211
3,2,1,120,30,0,1701076604,6,1758459,68451730,705600,1,10051691,539211
3,2,1,120,30,0,1831317012,7,1758459,68451730,705600,1,10051691,539211
3,2,1,120,30,0,1907695289,1,1758459,68451730,705600,1,10051691,539211
3,2,1,120,30,0,1918510595,5,1758459,68451730,705600,1,10051691,539211
3,2,1,120,30,0,1954535726,4,1758459,68451730,705600,1,10051691,539211
3,2,1,120,30,0,365348640,3,1758459,68451730,705600,1,10051691,539211
3,2,1,120,30,0,478163327,0,1758459,68451730,705600,1,10051691,539211
3,2,1,120,30,0,493581915,9,1758459,68451730,705600,1,10051691,539211
3,2,1,120,30,0,742079273,8,1758459,68451730,705600,1,10051691,539211
3,2,1,120,5,0,1071609720,2,3588009,66307402,437760,1,10030740,543941
3,2,1,120,5,0,1701076604,6,3588009,66307402,437760,1,10030740,543941
3,2,1,120,5,0,1831317012,7,3588009,66307402,437760,1,10030740,543941
3,2,1,120,5,0,1907695289,1,3588009,66307402,437760,1,10030740,543941
3,2,1,120,5,0,1918510595,5,3588009,66307402,437760,1,10030740,543941
3,2,1,120,5,0,1954535726,4,3588009,66307402,437760,1,10030740,543941
3,2,1,120,5,0,365348640,3,3588009,66307402,437760,1,10030740,543941
3,2,1,120,5,0,478163327,0,3588009,66307402,437760,1,10030740,543941
3,2,1,120,5,0,493581915,9,3588009,66307402,437760,1,10030740,543941
3,2,1,120,5,0,742079273,8,3588009,66307402,437760,1,10030740,543941
3,2,1,30,0,0,1071609720,2,1502883,68404643,953280,1,10017049,62717
3,2,1,30,0,0,1701076604,6,1502883,68404643,953280,1,10017049,62717
3,2,1,30,0,0,1831317012,7,1502883,68404643,953280,1,10017049,62717
3,2,1,30,0,0,1907695289,1,1502883,68404643,953280,1,10017049,62717
3,2,1,30,0,0,1918510595,5,1502883,68404643,953280,1,10017049,62717
3,2,1,30,0,0,1954535726,4,1502883,68404643,953280,1,10017049,62717
3,2,1,30,0,0,365348640,3,1502883,68404643,953280,1,10017049,62717
3,2,1,30,0,0,478163327,0,1502883,68404643,953280,1,10017049,62717
3,2,1,30,0,0,493581915,9,1502883,68404643,953280,1,10017049,62717
3,2,1,30,0,0,742079273,8,1502883,68404643,953280,1,10017049,62717
3,2,1,30,10,0,1071609720,2,3675444,66887914,437760,1,10108195,42937
3,2,1,30,10,0,1701076604,6,3675444,66887914,437760,1,10108195,42937
3,2,1,30,10,0,1831317012,7,3675444,66887914,437760,1,10108195,42937
3,2,1,30,10,0,1907695289,1,3675444,66887914,437760,1,10108195,42937
3,2,1,30,10,0,1918510595,5,3675444,66887914,437760,1,10108195,42937
3,2,1,30,10,0,1954535726,4,3675444,66887914,437760,1,10108195,42937
3,2,1,30,10,0,365348640,3,3675444,66887914,437760,1,10108195,42937
3,2,1,30,10,0,478163327,0,3675444,66887914,437760,1,10108195,42937
3,2,1,30,10,0,493581915,9,3675444,66887914,437760,1,10108195,42937
3,2,1,30,10,0,742079273,8,3675444,66887914,437760,1,10108195,42937
3,2,1,30,20,0,1071609720,2,1768581,68790380,692640,1,10131964,58266
3,2,1,30,20,0,1701076604,6,1768581,68790380,692640,1,10131964,58266
3,2,1,30,20,0,1831317012,7,1768581,68790380,692640,1,10131964,58266
3,2,1,30,20,0,1907695289,1,1768581,68790380,692640,1,10131964,58266
3,2,1,30,20,0,1918510595,5,1768581,68790380,692640,1,10131964,58266
3,2,1,30,20,0,1954535726,4,1768581,68790380,692640,1,10131964,58266
3,2,1,30,20,0,365348640,3,1768581,68790380,692640,1,10131964,58266
3,2,1,30,20,0,478163327,0,1768581,68790380,692640,1,10131964,58266
3,2,1,30,20,0,493581915,9,1768581,68790380,692640,1,10131964,58266
3,2,1,30,20,0,742079273,8,1768581,68790380,692640,1,10131964,58266
3,2,1,30,2,0,1071609720,2,1502230,67923752,758880,1,10020834,60531
3,2,1,30,2,0,1701076604,6,1502230,67923752,758880,1,10020834,60531
3,2,1,30,2,0,1831317012,7,1502230,67923752,758880,1,10020834,60531
3,2,1,30,2,0,1907695289,1,1502230,67923752,758880,1,10020834,60531
3,2,1,30,2,0,1918510595,5,1502230,67923752,758880,1,10020834,60531
3,2,1,30,2,0,1954535726,4,1502230,67923752,758880,1,10020834,60531
3,2,1,30,2,0,365348640,3,1502230,67923752,758880,1,10020834,60531
3,2,1,30,2,0,478163327,0,1502230,67923752,758880,1,10020834,60531
3,2,1,30,2,0,493581915,9,1502230,67923752,758880,1,10020834,60531
3,2,1,30,2,0,742079273,8,1502230,67923752,758880,1,10020834,60531
3,2,1,30,30,0,1071609720,2,4523621,65562174,437760,1,10141342,63699
3,2,1,30,30,0,1701076604,6,4523621,65562174,437760,1,10141342,63699
3,2,1,30,30,0,1831317012,7,4523621,65562174,437760,1,10141342,63699
3,2,1,30,30,0,1907695289,1,4523621,65562174,437760,1,10141342,63699
3,2,1,30,30,0,1918510595,5,4523621,65562174,437760,1,10141342,63699
3,2,1,30,30,0,1954535726,4,4523621,65562174,437760,1,10141342,63699
3,2,1,30,30,0,365348640,3,4523621,65562174,437760,1,10141342,63699
3,2,1,30,30,0,478163327,0,4523621,65562174,437760,1,10141342,63699
3,2,1,30,30,0,493581915,9,4523621,65562174,437760,1,10141342,63699
3,2,1,30,30,0,742079273,8,4523621,65562174,437760,1,10141342,63699
3,2,1,30,5,0,1071609720,2,1656816,68863805,692640,1,10122893,53297
3,2,1,30,5,0,1701076604,6,1656816,68863805,692640,1,10122893,53297
3,2,1,30,5,0,1831317012,7,1656816,68863805,692640,1,10122893,53297
3,2,1,30,5,0,1907695289,1,1656816,68863805,692640,1,10122893,53297
3,2,1,30,5,0,1918510595,5,1656816,68863805,692640,1,10122893,53297
3,2,1,30,5,0,1954535726,4,1656816,68863805,692640,1,10122893,53297
3,2,1,30,5,0,365348640,3,1656816,68863805,692640,1,10122893,53297
3,2,1,30,5,0,478163327,0,1656816,68863805,692640,1,10122893,53297
3,2,1,30,5,0,493581915,9,1656816,68863805,692640,1,10122893,53297
3,2,1,30,5,0,742079273,8,1656816,68863805,692640,1,10122893,53297
3,2,1,60,0,0,1071609720,2,2503365,67393240,437760,1,9999861,581449
3,2,1,60,0,0,1701076604,6,2503365,67393240,437760,1,9999861,581449
3,2,1,60,0,0,1831317012,7,2503365,67393240,437760,1,9999861,581449
3,2,1,60,0,0,1907695289,1,2503365,67393240,437760,1,9999861,581449
3,2,1,60,0,0,1918510595,5,2503365,67393240,437760,1,9999861,581449
3,2,1,60,0,0,1954535726,4,2503365,67393240,437760,1,9999861,581449
3,2,1,60,0,0,365348640,3,2503365,67393240,437760,1,9999861,581449
3,2,1,60,0,0,478163327,0,2503365,67393240,437760,1,9999861,581449
3,2,1,60,0,0,493581915,9,2503365,67393240,437760,1,9999861,581449
3,2,1,60,0,0,742079273,8,2503365,67393240,437760,1,9999861,581449
3,2,1,60,10,0,1071609720,2,1523971,68894801,705600,1,10101940,35730
3,2,1,60,10,0,1701076604,6,1523971,68894801,705600,1,10101940,35730
3,2,1,60,10,0,1831317012,7,1523971,68894801,705600,1,10101940,35730
3,2,1,60,10,0,1907695289,1,1523971,68894801,705600,1,10101940,35730
3,2,1,60,10,0,1918510595,5,1523971,68894801,705600,1,10101940,35730
3,2,1,60,10,0,1954535726,4,1523971,68894801,705600,1,10101940,35730
3,2,1,60,10,0,365348640,3,1523971,68894801,705600,1,10101940,35730
3,2,1,60,10,0,478163327,0,1523971,68894801,705600,1,10101940,35730
3,2,1,60,10,0,493581915,9,1523971,68894801,705600,1,10101940,35730
3,2,1,60,10,0,742079273,8,1523971,68894801,705600,1,10101940,35730
3,2,1,60,20,0,1071609720,2,1636344,68807847,705600,1,10102880,38730
3,2,1,60,20,0,1701076604,6,1636344,68807847,705600,1,10102880,38730
3,2,1,60,20,0,1831317012,7,1636344,68807847,705600,1,10102880,38730
3,2,1,60,20,0,1907695289,1,1636344,68807847,705600,1,10102880,38730
3,2,1,60,20,0,1918510595,5,1636344,68807847,705600,1,10102880,38730
3,2,1,60,20,0,1954535726,4,1636344,68807847,705600,1,10102880,38730
3,2,1,60,20,0,365348640,3,1636344,68807847,705600,1,10102880,38730
3,2,1,60,20,0,478163327,0,1636344,68807847,705600,1,10102880,38730
3,2,1,60,20,0,493581915,9,1636344,68807847,705600,1,10102880,38730
3,2,1,60,20,0,742079273,8,1636344,68807847,705600,1,10102880,38730
3,2,1,60,2,0,1071609720,2,3646893,66602892,437760,1,10020482,609276
3,2,1,60,2,0,1701076604,6,3646893,66602892,437760,1,10020482,609276
3,2,1,60,2,0,1831317012,7,3646893,66602892,437760,1,10020482,609276
3,2,1,60,2,0,1907695289,1,3646893,66602892,437760,1,10020482,609276
3,2,1,60,2,0,1918510595,5,3646893,66602892,437760,1,10020482,609276
3,2,1,60,2,0,1954535726,4,3646893,66602892,437760,1,10020482,609276
3,2,1,60,2,0,365348640,3,3646893,66602892,437760,1,10020482,609276
3,2,1,60,2,0,478163327,0,3646893,66602892,437760,1,10020482,609276
3,2,1,60,2,0,493581915,9,3646893,66602892,437760,1,10020482,609276
3,2,1,60,2,0,742079273,8,3646893,66602892,437760,1,10020482,609276
3,2,1,60,30,0,1071609720,2,1714924,68438937,705600,1,10112890,45901
3,2,1,60,30,0,1701076604,6,1714924,68438937,705600,1,10112890,45901
3,2,1,60,30,0,1831317012,7,1714924,68438937,705600,1,10112890,45901
3,2,1,60,30,0,1907695289,1,1714924,68438937,705600,1,10112890,45901
3,2,1,60,30,0,1918510595,5,1714924,68438937,705600,1,10112890,45901
3,2,1,60,30,0,1954535726,4,1714924,68438937,705600,1,10112890,45901
3,2,1,60,30,0,365348640,3,1714924,68438937,705600,1,10112890,45901
3,2,1,60,30,0,478163327,0,1714924,68438937,705600,1,10112890,45901
3,2,1,60,30,0,493581915,9,1714924,68438937,705600,1,10112890,45901
3,2,1,60,30,0,742079273,8,1714924,68438937,705600,1,10112890,45901
3,2,1,60,5,0,1071609720,2,4508817,65105094,437760,1,10101940,36004
3,2,1,60,5,0,1701076604,6,4508817,65105094,437760,1,10101940,36004
3,2,1,60,5,0,1831317012,7,4508817,65105094,437760,1,10101940,36004
3,2,1,60,5,0,1907695289,1,4508817,65105094,437760,1,10101940,36004
3,2,1,60,5,0,1918510595,5,4508817,65105094,437760,1,10101940,36004
3,2,1,60,5,0,1954535726,4,4508817,65105094,437760,1,10101940,36004
3,2,1,60,5,0,365348640,3,4508817,65105094,437760,1,10101940,36004
3,2,1,60,5,0,478163327,0,4508817,65105094,437760,1,10101940,36004
3,2,1,60,5,0,493581915,9,4508817,65105094,437760,1,10101940,36004
3,2,1,60,5,0,742079273,8,4508817,65105094,437760,1,10101940,36004
4,0,1,120,0,0,1071609720,2,0,46753597,153996,0,7026669,15619
4,0,1,120,0,0,1701076604,6,0,46753597,153996,0,7026669,15619
4,0,1,120,0,0,1831317012,7,0,46753597,153996,0,7026669,15619
4,0,1,120,0,0,1907695289,1,0,46753597,153996,0,7026669,15619
4,0,1,120,0,0,1918510595,5,0,46753597,153996,0,7026669,15619
4,0,1,120,0,0,1954535726,4,0,46753597,153996,0,7026669,15619
4,0,1,120,0,0,365348640,3,0,46753597,153996,0,7026669,15619
4,0,1,120,0,0,478163327,0,0,46753597,153996,0,7026669,15619
4,0,1,120,0,0,493581915,9,0,46753597,153996,0,7026669,15619
4,0,1,120,0,0,742079273,8,0,46753597,153996,0,7026669,15619
4,0,1,120,10,0,1071609720,2,0,47822958,157752,0,7180672,17659
4,0,1,120,10,0,1701076604,6,0,47822958,157752,0,7180672,17659
4,0,1,120,10,0,1831317012,7,0,47822958,157752,0,7180672,17659
4,0,1,120,10,0,1907695289,1,0,47822958,157752,0,7180672,17659
4,0,1,120,10,0,1918510595,5,0,47822958,157752,0,7180672,17659
4,0,1,120,10,0,1954535726,4,0,47822958,157752,0,7180672,17659
4,0,1,120,10,0,365348640,3,0,47822958,157752,0,7180672,17659
4,0,1,120,10,0,478163327,0,0,47822958,157752,0,7180672,17659
4,0,1,120,10,0,493581915,9,0,47822958,157752,0,7180672,17659
4,0,1,120,10,0,742079273,8,0,47822958,157752,0,7180672,17659
4,0,1,120,20,0,1071609720,2,0,46933910,153996,0,7025858,16290
4,0,1,120,20,0,1701076604,6,0,46933910,153996,0,7025858,16290
4,0,1,120,20,0,1831317012,7,0,46933910,153996,0,7025858,16290
4,0,1,120,20,0,1907695289,1,0,46933910,153996,0,7025858,16290
4,0,1,120,20,0,1918510595,5,0,46933910,153996,0,7025858,16290
4,0,1,120,20,0,1954535726,4,0,46933910,153996,0,7025858,16290
4,0,1,120,20,0,365348640,3,0,46933910,153996,0,7025858,16290
4,0,1,120,20,0,478163327,0,0,46933910,153996,0,7025858,16290
4,0,1,120,20,0,493581915,9,0,46933910,153996,0,7025858,16290
4,0,1,120,20,0,742079273,8,0,46933910,153996,0,7025858,16290
4,0,1,120,2,0,1071609720,2,0,46931431,153996,0,7026128,13972
4,0,1,120,2,0,1701076604,6,0,46931431,153996,0,7026128,13972
4,0,1,120,2,0,1831317012,7,0,46931431,153996,0,7026128,13972
4,0,1,120,2,0,1907695289,1,0,46931431,153996,0,7026128,13972
4,0,1,120,2,0,1918510595,5,0,46931431,153996,0,7026128,13972
4,0,1,120,2,0,1954535726,4,0,46931431,153996,0,7026128,13972
4,0,1,120,2,0,365348640,3,0,46931431,153996,0,7026128,13972
4,0,1,120,2,0,478163327,0,0,46931431,153996,0,7026128,13972
4,0,1,120,2,0,493581915,9,0,46931431,153996,0,7026128,13972
4,0,1,120,2,0,742079273,8,0,46931431,153996,0,7026128,13972
4,0,1,120,30,0,1071609720,2,0,47591923,157752,0,7179393,14385
4,0,1,120,30,0,1701076604,6,0,47591923,157752,0,7179393,14385
4,0,1,120,30,0,1831317012,7,0,47591923,157752,0,7179393,14385
4,0,1,120,30,0,1907695289,1,0,47591923,157752,0,7179393,14385
4,0,1,120,30,0,1918510595,5,0,47591923,157752,0,7179393,14385
4,0,1,120,30,0,1954535726,4,0,47591923,157752,0,7179393,14385
4,0,1,120,30,0,365348640,3,0,47591923,157752,0,7179393,14385
4,0,1,120,30,0,478163327,0,0,47591923,157752,0,7179393,14385
4,0,1,120,30,0,493581915,9,0,47591923,157752,0,7179393,14385
4,0,1,120,30,0,742079273,8,0,47591923,157752,0,7179393,14385
4,0,1,120,5,0,1071609720,2,0,47864027,157752,0,7180545,18138
4,0,1,120,5,0,1701076604,6,0,47864027,157752,0,7180545,18138
4,0,1,120,5,0,1831317012,7,0,47864027,157752,0,7180545,18138
4,0,1,120,5,0,1907695289,1,0,47864027,157752,0,7180545,18138
4,0,1,120,5,0,1918510595,5,0,47864027,157752,0,7180545,18138
4,0,1,120,5,0,1954535726,4,0,47864027,157752,0,7180545,18138
4,0,1,120,5,0,365348640,3,0,47864027,157752,0,7180545,18138
4,0,1,120,5,0,478163327,0,0,47864027,157752,0,7180545,18138
4,0,1,120,5,0,493581915,9,0,47864027,157752,0,7180545,18138
4,0,1,120,5,0,742079273,8,0,47864027,157752,0,7180545,18138
4,0,1,30,0,0,1071609720,2,0,47051191,156500,0,7123636,18064
4,0,1,30,0,0,1701076604,6,0,47051191,156500,0,7123636,18064
4,0,1,30,0,0,1831317012,7,0,47051191,156500,0,7123636,18064
4,0,1,30,0,0,1907695289,1,0,47051191,156500,0,7123636,18064
4,0,1,30,0,0,1918510595,5,0,47051191,156500,0,7123636,18064
4,0,1,30,0,0,1954535726,4,0,47051191,156500,0,7123636,18064
4,0,1,30,0,0,365348640,3,0,47051191,156500,0,7123636,18064
4,0,1,30,0,0,478163327,0,0,47051191,156500,0,7123636,18064
4,0,1,30,0,0,493581915,9,0,47051191,156500,0,7123636,18064
4,0,1,30,0,0,742079273,8,0,47051191,156500,0,7123636,18064
4,0,1,30,10,0,1071609720,2,0,47509132,156500,0,7122012,24136
4,0,1,30,10,0,1701076604,6,0,47509132,156500,0,7122012,24136
4,0,1,30,10,0,1831317012,7,0,47509132,156500,0,7122012,24136
4,0,1,30,10,0,1907695289,1,0,47509132,156500,0,7122012,24136
4,0,1,30,10,0,1918510595,5,0,47509132,156500,0,7122012,24136
4,0,1,30,10,0,1954535726,4,0,47509132,156500,0,7122012,24136
4,0,1,30,10,0,365348640,3,0,47509132,156500,0,7122012,24136
4,0,1,30,10,0,478163327,0,0,47509132,156500,0,7122012,24136
4,0,1,30,10,0,493581915,9,0,47509132,156500,0,7122012,24136
4,0,1,30,10,0,742079273,8,0,47509132,156500,0,7122012,24136
4,0,1,30,20,0,1071609720,2,0,47880570,157752,0,7180476,15980
4,0,1,30,20,0,1701076604,6,0,47880570,157752,0,7180476,15980
4,0,1,30,20,0,1831317012,7,0,47880570,157752,0,7180476,15980
4,0,1,30,20,0,1907695289,1,0,47880570,157752,0,7180476,15980
4,0,1,30,20,0,1918510595,5,0,47880570,157752,0,7180476,15980
4,0,1,30,20,0,1954535726,4,0,47880570,157752,0,7180476,15980
4,0,1,30,20,0,365348640,3,0,47880570,157752,0,7180476,15980
4,0,1,30,20,0,478163327,0,0,47880570,157752,0,7180476,15980
4,0,1,30,20,0,493581915,9,0,47880570,157752,0,7180476,15980
4,0,1,30,20,0,742079273,8,0,47880570,157752,0,7180476,15980
4,0,1,30,2,0,1071609720,2,0,47617454,157752,0,7180746,15369
4,0,1,30,2,0,1701076604,6,0,47617454,157752,0,7180746,15369
4,0,1,30,2,0,1831317012,7,0,47617454,157752,0,7180746,15369
4,0,1,30,2,0,1907695289,1,0,47617454,157752,0,7180746,15369
4,0,1,30,2,0,1918510595,5,0,47617454,157752,0,7180746,15369
4,0,1,30,2,0,1954535726,4,0,47617454,157752,0,7180746,15369
4,0,1,30,2,0,365348640,3,0,47617454,157752,0,7180746,15369
4,0,1,30,2,0,478163327,0,0,47617454,157752,0,7180746,15369
4,0,1,30,2,0,493581915,9,0,47617454,157752,0,7180746,15369
4,0,1,30,2,0,742079273,8,0,47617454,157752,0,7180746,15369
4,0,1,30,30,0,1071609720,2,0,10814607,35056,0,1594668,7741
4,0,1,30,30,0,1701076604,6,0,10814607,35056,0,1594668,7741
4,0,1,30,30,0,1831317012,7,0,10814607,35056,0,1594668,7741
4,0,1,30,30,0,1907695289,1,0,10814607,35056,0,1594668,7741
4,0,1,30,30,0,1918510595,5,0,10814607,35056,0,1594668,7741
4,0,1,30,30,0,1954535726,4,0,10814607,35056,0,1594668,7741
4,0,1,30,30,0,365348640,3,0,10814607,35056,0,1594668,7741
4,0,1,30,30,0,478163327,0,0,10814607,35056,0,1594668,7741
4,0,1,30,30,0,493581915,9,0,10814607,35056,0,1594668,7741
4,0,1,30,30,0,742079273,8,0,10814607,35056,0,1594668,7741
4,0,1,30,5,0,1071609720,2,0,47831906,157752,0,7180476,15819
4,0,1,30,5,0,1701076604,6,0,47831906,157752,0,7180476,15819
4,0,1,30,5,0,1831317012,7,0,47831906,157752,0,7180476,15819
4,0,1,30,5,0,1907695289,1,0,47831906,157752,0,7180476,15819
4,0,1,30,5,0,1918510595,5,0,47831906,157752,0,7180476,15819
4,0,1,30,5,0,1954535726,4,0,47831906,157752,0,7180476,15819
4,0,1,30,5,0,365348640,3,0,47831906,157752,0,7180476,15819
4,0,1,30,5,0,478163327,0,0,47831906,157752,0,7180476,15819
4,0,1,30,5,0,493581915,9,0,47831906,157752,0,7180476,15819
4,0,1,30,5,0,742079273,8,0,47831906,157752,0,7180476,15819
4,0,1,60,0,0,1071609720,2,0,47439714,157752,0,7180746,16357
4,0,1,60,0,0,1701076604,6,0,47439714,157752,0,7180746,16357
4,0,1,60,0,0,1831317012,7,0,47439714,157752,0,7180746,16357
4,0,1,60,0,0,1907695289,1,0,47439714,157752,0,7180746,16357
4,0,1,60,0,0,1918510595,5,0,47439714,157752,0,7180746,16357
4,0,1,60,0,0,1954535726,4,0,47439714,157752,0,7180746,16357
4,0,1,60,0,0,365348640,3,0,47439714,157752,0,7180746,16357
4,0,1,60,0,0,478163327,0,0,47439714,157752,0,7180746,16357
4,0,1,60,0,0,493581915,9,0,47439714,157752,0,7180746,16357
4,0,1,60,0,0,742079273,8,0,47439714,157752,0,7180746,16357
4,0,1,60,10,0,1071609720,2,0,47535978,156500,0,7124177,23663
4,0,1,60,10,0,1701076604,6,0,47535978,156500,0,7124177,23663
4,0,1,60,10,0,1831317012,7,0,47535978,156500,0,7124177,23663
4,0,1,60,10,0,1907695289,1,0,47535978,156500,0,7124177,23663
4,0,1,60,10,0,1918510595,5,0,47535978,156500,0,7124177,23663
4,0,1,60,10,0,1954535726,4,0,47535978,156500,0,7124177,23663
4,0,1,60,10,0,365348640,3,0,47535978,156500,0,7124177,23663
4,0,1,60,10,0,478163327,0,0,47535978,156500,0,7124177,23663
4,0,1,60,10,0,493581915,9,0,47535978,156500,0,7124177,23663
4,0,1,60,10,0,742079273,8,0,47535978,156500,0,7124177,23663
4,0,1,60,20,0,1071609720,2,0,47560362,156500,0,7123906,22599
4,0,1,60,20,0,1701076604,6,0,47560362,156500,0,7123906,22599
4,0,1,60,20,0,1831317012,7,0,47560362,156500,0,7123906,22599
4,0,1,60,20,0,1907695289,1,0,47560362,156500,0,7123906,22599
4,0,1,60,20,0,1918510595,5,0,47560362,156500,0,7123906,22599
4,0,1,60,20,0,1954535726,4,0,47560362,156500,0,7123906,22599
4,0,1,60,20,0,365348640,3,0,47560362,156500,0,7123906,22599
4,0,1,60,20,0,478163327,0,0,47560362,156500,0,7123906,22599
4,0,1,60,20,0,493581915,9,0,47560362,156500,0,7123906,22599
4,0,1,60,20,0,742079273,8,0,47560362,156500,0,7123906,22599
4,0,1,60,2,0,1071609720,2,0,47851425,157752,0,7180744,18934
4,0,1,60,2,0,1701076604,6,0,47851425,157752,0,7180744,18934
4,0,1,60,2,0,1831317012,7,0,47851425,157752,0,7180744,18934
4,0,1,60,2,0,1907695289,1,0,47851425,157752,0,7180744,18934
4,0,1,60,2,0,1918510595,5,0,47851425,157752,0,7180744,18934
4,0,1,60,2,0,1954535726,4,0,47851425,157752,0,7180744,18934
4,0,1,60,2,0,365348640,3,0,47851425,157752,0,7180744,18934
4,0,1,60,2,0,478163327,0,0,47851425,157752,0,7180744,18934
4,0,1,60,2,0,493581915,9,0,47851425,157752,0,7180744,18934
4,0,1,60,2,0,742079273,8,0,47851425,157752,0,7180744,18934
4,0,1,60,30,0,1071609720,2,0,47601798,156500,0,7124445,22446
4,0,1,60,30,0,1701076604,6,0,47601798,156500,0,7124445,22446
4,0,1,60,30,0,1831317012,7,0,47601798,156500,0,7124445,22446
4,0,1,60,30,0,1907695289,1,0,47601798,156500,0,7124445,22446
4,0,1,60,30,0,1918510595,5,0,47601798,156500,0,7124445,22446
4,0,1,60,30,0,1954535726,4,0,47601798,156500,0,7124445,22446
4,0,1,60,30,0,365348640,3,0,47601798,156500,0,7124445,22446
4,0,1,60,30,0,478163327,0,0,47601798,156500,0,7124445,22446
4,0,1,60,30,0,493581915,9,0,47601798,156500,0,7124445,22446
4,0,1,60,30,0,742079273,8,0,47601798,156500,0,7124445,22446
4,0,1,60,5,0,1071609720,2,0,47879054,157752,0,7180674,19431
4,0,1,60,5,0,1701076604,6,0,47879054,157752,0,7180674,19431
4,0,1,60,5,0,1831317012,7,0,47879054,157752,0,7180674,19431
4,0,1,60,5,0,1907695289,1,0,47879054,157752,0,7180674,19431
4,0,1,60,5,0,1918510595,5,0,47879054,157752,0,7180674,19431
4,0,1,60,5,0,1954535726,4,0,47879054,157752,0,7180674,19431
4,0,1,60,5,0,365348640,3,0,47879054,157752,0,7180674,19431
4,0,1,60,5,0,478163327,0,0,47879054,157752,0,7180674,19431
4,0,1,60,5,0,493581915,9,0,47879054,157752,0,7180674,19431
4,0,1,60,5,0,742079273,8,0,47879054,157752,0,7180674,19431
4,0,2,120,0,0,1071609720,2,4505056,20135648,415664,1,2973676,318979
4,0,2,120,0,0,1701076604,6,4505056,20135648,415664,1,2973676,318979
4,0,2,120,0,0,1831317012,7,4505056,20135648,415664,1,2973676,318979
4,0,2,120,0,0,1907695289,1,4505056,20135648,415664,1,2973676,318979
4,0,2,120,0,0,1918510595,5,4505056,20135648,415664,1,2973676,318979
4,0,2,120,0,0,1954535726,4,4505056,20135648,415664,1,2973676,318979
4,0,2,120,0,0,365348640,3,4505056,20135648,415664,1,2973676,318979
4,0,2,120,0,0,478163327,0,4505056,20135648,415664,1,2973676,318979
4,0,2,120,0,0,493581915,9,4505056,20135648,415664,1,2973676,318979
4,0,2,120,0,0,742079273,8,4505056,20135648,415664,1,2973676,318979
4,0,2,120,10,0,1071609720,2,1501634,20775964,726215,1,3170554,934053
4,0,2,120,10,0,1701076604,6,1501634,20775964,726215,1,3170554,934053
4,0,2,120,10,0,1831317012,7,1501634,20775964,726215,1,3170554,934053
4,0,2,120,10,0,1907695289,1,1501634,20775964,726215,1,3170554,934053
4,0,2,120,10,0,1918510595,5,1501634,20775964,726215,1,3170554,934053
4,0,2,120,10,0,1954535726,4,1501634,20775964,726215,1,3170554,934053
4,0,2,120,10,0,365348640,3,1501634,20775964,726215,1,3170554,934053
4,0,2,120,10,0,478163327,0,1501634,20775964,726215,1,3170554,934053
4,0,2,120,10,0,493581915,9,1501634,20775964,726215,1,3170554,934053
4,0,2,120,10,0,742079273,8,1501634,20775964,726215,1,3170554,934053
4,0,2,120,20,0,1071609720,2,1501655,20742499,726160,1,3023170,24109
4,0,2,120,20,0,1701076604,6,1501655,20742499,726160,1,3023170,24109
4,0,2,120,20,0,1831317012,7,1501655,20742499,726160,1,3023170,24109
4,0,2,120,20,0,1907695289,1,1501655,20742499,726160,1,3023170,24109
4,0,2,120,20,0,1918510595,5,1501655,20742499,726160,1,3023170,24109
4,0,2,120,20,0,1954535726,4,1501655,20742499,726160,1,3023170,24109
4,0,2,120,20,0,365348640,3,1501655,20742499,726160,1,3023170,24109
4,0,2,120,20,0,478163327,0,1501655,20742499,726160,1,3023170,24109
4,0,2,120,20,0,493581915,9,1501655,20742499,726160,1,3023170,24109
4,0,2,120,20,0,742079273,8,1501655,20742499,726160,1,3023170,24109
4,0,2,120,2,0,1071609720,2,1502142,20774903,726215,1,3170318,876026
4,0,2,120,2,0,1701076604,6,1502142,20774903,726215,1,3170318,876026
4,0,2,120,2,0,1831317012,7,1502142,20774903,726215,1,3170318,876026
4,0,2,120,2,0,1907695289,1,1502142,20774903,726215,1,3170318,876026
4,0,2,120,2,0,1918510595,5,1502142,20774903,726215,1,3170318,876026
4,0,2,120,2,0,1954535726,4,1502142,20774903,726215,1,3170318,876026
4,0,2,120,2,0,365348640,3,1502142,20774903,726215,1,3170318,876026
4,0,2,120,2,0,478163327,0,1502142,20774903,726215,1,3170318,876026
4,0,2,120,2,0,493581915,9,1502142,20774903,726215,1,3170318,876026
4,0,2,120,2,0,742079273,8,1502142,20774903,726215,1,3170318,876026
4,0,2,120,30,0,1071609720,2,4505315,20134431,415664,1,2973405,318918
4,0,2,120,30,0,1701076604,6,4505315,20134431,415664,1,2973405,318918
4,0,2,120,30,0,1831317012,7,4505315,20134431,415664,1,2973405,318918
4,0,2,120,30,0,1907695289,1,4505315,20134431,415664,1,2973405,318918
4,0,2,120,30,0,1918510595,5,4505315,20134431,415664,1,2973405,318918
4,0,2,120,30,0,1954535726,4,4505315,20134431,415664,1,2973405,318918
4,0,2,120,30,0,365348640,3,4505315,20134431,415664,1,2973405,318918
4,0,2,120,30,0,478163327,0,4505315,20134431,415664,1,2973405,318918
4,0,2,120,30,0,493581915,9,4505315,20134431,415664,1,2973405,318918
4,0,2,120,30,0,742079273,8,4505315,20134431,415664,1,2973405,318918
4,0,2,120,5,0,1071609720,2,1501924,20775964,726215,1,3170554,934050
4,0,2,120,5,0,1701076604,6,1501924,20775964,726215,1,3170554,934050
4,0,2,120,5,0,1831317012,7,1501924,20775964,726215,1,3170554,934050
4,0,2,120,5,0,1907695289,1,1501924,20775964,726215,1,3170554,934050
4,0,2,120,5,0,1918510595,5,1501924,20775964,726215,1,3170554,934050
4,0,2,120,5,0,1954535726,4,1501924,20775964,726215,1,3170554,934050
4,0,2,120,5,0,365348640,3,1501924,20775964,726215,1,3170554,934050
4,0,2,120,5,0,478163327,0,1501924,20775964,726215,1,3170554,934050
4,0,2,120,5,0,493581915,9,1501924,20775964,726215,1,3170554,934050
4,0,2,120,5,0,742079273,8,1501924,20775964,726215,1,3170554,934050
4,0,2,30,0,0,1071609720,2,4507244,20084732,428184,1,2972364,316778
4,0,2,30,0,0,1701076604,6,4507244,20084732,428184,1,2972364,316778
4,0,2,30,0,0,1831317012,7,4507244,20084732,428184,1,2972364,316778
4,0,2,30,0,0,1907695289,1,4507244,20084732,428184,1,2972364,316778
4,0,2,30,0,0,1918510595,5,4507244,20084732,428184,1,2972364,316778
4,0,2,30,0,0,1954535726,4,4507244,20084732,428184,1,2972364,316778
4,0,2,30,0,0,365348640,3,4507244,20084732,428184,1,2972364,316778
4,0,2,30,0,0,478163327,0,4507244,20084732,428184,1,2972364,316778
4,0,2,30,0,0,493581915,9,4507244,20084732,428184,1,2972364,316778
4,0,2,30,0,0,742079273,8,4507244,20084732,428184,1,2972364,316778
4,0,2,30,10,0,1071609720,2,4504701,20123461,376852,1,2975570,318101
4,0,2,30,10,0,1701076604,6,4504701,20123461,376852,1,2975570,318101
4,0,2,30,10,0,1831317012,7,4504701,20123461,376852,1,2975570,318101
4,0,2,30,10,0,1907695289,1,4504701,20123461,376852,1,2975570,318101
4,0,2,30,10,0,1918510595,5,4504701,20123461,376852,1,2975570,318101
4,0,2,30,10,0,1954535726,4,4504701,20123461,376852,1,2975570,318101
4,0,2,30,10,0,365348640,3,4504701,20123461,376852,1,2975570,318101
4,0,2,30,10,0,478163327,0,4504701,20123461,376852,1,2975570,318101
4,0,2,30,10,0,493581915,9,4504701,20123461,376852,1,2975570,318101
4,0,2,30,10,0,742079273,8,4504701,20123461,376852,1,2975570,318101
4,0,2,30,20,0,1071609720,2,4504701,20123461,376852,1,2975570,318101
4,0,2,30,20,0,1701076604,6,4504701,20123461,376852,1,2975570,318101
4,0,2,30,20,0,1831317012,7,4504701,20123461,376852,1,2975570,318101
4,0,2,30,20,0,1907695289,1,4504701,20123461,376852,1,2975570,318101
4,0,2,30,20,0,1918510595,5,4504701,20123461,376852,1,2975570,318101
4,0,2,30,20,0,1954535726,4,4504701,20123461,376852,1,2975570,318101
4,0,2,30,20,0,365348640,3,4504701,20123461,376852,1,2975570,318101
4,0,2,30,20,0,478163327,0,4504701,20123461,376852,1,2975570,318101
4,0,2,30,20,0,493581915,9,4504701,20123461,376852,1,2975570,318101
4,0,2,30,20,0,742079273,8,4504701,20123461,376852,1,2975570,318101
4,0,2,30,2,0,1071609720,2,1501717,20769859,726160,1,3204349,1615422
4,0,2,30,2,0,1701076604,6,1501717,20769859,726160,1,3204349,1615422
4,0,2,30,2,0,1831317012,7,1501717,20769859,726160,1,3204349,1615422
4,0,2,30,2,0,1907695289,1,1501717,20769859,726160,1,3204349,1615422
4,0,2,30,2,0,1918510595,5,1501717,20769859,726160,1,3204349,1615422
4,0,2,30,2,0,1954535726,4,1501717,20769859,726160,1,3204349,1615422
4,0,2,30,2,0,365348640,3,1501717,20769859,726160,1,3204349,1615422
4,0,2,30,2,0,478163327,0,1501717,20769859,726160,1,3204349,1615422
4,0,2,30,2,0,493581915,9,1501717,20769859,726160,1,3204349,1615422
4,0,2,30,2,0,742079273,8,1501717,20769859,726160,1,3204349,1615422
4,0,2,30,30,0,1071609720,2,2501787,20691320,726160,1,3060290,1633276
4,0,2,30,30,0,1701076604,6,2501787,20691320,726160,1,3060290,1633276
4,0,2,30,30,0,1831317012,7,2501787,20691320,726160,1,3060290,1633276
4,0,2,30,30,0,1907695289,1,2501787,20691320,726160,1,3060290,1633276
4,0,2,30,30,0,1918510595,5,2501787,20691320,726160,1,3060290,1633276
4,0,2,30,30,0,1954535726,4,2501787,20691320,726160,1,3060290,1633276
4,0,2,30,30,0,365348640,3,2501787,20691320,726160,1,3060290,1633276
4,0,2,30,30,0,478163327,0,2501787,20691320,726160,1,3060290,1633276
4,0,2,30,30,0,493581915,9,2501787,20691320,726160,1,3060290,1633276
4,0,2,30,30,0,742079273,8,2501787,20691320,726160,1,3060290,1633276
4,0,2,30,5,0,1071609720,2,4505469,20059067,326772,1,2974238,290411
4,0,2,30,5,0,1701076604,6,4505469,20059067,326772,1,2974238,290411
4,0,2,30,5,0,1831317012,7,4505469,20059067,326772,1,2974238,290411
4,0,2,30,5,0,1907695289,1,4505469,20059067,326772,1,2974238,290411
4,0,2,30,5,0,1918510595,5,4505469,20059067,326772,1,2974238,290411
4,0,2,30,5,0,1954535726,4,4505469,20059067,326772,1,2974238,290411
4,0,2,30,5,0,365348640,3,4505469,20059067,326772,1,2974238,290411
4,0,2,30,5,0,478163327,0,4505469,20059067,326772,1,2974238,290411
4,0,2,30,5,0,493581915,9,4505469,20059067,326772,1,2974238,290411
4,0,2,30,5,0,742079273,8,4505469,20059067,326772,1,2974238,290411
4,0,2,60,0,0,1071609720,2,1500710,20397832,726160,1,2970396,317725
4,0,2,60,0,0,1701076604,6,1500710,20397832,726160,1,2970396,317725
4,0,2,60,0,0,1831317012,7,1500710,20397832,726160,1,2970396,317725
4,0,2,60,0,0,1907695289,1,1500710,20397832,726160,1,2970396,317725
4,0,2,60,0,0,1918510595,5,1500710,20397832,726160,1,2970396,317725
4,0,2,60,0,0,1954535726,4,1500710,20397832,726160,1,2970396,317725
4,0,2,60,0,0,365348640,3,1500710,20397832,726160,1,2970396,317725
4,0,2,60,0,0,478163327,0,1500710,20397832,726160,1,2970396,317725
4,0,2,60,0,0,493581915,9,1500710,20397832,726160,1,2970396,317725
4,0,2,60,0,0,742079273,8,1500710,20397832,726160,1,2970396,317725
4,0,2,60,10,0,1071609720,2,1500709,20263543,726160,1,2944125,343535
4,0,2,60,10,0,1701076604,6,1500709,20263543,726160,1,2944125,343535
4,0,2,60,10,0,1831317012,7,1500709,20263543,726160,1,2944125,343535
4,0,2,60,10,0,1907695289,1,1500709,20263543,726160,1,2944125,343535
4,0,2,60,10,0,1918510595,5,1500709,20263543,726160,1,2944125,343535
4,0,2,60,10,0,1954535726,4,1500709,20263543,726160,1,2944125,343535
4,0,2,60,10,0,365348640,3,1500709,20263543,726160,1,2944125,343535
4,0,2,60,10,0,478163327,0,1500709,20263543,726160,1,2944125,343535
4,0,2,60,10,0,493581915,9,1500709,20263543,726160,1,2944125,343535
4,0,2,60,10,0,742079273,8,1500709,20263543,726160,1,2944125,343535
4,0,2,60,20,0,1071609720,2,1500591,20233229,726160,1,2943848,345040
4,0,2,60,20,0,1701076604,6,1500591,20233229,726160,1,2943848,345040
4,0,2,60,20,0,1831317012,7,1500591,20233229,726160,1,2943848,345040
4,0,2,60,20,0,1907695289,1,1500591,20233229,726160,1,2943848,345040
4,0,2,60,20,0,1918510595,5,1500591,20233229,726160,1,2943848,345040
4,0,2,60,20,0,1954535726,4,1500591,20233229,726160,1,2943848,345040
4,0,2,60,20,0,365348640,3,1500591,20233229,726160,1,2943848,345040
4,0,2,60,20,0,478163327,0,1500591,20233229,726160,1,2943848,345040
4,0,2,60,20,0,493581915,9,1500591,20233229,726160,1,2943848,345040
4,0,2,60,20,0,742079273,8,1500591,20233229,726160,1,2943848,345040
4,0,2,60,2,0,1071609720,2,1500710,20397832,726160,1,2970396,317725
4,0,2,60,2,0,1701076604,6,1500710,20397832,726160,1,2970396,317725
4,0,2,60,2,0,1831317012,7,1500710,20397832,726160,1,2970396,317725
4,0,2,60,2,0,1907695289,1,1500710,20397832,726160,1,2970396,317725
4,0,2,60,2,0,1918510595,5,1500710,20397832,726160,1,2970396,317725
4,0,2,60,2,0,1954535726,4,1500710,20397832,726160,1,2970396,317725
4,0,2,60,2,0,365348640,3,1500710,20397832,726160,1,2970396,317725
4,0,2,60,2,0,478163327,0,1500710,20397832,726160,1,2970396,317725
4,0,2,60,2,0,493581915,9,1500710,20397832,726160,1,2970396,317725
4,0,2,60,2,0,742079273,8,1500710,20397832,726160,1,2970396,317725
4,0,2,60,30,0,1071609720,2,1500777,20282381,726160,1,2944678,347140
4,0,2,60,30,0,1701076604,6,1500777,20282381,726160,1,2944678,347140
4,0,2,60,30,0,1831317012,7,1500777,20282381,726160,1,2944678,347140
4,0,2,60,30,0,1907695289,1,1500777,20282381,726160,1,2944678,347140
4,0,2,60,30,0,1918510595,5,1500777,20282381,726160,1,2944678,347140
4,0,2,60,30,0,1954535726,4,1500777,20282381,726160,1,2944678,347140
4,0,2,60,30,0,365348640,3,1500777,20282381,726160,1,2944678,347140
4,0,2,60,30,0,478163327,0,1500777,20282381,726160,1,2944678,347140
4,0,2,60,30,0,493581915,9,1500777,20282381,726160,1,2944678,347140
4,0,2,60,30,0,742079273,8,1500777,20282381,726160,1,2944678,347140
4,0,2,60,5,0,1071609720,2,1501071,20400044,726160,1,2972270,314530
4,0,2,60,5,0,1701076604,6,1501071,20400044,726160,1,2972270,314530
4,0,2,60,5,0,1831317012,7,1501071,20400044,726160,1,2972270,314530
4,0,2,60,5,0,1907695289,1,1501071,20400044,726160,1,2972270,314530
4,0,2,60,5,0,1918510595,5,1501071,20400044,726160,1,2972270,314530
4,0,2,60,5,0,1954535726,4,1501071,20400044,726160,1,2972270,314530
4,0,2,60,5,0,365348640,3,1501071,20400044,726160,1,2972270,314530
4,0,2,60,5,0,478163327,0,1501071,20400044,726160,1,2972270,314530
4,0,2,60,5,0,493581915,9,1501071,20400044,726160,1,2972270,314530
4,0,2,60,5,0,742079273,8,1501071,20400044,726160,1,2972270,314530
4,1,0,120,0,0,1071609720,2,500119,68606519,431940,1,9980170,12596
4,1,0,120,0,0,1701076604,6,500119,68606519,431940,1,9980170,12596
4,1,0,120,0,0,1831317012,7,500119,68606519,431940,1,9980170,12596
4,1,0,120,0,0,1907695289,1,500119,68606519,431940,1,9980170,12596
4,1,0,120,0,0,1918510595,5,500119,68606519,431940,1,9980170,12596
4,1,0,120,0,0,1954535726,4,500119,68606519,431940,1,9980170,12596
4,1,0,120,0,0,365348640,3,500119,68606519,431940,1,9980170,12596
4,1,0,120,0,0,478163327,0,500119,68606519,431940,1,9980170,12596
4,1,0,120,0,0,493581915,9,500119,68606519,431940,1,9980170,12596
4,1,0,120,0,0,742079273,8,500119,68606519,431940,1,9980170,12596
4,1,0,120,10,0,1071609720,2,500223,68606519,431940,1,9980169,13999
4,1,0,120,10,0,1701076604,6,500223,68606519,431940,1,9980169,13999
4,1,0,120,10,0,1831317012,7,500223,68606519,431940,1,9980169,13999
4,1,0,120,10,0,1907695289,1,500223,68606519,431940,1,9980169,13999
4,1,0,120,10,0,1918510595,5,500223,68606519,431940,1,9980169,13999
4,1,0,120,10,0,1954535726,4,500223,68606519,431940,1,9980169,13999
4,1,0,120,10,0,365348640,3,500223,68606519,431940,1,9980169,13999
4,1,0,120,10,0,478163327,0,500223,68606519,431940,1,9980169,13999
4,1,0,120,10,0,493581915,9,500223,68606519,431940,1,9980169,13999
4,1,0,120,10,0,742079273,8,500223,68606519,431940,1,9980169,13999
4,1,0,120,20,0,1071609720,2,500233,68610174,431940,1,9980170,12190
4,1,0,120,20,0,1701076604,6,500233,68610174,431940,1,9980170,12190
4,1,0,120,20,0,1831317012,7,500233,68610174,431940,1,9980170,12190
4,1,0,120,20,0,1907695289,1,500233,68610174,431940,1,9980170,12190
4,1,0,120,20,0,1918510595,5,500233,68610174,431940,1,9980170,12190
4,1,0,120,20,0,1954535726,4,500233,68610174,431940,1,9980170,12190
4,1,0,120,20,0,365348640,3,500233,68610174,431940,1,9980170,12190
4,1,0,120,20,0,478163327,0,500233,68610174,431940,1,9980170,12190
4,1,0,120,20,0,493581915,9,500233,68610174,431940,1,9980170,12190
4,1,0,120,20,0,742079273,8,500233,68610174,431940,1,9980170,12190
4,1,0,120,2,0,1071609720,2,500220,68608956,431940,1,9980169,14200
4,1,0,120,2,0,1701076604,6,500220,68608956,431940,1,9980169,14200
4,1,0,120,2,0,1831317012,7,500220,68608956,431940,1,9980169,14200
4,1,0,120,2,0,1907695289,1,500220,68608956,431940,1,9980169,14200
4,1,0,120,2,0,1918510595,5,500220,68608956,431940,1,9980169,14200
4,1,0,120,2,0,1954535726,4,500220,68608956,431940,1,9980169,14200
4,1,0,120,2,0,365348640,3,500220,68608956,431940,1,9980169,14200
4,1,0,120,2,0,478163327,0,500220,68608956,431940,1,9980169,14200
4,1,0,120,2,0,493581915,9,500220,68608956,431940,1,9980169,14200
4,1,0,120,2,0,742079273,8,500220,68608956,431940,1,9980169,14200
4,1,0,120,30,0,1071609720,2,500135,68607736,431940,1,9979357,13353
4,1,0,120,30,0,1701076604,6,500135,68607736,431940,1,9979357,13353
4,1,0,120,30,0,1831317012,7,500135,68607736,431940,1,9979357,13353
4,1,0,120,30,0,1907695289,1,500135,68607736,431940,1,9979357,13353
4,1,0,120,30,0,1918510595,5,500135,68607736,431940,1,9979357,13353
4,1,0,120,30,0,1954535726,4,500135,68607736,431940,1,9979357,13353
4,1,0,120,30,0,365348640,3,500135,68607736,431940,1,9979357,13353
4,1,0,120,30,0,478163327,0,500135,68607736,431940,1,9979357,13353
4,1,0,120,30,0,493581915,9,500135,68607736,431940,1,9979357,13353
4,1,0,120,30,0,742079273,8,500135,68607736,431940,1,9979357,13353
4,1,0,120,5,0,1071609720,2,500004,68646705,431940,1,9980168,11916
4,1,0,120,5,0,1701076604,6,500004,68646705,431940,1,9980168,11916
4,1,0,120,5,0,1831317012,7,500004,68646705,431940,1,9980168,11916
4,1,0,120,5,0,1907695289,1,500004,68646705,431940,1,9980168,11916
4,1,0,120,5,0,1918510595,5,500004,68646705,431940,1,9980168,11916
4,1,0,120,5,0,1954535726,4,500004,68646705,431940,1,9980168,11916
4,1,0,120,5,0,365348640,3,500004,68646705,431940,1,9980168,11916
4,1,0,120,5,0,478163327,0,500004,68646705,431940,1,9980168,11916
4,1,0,120,5,0,493581915,9,500004,68646705,431940,1,9980168,11916
4,1,0,120,5,0,742079273,8,500004,68646705,431940,1,9980168,11916
4,1,0,30,0,0,1071609720,2,500510,68608954,431940,1,9980169,14061
4,1,0,30,0,0,1701076604,6,500510,68608954,431940,1,9980169,14061
4,1,0,30,0,0,1831317012,7,500510,68608954,431940,1,9980169,14061
4,1,0,30,0,0,1907695289,1,500510,68608954,431940,1,9980169,14061
4,1,0,30,0,0,1918510595,5,500510,68608954,431940,1,9980169,14061
4,1,0,30,0,0,1954535726,4,500510,68608954,431940,1,9980169,14061
4,1,0,30,0,0,365348640,3,500510,68608954,431940,1,9980169,14061
4,1,0,30,0,0,478163327,0,500510,68608954,431940,1,9980169,14061
4,1,0,30,0,0,493581915,9,500510,68608954,431940,1,9980169,14061
4,1,0,30,0,0,742079273,8,500510,68608954,431940,1,9980169,14061
4,1,0,30,10,0,1071609720,2,500035,68610172,431940,1,9980440,12817
4,1,0,30,10,0,1701076604,6,500035,68610172,431940,1,9980440,12817
4,1,0,30,10,0,1831317012,7,500035,68610172,431940,1,9980440,12817
4,1,0,30,10,0,1907695289,1,500035,68610172,431940,1,9980440,12817
4,1,0,30,10,0,1918510595,5,500035,68610172,431940,1,9980440,12817
4,1,0,30,10,0,1954535726,4,500035,68610172,431940,1,9980440,12817
4,1,0,30,10,0,365348640,3,500035,68610172,431940,1,9980440,12817
4,1,0,30,10,0,478163327,0,500035,68610172,431940,1,9980440,12817
4,1,0,30,10,0,493581915,9,500035,68610172,431940,1,9980440,12817
4,1,0,30,10,0,742079273,8,500035,68610172,431940,1,9980440,12817
4,1,0,30,20,0,1071609720,2,500098,68613824,431940,1,9980440,13599
4,1,0,30,20,0,1701076604,6,500098,68613824,431940,1,9980440,13599
4,1,0,30,20,0,1831317012,7,500098,68613824,431940,1,9980440,13599
4,1,0,30,20,0,1907695289,1,500098,68613824,431940,1,9980440,13599
4,1,0,30,20,0,1918510595,5,500098,68613824,431940,1,9980440,13599
4,1,0,30,20,0,1954535726,4,500098,68613824,431940,1,9980440,13599
4,1,0,30,20,0,365348640,3,500098,68613824,431940,1,9980440,13599
4,1,0,30,20,0,478163327,0,500098,68613824,431940,1,9980440,13599
4,1,0,30,20,0,493581915,9,500098,68613824,431940,1,9980440,13599
4,1,0,30,20,0,742079273,8,500098,68613824,431940,1,9980440,13599
4,1,0,30,2,0,1071609720,2,500752,68608961,431940,1,9980170,12764
4,1,0,30,2,0,1701076604,6,500752,68608961,431940,1,9980170,12764
4,1,0,30,2,0,1831317012,7,500752,68608961,431940,1,9980170,12764
4,1,0,30,2,0,1907695289,1,500752,68608961,431940,1,9980170,12764
4,1,0,30,2,0,1918510595,5,500752,68608961,431940,1,9980170,12764
4,1,0,30,2,0,1954535726,4,500752,68608961,431940,1,9980170,12764
4,1,0,30,2,0,365348640,3,500752,68608961,431940,1,9980170,12764
4,1,0,30,2,0,478163327,0,500752,68608961,431940,1,9980170,12764
4,1,0,30,2,0,493581915,9,500752,68608961,431940,1,9980170,12764
4,1,0,30,2,0,742079273,8,500752,68608961,431940,1,9980170,12764
4,1,0,30,30,0,1071609720,2,0,14564901,16637,0,2136574,5475
4,1,0,30,30,0,1701076604,6,0,14564901,16637,0,2136574,5475
4,1,0,30,30,0,1831317012,7,0,14564901,16637,0,2136574,5475
4,1,0,30,30,0,1907695289,1,0,14564901,16637,0,2136574,5475
4,1,0,30,30,0,1918510595,5,0,14564901,16637,0,2136574,5475
4,1,0,30,30,0,1954535726,4,0,14564901,16637,0,2136574,5475
4,1,0,30,30,0,365348640,3,0,14564901,16637,0,2136574,5475
4,1,0,30,30,0,478163327,0,0,14564901,16637,0,2136574,5475
4,1,0,30,30,0,493581915,9,0,14564901,16637,0,2136574,5475
4,1,0,30,30,0,742079273,8,0,14564901,16637,0,2136574,5475
4,1,0,30,5,0,1071609720,2,500755,68608956,431940,1,9979628,12130
4,1,0,30,5,0,1701076604,6,500755,68608956,431940,1,9979628,12130
4,1,0,30,5,0,1831317012,7,500755,68608956,431940,1,9979628,12130
4,1,0,30,5,0,1907695289,1,500755,68608956,431940,1,9979628,12130
4,1,0,30,5,0,1918510595,5,500755,68608956,431940,1,9979628,12130
4,1,0,30,5,0,1954535726,4,500755,68608956,431940,1,9979628,12130
4,1,0,30,5,0,365348640,3,500755,68608956,431940,1,9979628,12130
4,1,0,30,5,0,478163327,0,500755,68608956,431940,1,9979628,12130
4,1,0,30,5,0,493581915,9,500755,68608956,431940,1,9979628,12130
4,1,0,30,5,0,742079273,8,500755,68608956,431940,1,9979628,12130
4,1,0,60,0,0,1071609720,2,500626,68627215,431940,1,9980440,14519
4,1,0,60,0,0,1701076604,6,500626,68627215,431940,1,9980440,14519
4,1,0,60,0,0,1831317012,7,500626,68627215,431940,1,9980440,14519
4,1,0,60,0,0,1907695289,1,500626,68627215,431940,1,9980440,14519
4,1,0,60,0,0,1918510595,5,500626,68627215,431940,1,9980440,14519
4,1,0,60,0,0,1954535726,4,500626,68627215,431940,1,9980440,14519
4,1,0,60,0,0,365348640,3,500626,68627215,431940,1,9980440,14519
4,1,0,60,0,0,478163327,0,500626,68627215,431940,1,9980440,14519
4,1,0,60,0,0,493581915,9,500626,68627215,431940,1,9980440,14519
4,1,0,60,0,0,742079273,8,500626,68627215,431940,1,9980440,14519
4,1,0,60,10,0,1071609720,2,500495,68613830,431940,1,9981252,12980
4,1,0,60,10,0,1701076604,6,500495,68613830,431940,1,9981252,12980
4,1,0,60,10,0,1831317012,7,500495,68613830,431940,1,9981252,12980
4,1,0,60,10,0,1907695289,1,500495,68613830,431940,1,9981252,12980
4,1,0,60,10,0,1918510595,5,500495,68613830,431940,1,9981252,12980
4,1,0,60,10,0,1954535726,4,500495,68613830,431940,1,9981252,12980
4,1,0,60,10,0,365348640,3,500495,68613830,431940,1,9981252,12980
4,1,0,60,10,0,478163327,0,500495,68613830,431940,1,9981252,12980
4,1,0,60,10,0,493581915,9,500495,68613830,431940,1,9981252,12980
4,1,0,60,10,0,742079273,8,500495,68613830,431940,1,9981252,12980
4,1,0,60,20,0,1071609720,2,500062,68613816,431940,1,9980169,13435
4,1,0,60,20,0,1701076604,6,500062,68613816,431940,1,9980169,13435
4,1,0,60,20,0,1831317012,7,500062,68613816,431940,1,9980169,13435
4,1,0,60,20,0,1907695289,1,500062,68613816,431940,1,9980169,13435
4,1,0,60,20,0,1918510595,5,500062,68613816,431940,1,9980169,13435
4,1,0,60,20,0,1954535726,4,500062,68613816,431940,1,9980169,13435
4,1,0,60,20,0,365348640,3,500062,68613816,431940,1,9980169,13435
4,1,0,60,20,0,478163327,0,500062,68613816,431940,1,9980169,13435
4,1,0,60,20,0,493581915,9,500062,68613816,431940,1,9980169,13435
4,1,0,60,20,0,742079273,8,500062,68613816,431940,1,9980169,13435
4,1,0,60,2,0,1071609720,2,500478,68615049,431940,1,9980711,14090
4,1,0,60,2,0,1701076604,6,500478,68615049,431940,1,9980711,14090
4,1,0,60,2,0,1831317012,7,500478,68615049,431940,1,9980711,14090
4,1,0,60,2,0,1907695289,1,500478,68615049,431940,1,9980711,14090
4,1,0,60,2,0,1918510595,5,500478,68615049,431940,1,9980711,14090
4,1,0,60,2,0,1954535726,4,500478,68615049,431940,1,9980711,14090
4,1,0,60,2,0,365348640,3,500478,68615049,431940,1,9980711,14090
4,1,0,60,2,0,478163327,0,500478,68615049,431940,1,9980711,14090
4,1,0,60,2,0,493581915,9,500478,68615049,431940,1,9980711,14090
4,1,0,60,2,0,742079273,8,500478,68615049,431940,1,9980711,14090
4,1,0,60,30,0,1071609720,2,500518,68613831,431940,1,9981252,14848
4,1,0,60,30,0,1701076604,6,500518,68613831,431940,1,9981252,14848
4,1,0,60,30,0,1831317012,7,500518,68613831,431940,1,9981252,14848
4,1,0,60,30,0,1907695289,1,500518,68613831,431940,1,9981252,14848
4,1,0,60,30,0,1918510595,5,500518,68613831,431940,1,9981252,14848
4,1,0,60,30,0,1954535726,4,500518,68613831,431940,1,9981252,14848
4,1,0,60,30,0,365348640,3,500518,68613831,431940,1,9981252,14848
4,1,0,60,30,0,478163327,0,500518,68613831,431940,1,9981252,14848
4,1,0,60,30,0,493581915,9,500518,68613831,431940,1,9981252,14848
4,1,0,60,30,0,742079273,8,500518,68613831,431940,1,9981252,14848
4,1,0,60,5,0,1071609720,2,500234,68629650,431940,1,9980169,14571
4,1,0,60,5,0,1701076604,6,500234,68629650,431940,1,9980169,14571
4,1,0,60,5,0,1831317012,7,500234,68629650,431940,1,9980169,14571
4,1,0,60,5,0,1907695289,1,500234,68629650,431940,1,9980169,14571
4,1,0,60,5,0,1918510595,5,500234,68629650,431940,1,9980169,14571
4,1,0,60,5,0,1954535726,4,500234,68629650,431940,1,9980169,14571
4,1,0,60,5,0,365348640,3,500234,68629650,431940,1,9980169,14571
4,1,0,60,5,0,478163327,0,500234,68629650,431940,1,9980169,14571
4,1,0,60,5,0,493581915,9,500234,68629650,431940,1,9980169,14571
4,1,0,60,5,0,742079273,8,500234,68629650,431940,1,9980169,14571
4,1,2,120,0,0,1071609720,2,500119,19699787,431940,1,3015237,24993
4,1,2,120,0,0,1701076604,6,500119,19699787,431940,1,3015237,24993
4,1,2,120,0,0,1831317012,7,500119,19699787,431940,1,3015237,24993
4,1,2,120,0,0,1907695289,1,500119,19699787,431940,1,3015237,24993
4,1,2,120,0,0,1918510595,5,500119,19699787,431940,1,3015237,24993
4,1,2,120,0,0,1954535726,4,500119,19699787,431940,1,3015237,24993
4,1,2,120,0,0,365348640,3,500119,19699787,431940,1,3015237,24993
4,1,2,120,0,0,478163327,0,500119,19699787,431940,1,3015237,24993
4,1,2,120,0,0,493581915,9,500119,19699787,431940,1,3015237,24993
4,1,2,120,0,0,742079273,8,500119,19699787,431940,1,3015237,24993
4,1,2,120,10,0,1071609720,2,500223,19739795,485776,1,3012674,28740
4,1,2,120,10,0,1701076604,6,500223,19739795,485776,1,3012674,28740
4,1,2,120,10,0,1831317012,7,500223,19739795,485776,1,3012674,28740
4,1,2,120,10,0,1907695289,1,500223,19739795,485776,1,3012674,28740
4,1,2,120,10,0,1918510595,5,500223,19739795,485776,1,3012674,28740
4,1,2,120,10,0,1954535726,4,500223,19739795,485776,1,3012674,28740
4,1,2,120,10,0,365348640,3,500223,19739795,485776,1,3012674,28740
4,1,2,120,10,0,478163327,0,500223,19739795,485776,1,3012674,28740
4,1,2,120,10,0,493581915,9,500223,19739795,485776,1,3012674,28740
4,1,2,120,10,0,742079273,8,500223,19739795,485776,1,3012674,28740
4,1,2,120,20,0,1071609720,2,500233,20001783,458287,1,3014839,23630
4,1,2,120,20,0,1701076604,6,500233,20001783,458287,1,3014839,23630
4,1,2,120,20,0,1831317012,7,500233,20001783,458287,1,3014839,23630
4,1,2,120,20,0,1907695289,1,500233,20001783,458287,1,3014839,23630
4,1,2,120,20,0,1918510595,5,500233,20001783,458287,1,3014839,23630
4,1,2,120,20,0,1954535726,4,500233,20001783,458287,1,3014839,23630
4,1,2,120,20,0,365348640,3,500233,20001783,458287,1,3014839,23630
4,1,2,120,20,0,478163327,0,500233,20001783,458287,1,3014839,23630
4,1,2,120,20,0,493581915,9,500233,20001783,458287,1,3014839,23630
4,1,2,120,20,0,742079273,8,500233,20001783,458287,1,3014839,23630
4,1,2,120,2,0,1071609720,2,500220,20015438,465854,1,3010508,26271
4,1,2,120,2,0,1701076604,6,500220,20015438,465854,1,3010508,26271
4,1,2,120,2,0,1831317012,7,500220,20015438,465854,1,3010508,26271
4,1,2,120,2,0,1907695289,1,500220,20015438,465854,1,3010508,26271
4,1,2,120,2,0,1918510595,5,500220,20015438,465854,1,3010508,26271
4,1,2,120,2,0,1954535726,4,500220,20015438,465854,1,3010508,26271
4,1,2,120,2,0,365348640,3,500220,20015438,465854,1,3010508,26271
4,1,2,120,2,0,478163327,0,500220,20015438,465854,1,3010508,26271
4,1,2,120,2,0,493581915,9,500220,20015438,465854,1,3010508,26271
4,1,2,120,2,0,742079273,8,500220,20015438,465854,1,3010508,26271
4,1,2,120,30,0,1071609720,2,500135,19630584,465799,1,3015909,22034
4,1,2,120,30,0,1701076604,6,500135,19630584,465799,1,3015909,22034
4,1,2,120,30,0,1831317012,7,500135,19630584,465799,1,3015909,22034
4,1,2,120,30,0,1907695289,1,500135,19630584,465799,1,3015909,22034
4,1,2,120,30,0,1918510595,5,500135,19630584,465799,1,3015909,22034
4,1,2,120,30,0,1954535726,4,500135,19630584,465799,1,3015909,22034
4,1,2,120,30,0,365348640,3,500135,19630584,465799,1,3015909,22034
4,1,2,120,30,0,478163327,0,500135,19630584,465799,1,3015909,22034
4,1,2,120,30,0,493581915,9,500135,19630584,465799,1,3015909,22034
4,1,2,120,30,0,742079273,8,500135,19630584,465799,1,3015909,22034
4,1,2,120,5,0,1071609720,2,500004,19793320,522084,1,3010506,25447
4,1,2,120,5,0,1701076604,6,500004,19793320,522084,1,3010506,25447
4,1,2,120,5,0,1831317012,7,500004,19793320,522084,1,3010506,25447
4,1,2,120,5,0,1907695289,1,500004,19793320,522084,1,3010506,25447
4,1,2,120,5,0,1918510595,5,500004,19793320,522084,1,3010506,25447
4,1,2,120,5,0,1954535726,4,500004,19793320,522084,1,3010506,25447
4,1,2,120,5,0,365348640,3,500004,19793320,522084,1,3010506,25447
4,1,2,120,5,0,478163327,0,500004,19793320,522084,1,3010506,25447
4,1,2,120,5,0,493581915,9,500004,19793320,522084,1,3010506,25447
4,1,2,120,5,0,742079273,8,500004,19793320,522084,1,3010506,25447
4,1,2,30,0,0,1071609720,2,500510,17950838,590944,1,3059725,5822
4,1,2,30,0,0,1701076604,6,500510,17950838,590944,1,3059725,5822
4,1,2,30,0,0,1831317012,7,500510,17950838,590944,1,3059725,5822
4,1,2,30,0,0,1907695289,1,500510,17950838,590944,1,3059725,5822
4,1,2,30,0,0,1918510595,5,500510,17950838,590944,1,3059725,5822
4,1,2,30,0,0,1954535726,4,500510,17950838,590944,1,3059725,5822
4,1,2,30,0,0,365348640,3,500510,17950838,590944,1,3059725,5822
4,1,2,30,0,0,478163327,0,500510,17950838,590944,1,3059725,5822
4,1,2,30,0,0,493581915,9,500510,17950838,590944,1,3059725,5822
4,1,2,30,0,0,742079273,8,500510,17950838,590944,1,3059725,5822
4,1,2,30,10,0,1071609720,2,500035,19714413,431995,1,3015500,21631
4,1,2,30,10,0,1701076604,6,500035,19714413,431995,1,3015500,21631
4,1,2,30,10,0,1831317012,7,500035,19714413,431995,1,3015500,21631
4,1,2,30,10,0,1907695289,1,500035,19714413,431995,1,3015500,21631
4,1,2,30,10,0,1918510595,5,500035,19714413,431995,1,3015500,21631
4,1,2,30,10,0,1954535726,4,500035,19714413,431995,1,3015500,21631
4,1,2,30,10,0,365348640,3,500035,19714413,431995,1,3015500,21631
4,1,2,30,10,0,478163327,0,500035,19714413,431995,1,3015500,21631
4,1,2,30,10,0,493581915,9,500035,19714413,431995,1,3015500,21631
4,1,2,30,10,0,742079273,8,500035,19714413,431995,1,3015500,21631
4,1,2,30,20,0,1071609720,2,500098,18397649,646032,1,3061068,5566
4,1,2,30,20,0,1701076604,6,500098,18397649,646032,1,3061068,5566
4,1,2,30,20,0,1831317012,7,500098,18397649,646032,1,3061068,5566
4,1,2,30,20,0,1907695289,1,500098,18397649,646032,1,3061068,5566
4,1,2,30,20,0,1918510595,5,500098,18397649,646032,1,3061068,5566
4,1,2,30,20,0,1954535726,4,500098,18397649,646032,1,3061068,5566
4,1,2,30,20,0,365348640,3,500098,18397649,646032,1,3061068,5566
4,1,2,30,20,0,478163327,0,500098,18397649,646032,1,3061068,5566
4,1,2,30,20,0,493581915,9,500098,18397649,646032,1,3061068,5566
4,1,2,30,20,0,742079273,8,500098,18397649,646032,1,3061068,5566
4,1,2,30,2,0,1071609720,2,500752,20833387,617236,1,3017426,32401
4,1,2,30,2,0,1701076604,6,500752,20833387,617236,1,3017426,32401
4,1,2,30,2,0,1831317012,7,500752,20833387,617236,1,3017426,32401
4,1,2,30,2,0,1907695289,1,500752,20833387,617236,1,3017426,32401
4,1,2,30,2,0,1918510595,5,500752,20833387,617236,1,3017426,32401
4,1,2,30,2,0,1954535726,4,500752,20833387,617236,1,3017426,32401
4,1,2,30,2,0,365348640,3,500752,20833387,617236,1,3017426,32401
4,1,2,30,2,0,478163327,0,500752,20833387,617236,1,3017426,32401
4,1,2,30,2,0,493581915,9,500752,20833387,617236,1,3017426,32401
4,1,2,30,2,0,742079273,8,500752,20833387,617236,1,3017426,32401
4,1,2,30,30,0,1071609720,2,28582649,14168744,461988,1,2721824,522192
4,1,2,30,30,0,1701076604,6,28582649,14168744,461988,1,2721824,522192
4,1,2,30,30,0,1831317012,7,28582649,14168744,461988,1,2721824,522192
4,1,2,30,30,0,1907695289,1,28582649,14168744,461988,1,2721824,522192
4,1,2,30,30,0,1918510595,5,28582649,14168744,461988,1,2721824,522192
4,1,2,30,30,0,1954535726,4,28582649,14168744,461988,1,2721824,522192
4,1,2,30,30,0,365348640,3,28582649,14168744,461988,1,2721824,522192
4,1,2,30,30,0,478163327,0,28582649,14168744,461988,1,2721824,522192
4,1,2,30,30,0,493581915,9,28582649,14168744,461988,1,2721824,522192
4,1,2,30,30,0,742079273,8,28582649,14168744,461988,1,2721824,522192
4,1,2,30,5,0,1071609720,2,500755,20398243,587188,1,3014020,24322
4,1,2,30,5,0,1701076604,6,500755,20398243,587188,1,3014020,24322
4,1,2,30,5,0,1831317012,7,500755,20398243,587188,1,3014020,24322
4,1,2,30,5,0,1907695289,1,500755,20398243,587188,1,3014020,24322
4,1,2,30,5,0,1918510595,5,500755,20398243,587188,1,3014020,24322
4,1,2,30,5,0,1954535726,4,500755,20398243,587188,1,3014020,24322
4,1,2,30,5,0,365348640,3,500755,20398243,587188,1,3014020,24322
4,1,2,30,5,0,478163327,0,500755,20398243,587188,1,3014020,24322
4,1,2,30,5,0,493581915,9,500755,20398243,587188,1,3014020,24322
4,1,2,30,5,0,742079273,8,500755,20398243,587188,1,3014020,24322
4,1,2,60,0,0,1071609720,2,500626,20384666,657300,1,3006061,26149
4,1,2,60,0,0,1701076604,6,500626,20384666,657300,1,3006061,26149
4,1,2,60,0,0,1831317012,7,500626,20384666,657300,1,3006061,26149
4,1,2,60,0,0,1907695289,1,500626,20384666,657300,1,3006061,26149
4,1,2,60,0,0,1918510595,5,500626,20384666,657300,1,3006061,26149
4,1,2,60,0,0,1954535726,4,500626,20384666,657300,1,3006061,26149
4,1,2,60,0,0,365348640,3,500626,20384666,657300,1,3006061,26149
4,1,2,60,0,0,478163327,0,500626,20384666,657300,1,3006061,26149
4,1,2,60,0,0,493581915,9,500626,20384666,657300,1,3006061,26149
4,1,2,60,0,0,742079273,8,500626,20384666,657300,1,3006061,26149
4,1,2,60,10,0,1071609720,2,500495,20768922,617291,1,3006332,27400
4,1,2,60,10,0,1701076604,6,500495,20768922,617291,1,3006332,27400
4,1,2,60,10,0,1831317012,7,500495,20768922,617291,1,3006332,27400
4,1,2,60,10,0,1907695289,1,500495,20768922,617291,1,3006332,27400
4,1,2,60,10,0,1918510595,5,500495,20768922,617291,1,3006332,27400
4,1,2,60,10,0,1954535726,4,500495,20768922,617291,1,3006332,27400
4,1,2,60,10,0,365348640,3,500495,20768922,617291,1,3006332,27400
4,1,2,60,10,0,478163327,0,500495,20768922,617291,1,3006332,27400
4,1,2,60,10,0,493581915,9,500495,20768922,617291,1,3006332,27400
4,1,2,60,10,0,742079273,8,500495,20768922,617291,1,3006332,27400
4,1,2,60,20,0,1071609720,2,500062,20290530,699868,1,3006332,23949
4,1,2,60,20,0,1701076604,6,500062,20290530,699868,1,3006332,23949
4,1,2,60,20,0,1831317012,7,500062,20290530,699868,1,3006332,23949
4,1,2,60,20,0,1907695289,1,500062,20290530,699868,1,3006332,23949
4,1,2,60,20,0,1918510595,5,500062,20290530,699868,1,3006332,23949
4,1,2,60,20,0,1954535726,4,500062,20290530,699868,1,3006332,23949
4,1,2,60,20,0,365348640,3,500062,20290530,699868,1,3006332,23949
4,1,2,60,20,0,478163327,0,500062,20290530,699868,1,3006332,23949
4,1,2,60,20,0,493581915,9,500062,20290530,699868,1,3006332,23949
4,1,2,60,20,0,742079273,8,500062,20290530,699868,1,3006332,23949
4,1,2,60,2,0,1071609720,2,500478,20898348,617236,1,3031478,31902
4,1,2,60,2,0,1701076604,6,500478,20898348,617236,1,3031478,31902
4,1,2,60,2,0,1831317012,7,500478,20898348,617236,1,3031478,31902
4,1,2,60,2,0,1907695289,1,500478,20898348,617236,1,3031478,31902
4,1,2,60,2,0,1918510595,5,500478,20898348,617236,1,3031478,31902
4,1,2,60,2,0,1954535726,4,500478,20898348,617236,1,3031478,31902
4,1,2,60,2,0,365348640,3,500478,20898348,617236,1,3031478,31902
4,1,2,60,2,0,478163327,0,500478,20898348,617236,1,3031478,31902
4,1,2,60,2,0,493581915,9,500478,20898348,617236,1,3031478,31902
4,1,2,60,2,0,742079273,8,500478,20898348,617236,1,3031478,31902
4,1,2,60,30,0,1071609720,2,500518,20768922,617291,1,3006332,27400
4,1,2,60,30,0,1701076604,6,500518,20768922,617291,1,3006332,27400
4,1,2,60,30,0,1831317012,7,500518,20768922,617291,1,3006332,27400
4,1,2,60,30,0,1907695289,1,500518,20768922,617291,1,3006332,27400
4,1,2,60,30,0,1918510595,5,500518,20768922,617291,1,3006332,27400
4,1,2,60,30,0,1954535726,4,500518,20768922,617291,1,3006332,27400
4,1,2,60,30,0,365348640,3,500518,20768922,617291,1,3006332,27400
4,1,2,60,30,0,478163327,0,500518,20768922,617291,1,3006332,27400
4,1,2,60,30,0,493581915,9,500518,20768922,617291,1,3006332,27400
4,1,2,60,30,0,742079273,8,500518,20768922,617291,1,3006332,27400
4,1,2,60,5,0,1071609720,2,500234,20569410,614732,1,3012430,24982
4,1,2,60,5,0,1701076604,6,500234,20569410,614732,1,3012430,24982
4,1,2,60,5,0,1831317012,7,500234,20569410,614732,1,3012430,24982
4,1,2,60,5,0,1907695289,1,500234,20569410,614732,1,3012430,24982
4,1,2,60,5,0,1918510595,5,500234,20569410,614732,1,3012430,24982
4,1,2,60,5,0,1954535726,4,500234,20569410,614732,1,3012430,24982
4,1,2,60,5,0,365348640,3,500234,20569410,614732,1,3012430,24982
4,1,2,60,5,0,478163327,0,500234,20569410,614732,1,3012430,24982
4,1,2,60,5,0,493581915,9,500234,20569410,614732,1,3012430,24982
4,1,2,60,5,0,742079273,8,500234,20569410,614732,1,3012430,24982
4,2,0,120,0,0,1071609720,2,1502547,68674747,437760,1,10103542,57409
4,2,0,120,0,0,1701076604,6,1502547,68674747,437760,1,10103542,57409
4,2,0,120,0,0,1831317012,7,1502547,68674747,437760,1,10103542,57409
4,2,0,120,0,0,1907695289,1,1502547,68674747,437760,1,10103542,57409
4,2,0,120,0,0,1918510595,5,1502547,68674747,437760,1,10103542,57409
4,2,0,120,0,0,1954535726,4,1502547,68674747,437760,1,10103542,57409
4,2,0,120,0,0,365348640,3,1502547,68674747,437760,1,10103542,57409
4,2,0,120,0,0,478163327,0,1502547,68674747,437760,1,10103542,57409
4,2,0,120,0,0,493581915,9,1502547,68674747,437760,1,10103542,57409
4,2,0,120,0,0,742079273,8,1502547,68674747,437760,1,10103542,57409
4,2,0,120,10,0,1071609720,2,2502648,68590375,437760,1,10104793,60300
4,2,0,120,10,0,1701076604,6,2502648,68590375,437760,1,10104793,60300
4,2,0,120,10,0,1831317012,7,2502648,68590375,437760,1,10104793,60300
4,2,0,120,10,0,1907695289,1,2502648,68590375,437760,1,10104793,60300
4,2,0,120,10,0,1918510595,5,2502648,68590375,437760,1,10104793,60300
4,2,0,120,10,0,1954535726,4,2502648,68590375,437760,1,10104793,60300
4,2,0,120,10,0,365348640,3,2502648,68590375,437760,1,10104793,60300
4,2,0,120,10,0,478163327,0,2502648,68590375,437760,1,10104793,60300
4,2,0,120,10,0,493581915,9,2502648,68590375,437760,1,10104793,60300
4,2,0,120,10,0,742079273,8,2502648,68590375,437760,1,10104793,60300
4,2,0,120,20,0,1071609720,2,1500243,68805543,437760,1,10105733,61082
4,2,0,120,20,0,1701076604,6,1500243,68805543,437760,1,10105733,61082
4,2,0,120,20,0,1831317012,7,1500243,68805543,437760,1,10105733,61082
4,2,0,120,20,0,1907695289,1,1500243,68805543,437760,1,10105733,61082
4,2,0,120,20,0,1918510595,5,1500243,68805543,437760,1,10105733,61082
4,2,0,120,20,0,1954535726,4,1500243,68805543,437760,1,10105733,61082
4,2,0,120,20,0,365348640,3,1500243,68805543,437760,1,10105733,61082
4,2,0,120,20,0,478163327,0,1500243,68805543,437760,1,10105733,61082
4,2,0,120,20,0,493581915,9,1500243,68805543,437760,1,10105733,61082
4,2,0,120,20,0,742079273,8,1500243,68805543,437760,1,10105733,61082
4,2,0,120,2,0,1071609720,2,1500819,68810763,437760,1,10103231,58665
4,2,0,120,2,0,1701076604,6,1500819,68810763,437760,1,10103231,58665
4,2,0,120,2,0,1831317012,7,1500819,68810763,437760,1,10103231,58665
4,2,0,120,2,0,1907695289,1,1500819,68810763,437760,1,10103231,58665
4,2,0,120,2,0,1918510595,5,1500819,68810763,437760,1,10103231,58665
4,2,0,120,2,0,1954535726,4,1500819,68810763,437760,1,10103231,58665
4,2,0,120,2,0,365348640,3,1500819,68810763,437760,1,10103231,58665
4,2,0,120,2,0,478163327,0,1500819,68810763,437760,1,10103231,58665
4,2,0,120,2,0,493581915,9,1500819,68810763,437760,1,10103231,58665
4,2,0,120,2,0,742079273,8,1500819,68810763,437760,1,10103231,58665
4,2,0,120,30,0,1071609720,2,1500635,68653014,437760,1,10103544,57887
4,2,0,120,30,0,1701076604,6,1500635,68653014,437760,1,10103544,57887
4,2,0,120,30,0,1831317012,7,1500635,68653014,437760,1,10103544,57887
4,2,0,120,30,0,1907695289,1,1500635,68653014,437760,1,10103544,57887
4,2,0,120,30,0,1918510595,5,1500635,68653014,437760,1,10103544,57887
4,2,0,120,30,0,1954535726,4,1500635,68653014,437760,1,10103544,57887
4,2,0,120,30,0,365348640,3,1500635,68653014,437760,1,10103544,57887
4,2,0,120,30,0,478163327,0,1500635,68653014,437760,1,10103544,57887
4,2,0,120,30,0,493581915,9,1500635,68653014,437760,1,10103544,57887
4,2,0,120,30,0,742079273,8,1500635,68653014,437760,1,10103544,57887
4,2,0,120,5,0,1071609720,2,1502507,68743343,437760,1,10103543,58765
4,2,0,120,5,0,1701076604,6,1502507,68743343,437760,1,10103543,58765
4,2,0,120,5,0,1831317012,7,1502507,68743343,437760,1,10103543,58765
4,2,0,120,5,0,1907695289,1,1502507,68743343,437760,1,10103543,58765
4,2,0,120,5,0,1918510595,5,1502507,68743343,437760,1,10103543,58765
4,2,0,120,5,0,1954535726,4,1502507,68743343,437760,1,10103543,58765
4,2,0,120,5,0,365348640,3,1502507,68743343,437760,1,10103543,58765
4,2,0,120,5,0,478163327,0,1502507,68743343,437760,1,10103543,58765
4,2,0,120,5,0,493581915,9,1502507,68743343,437760,1,10103543,58765
4,2,0,120,5,0,742079273,8,1502507,68743343,437760,1,10103543,58765
4,2,0,30,0,0,1071609720,2,1502568,68711265,437760,1,10103542,57743
4,2,0,30,0,0,1701076604,6,1502568,68711265,437760,1,10103542,57743
4,2,0,30,0,0,1831317012,7,1502568,68711265,437760,1,10103542,57743
4,2,0,30,0,0,1907695289,1,1502568,68711265,437760,1,10103542,57743
4,2,0,30,0,0,1918510595,5,1502568,68711265,437760,1,10103542,57743
4,2,0,30,0,0,1954535726,4,1502568,68711265,437760,1,10103542,57743
4,2,0,30,0,0,365348640,3,1502568,68711265,437760,1,10103542,57743
4,2,0,30,0,0,478163327,0,1502568,68711265,437760,1,10103542,57743
4,2,0,30,0,0,493581915,9,1502568,68711265,437760,1,10103542,57743
4,2,0,30,0,0,742079273,8,1502568,68711265,437760,1,10103542,57743
4,2,0,30,10,0,1071609720,2,1500961,68878537,437760,1,10104483,59216
4,2,0,30,10,0,1701076604,6,1500961,68878537,437760,1,10104483,59216
4,2,0,30,10,0,1831317012,7,1500961,68878537,437760,1,10104483,59216
4,2,0,30,10,0,1907695289,1,1500961,68878537,437760,1,10104483,59216
4,2,0,30,10,0,1918510595,5,1500961,68878537,437760,1,10104483,59216
4,2,0,30,10,0,1954535726,4,1500961,68878537,437760,1,10104483,59216
4,2,0,30,10,0,365348640,3,1500961,68878537,437760,1,10104483,59216
4,2,0,30,10,0,478163327,0,1500961,68878537,437760,1,10104483,59216
4,2,0,30,10,0,493581915,9,1500961,68878537,437760,1,10104483,59216
4,2,0,30,10,0,742079273,8,1500961,68878537,437760,1,10104483,59216
4,2,0,30,20,0,1071609720,2,1501098,68818097,437760,1,10104480,63251
4,2,0,30,20,0,1701076604,6,1501098,68818097,437760,1,10104480,63251
4,2,0,30,20,0,1831317012,7,1501098,68818097,437760,1,10104480,63251
4,2,0,30,20,0,1907695289,1,1501098,68818097,437760,1,10104480,63251
4,2,0,30,20,0,1918510595,5,1501098,68818097,437760,1,10104480,63251
4,2,0,30,20,0,1954535726,4,1501098,68818097,437760,1,10104480,63251
4,2,0,30,20,0,365348640,3,1501098,68818097,437760,1,10104480,63251
4,2,0,30,20,0,478163327,0,1501098,68818097,437760,1,10104480,63251
4,2,0,30,20,0,493581915,9,1501098,68818097,437760,1,10104480,63251
4,2,0,30,20,0,742079273,8,1501098,68818097,437760,1,10104480,63251
4,2,0,30,2,0,1071609720,2,1501720,68569285,437760,1,10103854,63612
4,2,0,30,2,0,1701076604,6,1501720,68569285,437760,1,10103854,63612
4,2,0,30,2,0,1831317012,7,1501720,68569285,437760,1,10103854,63612
4,2,0,30,2,0,1907695289,1,1501720,68569285,437760,1,10103854,63612
4,2,0,30,2,0,1918510595,5,1501720,68569285,437760,1,10103854,63612
4,2,0,30,2,0,1954535726,4,1501720,68569285,437760,1,10103854,63612
4,2,0,30,2,0,365348640,3,1501720,68569285,437760,1,10103854,63612
4,2,0,30,2,0,478163327,0,1501720,68569285,437760,1,10103854,63612
4,2,0,30,2,0,493581915,9,1501720,68569285,437760,1,10103854,63612
4,2,0,30,2,0,742079273,8,1501720,68569285,437760,1,10103854,63612
4,2,0,30,30,0,1071609720,2,1501883,68882775,437760,1,10100418,60913
4,2,0,30,30,0,1701076604,6,1501883,68882775,437760,1,10100418,60913
4,2,0,30,30,0,1831317012,7,1501883,68882775,437760,1,10100418,60913
4,2,0,30,30,0,1907695289,1,1501883,68882775,437760,1,10100418,60913
4,2,0,30,30,0,1918510595,5,1501883,68882775,437760,1,10100418,60913
4,2,0,30,30,0,1954535726,4,1501883,68882775,437760,1,10100418,60913
4,2,0,30,30,0,365348640,3,1501883,68882775,437760,1,10100418,60913
4,2,0,30,30,0,478163327,0,1501883,68882775,437760,1,10100418,60913
4,2,0,30,30,0,493581915,9,1501883,68882775,437760,1,10100418,60913
4,2,0,30,30,0,742079273,8,1501883,68882775,437760,1,10100418,60913
4,2,0,30,5,0,1071609720,2,1500381,68891036,437760,1,10104480,59124
4,2,0,30,5,0,1701076604,6,1500381,68891036,437760,1,10104480,59124
4,2,0,30,5,0,1831317012,7,1500381,68891036,437760,1,10104480,59124
4,2,0,30,5,0,1907695289,1,1500381,68891036,437760,1,10104480,59124
4,2,0,30,5,0,1918510595,5,1500381,68891036,437760,1,10104480,59124
4,2,0,30,5,0,1954535726,4,1500381,68891036,437760,1,10104480,59124
4,2,0,30,5,0,365348640,3,1500381,68891036,437760,1,10104480,59124
4,2,0,30,5,0,478163327,0,1500381,68891036,437760,1,10104480,59124
4,2,0,30,5,0,493581915,9,1500381,68891036,437760,1,10104480,59124
4,2,0,30,5,0,742079273,8,1500381,68891036,437760,1,10104480,59124
4,2,0,60,0,0,1071609720,2,2504636,68551042,437760,1,10104796,58183
4,2,0,60,0,0,1701076604,6,2504636,68551042,437760,1,10104796,58183
4,2,0,60,0,0,1831317012,7,2504636,68551042,437760,1,10104796,58183
4,2,0,60,0,0,1907695289,1,2504636,68551042,437760,1,10104796,58183
4,2,0,60,0,0,1918510595,5,2504636,68551042,437760,1,10104796,58183
4,2,0,60,0,0,1954535726,4,2504636,68551042,437760,1,10104796,58183
4,2,0,60,0,0,365348640,3,2504636,68551042,437760,1,10104796,58183
4,2,0,60,0,0,478163327,0,2504636,68551042,437760,1,10104796,58183
4,2,0,60,0,0,493581915,9,2504636,68551042,437760,1,10104796,58183
4,2,0,60,0,0,742079273,8,2504636,68551042,437760,1,10104796,58183
4,2,0,60,10,0,1071609720,2,1501924,68864202,437760,1,10105105,56499
4,2,0,60,10,0,1701076604,6,1501924,68864202,437760,1,10105105,56499
4,2,0,60,10,0,1831317012,7,1501924,68864202,437760,1,10105105,56499
4,2,0,60,10,0,1907695289,1,1501924,68864202,437760,1,10105105,56499
4,2,0,60,10,0,1918510595,5,1501924,68864202,437760,1,10105105,56499
4,2,0,60,10,0,1954535726,4,1501924,68864202,437760,1,10105105,56499
4,2,0,60,10,0,365348640,3,1501924,68864202,437760,1,10105105,56499
4,2,0,60,10,0,478163327,0,1501924,68864202,437760,1,10105105,56499
4,2,0,60,10,0,493581915,9,1501924,68864202,437760,1,10105105,56499
4,2,0,60,10,0,742079273,8,1501924,68864202,437760,1,10105105,56499
4,2,0,60,20,0,1071609720,2,1500334,68830758,437760,1,10103856,56337
4,2,0,60,20,0,1701076604,6,1500334,68830758,437760,1,10103856,56337
4,2,0,60,20,0,1831317012,7,1500334,68830758,437760,1,10103856,56337
4,2,0,60,20,0,1907695289,1,1500334,68830758,437760,1,10103856,56337
4,2,0,60,20,0,1918510595,5,1500334,68830758,437760,1,10103856,56337
4,2,0,60,20,0,1954535726,4,1500334,68830758,437760,1,10103856,56337
4,2,0,60,20,0,365348640,3,1500334,68830758,437760,1,10103856,56337
4,2,0,60,20,0,478163327,0,1500334,68830758,437760,1,10103856,56337
4,2,0,60,20,0,493581915,9,1500334,68830758,437760,1,10103856,56337
4,2,0,60,20,0,742079273,8,1500334,68830758,437760,1,10103856,56337
4,2,0,60,2,0,1071609720,2,1502085,68874360,437760,1,10104793,58435
4,2,0,60,2,0,1701076604,6,1502085,68874360,437760,1,10104793,58435
4,2,0,60,2,0,1831317012,7,1502085,68874360,437760,1,10104793,58435
4,2,0,60,2,0,1907695289,1,1502085,68874360,437760,1,10104793,58435
4,2,0,60,2,0,1918510595,5,1502085,68874360,437760,1,10104793,58435
4,2,0,60,2,0,1954535726,4,1502085,68874360,437760,1,10104793,58435
4,2,0,60,2,0,365348640,3,1502085,68874360,437760,1,10104793,58435
4,2,0,60,2,0,478163327,0,1502085,68874360,437760,1,10104793,58435
4,2,0,60,2,0,493581915,9,1502085,68874360,437760,1,10104793,58435
4,2,0,60,2,0,742079273,8,1502085,68874360,437760,1,10104793,58435
4,2,0,60,30,0,1071609720,2,1501303,68821991,437760,1,10103853,58295
4,2,0,60,30,0,1701076604,6,1501303,68821991,437760,1,10103853,58295
4,2,0,60,30,0,1831317012,7,1501303,68821991,437760,1,10103853,58295
4,2,0,60,30,0,1907695289,1,1501303,68821991,437760,1,10103853,58295
4,2,0,60,30,0,1918510595,5,1501303,68821991,437760,1,10103853,58295
4,2,0,60,30,0,1954535726,4,1501303,68821991,437760,1,10103853,58295
4,2,0,60,30,0,365348640,3,1501303,68821991,437760,1,10103853,58295
4,2,0,60,30,0,478163327,0,1501303,68821991,437760,1,10103853,58295
4,2,0,60,30,0,493581915,9,1501303,68821991,437760,1,10103853,58295
4,2,0,60,30,0,742079273,8,1501303,68821991,437760,1,10103853,58295
4,2,0,60,5,0,1071609720,2,1501156,68740732,437760,1,10105105,56387
4,2,0,60,5,0,1701076604,6,1501156,68740732,437760,1,10105105,56387
4,2,0,60,5,0,1831317012,7,1501156,68740732,437760,1,10105105,56387
4,2,0,60,5,0,1907695289,1,1501156,68740732,437760,1,10105105,56387
4,2,0,60,5,0,1918510595,5,1501156,68740732,437760,1,10105105,56387
4,2,0,60,5,0,1954535726,4,1501156,68740732,437760,1,10105105,56387
4,2,0,60,5,0,365348640,3,1501156,68740732,437760,1,10105105,56387
4,2,0,60,5,0,478163327,0,1501156,68740732,437760,1,10105105,56387
4,2,0,60,5,0,493581915,9,1501156,68740732,437760,1,10105105,56387
4,2,0,60,5,0,742079273,8,1501156,68740732,437760,1,10105105,56387
4,2,1,120,0,0,1071609720,2,2504593,67572635,437760,1,10131022,56431
4,2,1,120,0,0,1701076604,6,2504593,67572635,437760,1,10131022,56431
4,2,1,120,0,0,1831317012,7,2504593,67572635,437760,1,10131022,56431
4,2,1,120,0,0,1907695289,1,2504593,67572635,437760,1,10131022,56431
4,2,1,120,0,0,1918510595,5,2504593,67572635,437760,1,10131022,56431
4,2,1,120,0,0,1954535726,4,2504593,67572635,437760,1,10131022,56431
4,2,1,120,0,0,365348640,3,2504593,67572635,437760,1,10131022,56431
4,2,1,120,0,0,478163327,0,2504593,67572635,437760,1,10131022,56431
4,2,1,120,0,0,493581915,9,2504593,67572635,437760,1,10131022,56431
4,2,1,120,0,0,742079273,8,2504593,67572635,437760,1,10131022,56431
4,2,1,120,10,0,1071609720,2,2501896,67578257,437760,1,10130084,59393
4,2,1,120,10,0,1701076604,6,2501896,67578257,437760,1,10130084,59393
4,2,1,120,10,0,1831317012,7,2501896,67578257,437760,1,10130084,59393
4,2,1,120,10,0,1907695289,1,2501896,67578257,437760,1,10130084,59393
4,2,1,120,10,0,1918510595,5,2501896,67578257,437760,1,10130084,59393
4,2,1,120,10,0,1954535726,4,2501896,67578257,437760,1,10130084,59393
4,2,1,120,10,0,365348640,3,2501896,67578257,437760,1,10130084,59393
4,2,1,120,10,0,478163327,0,2501896,67578257,437760,1,10130084,59393
4,2,1,120,10,0,493581915,9,2501896,67578257,437760,1,10130084,59393
4,2,1,120,10,0,742079273,8,2501896,67578257,437760,1,10130084,59393
4,2,1,120,20,0,1071609720,2,2500885,67565527,437760,1,10126020,53219
4,2,1,120,20,0,1701076604,6,2500885,67565527,437760,1,10126020,53219
4,2,1,120,20,0,1831317012,7,2500885,67565527,437760,1,10126020,53219
4,2,1,120,20,0,1907695289,1,2500885,67565527,437760,1,10126020,53219
4,2,1,120,20,0,1918510595,5,2500885,67565527,437760,1,10126020,53219
4,2,1,120,20,0,1954535726,4,2500885,67565527,437760,1,10126020,53219
4,2,1,120,20,0,365348640,3,2500885,67565527,437760,1,10126020,53219
4,2,1,120,20,0,478163327,0,2500885,67565527,437760,1,10126020,53219
4,2,1,120,20,0,493581915,9,2500885,67565527,437760,1,10126020,53219
4,2,1,120,20,0,742079273,8,2500885,67565527,437760,1,10126020,53219
4,2,1,120,2,0,1071609720,2,2501320,67770885,437760,1,10130088,56200
4,2,1,120,2,0,1701076604,6,2501320,67770885,437760,1,10130088,56200
4,2,1,120,2,0,1831317012,7,2501320,67770885,437760,1,10130088,56200
4,2,1,120,2,0,1907695289,1,2501320,67770885,437760,1,10130088,56200
4,2,1,120,2,0,1918510595,5,2501320,67770885,437760,1,10130088,56200
4,2,1,120,2,0,1954535726,4,2501320,67770885,437760,1,10130088,56200
4,2,1,120,2,0,365348640,3,2501320,67770885,437760,1,10130088,56200
4,2,1,120,2,0,478163327,0,2501320,67770885,437760,1,10130088,56200
4,2,1,120,2,0,493581915,9,2501320,67770885,437760,1,10130088,56200
4,2,1,120,2,0,742079273,8,2501320,67770885,437760,1,10130088,56200
4,2,1,120,30,0,1071609720,2,2501175,67593716,437760,1,10131963,56773
4,2,1,120,30,0,1701076604,6,2501175,67593716,437760,1,10131963,56773
4,2,1,120,30,0,1831317012,7,2501175,67593716,437760,1,10131963,56773
4,2,1,120,30,0,1907695289,1,2501175,67593716,437760,1,10131963,56773
4,2,1,120,30,0,1918510595,5,2501175,67593716,437760,1,10131963,56773
4,2,1,120,30,0,1954535726,4,2501175,67593716,437760,1,10131963,56773
4,2,1,120,30,0,365348640,3,2501175,67593716,437760,1,10131963,56773
4,2,1,120,30,0,478163327,0,2501175,67593716,437760,1,10131963,56773
4,2,1,120,30,0,493581915,9,2501175,67593716,437760,1,10131963,56773
4,2,1,120,30,0,742079273,8,2501175,67593716,437760,1,10131963,56773
4,2,1,120,5,0,1071609720,2,2503487,67687940,437760,1,10130401,59585
4,2,1,120,5,0,1701076604,6,2503487,67687940,437760,1,10130401,59585
4,2,1,120,5,0,1831317012,7,2503487,67687940,437760,1,10130401,59585
4,2,1,120,5,0,1907695289,1,2503487,67687940,437760,1,10130401,59585
4,2,1,120,5,0,1918510595,5,2503487,67687940,437760,1,10130401,59585
4,2,1,120,5,0,1954535726,4,2503487,67687940,437760,1,10130401,59585
4,2,1,120,5,0,365348640,3,2503487,67687940,437760,1,10130401,59585
4,2,1,120,5,0,478163327,0,2503487,67687940,437760,1,10130401,59585
4,2,1,120,5,0,493581915,9,2503487,67687940,437760,1,10130401,59585
4,2,1,120,5,0,742079273,8,2503487,67687940,437760,1,10130401,59585
4,2,1,30,0,0,1071609720,2,2504198,67530880,437760,1,10052070,557618
4,2,1,30,0,0,1701076604,6,2504198,67530880,437760,1,10052070,557618
4,2,1,30,0,0,1831317012,7,2504198,67530880,437760,1,10052070,557618
4,2,1,30,0,0,1907695289,1,2504198,67530880,437760,1,10052070,557618
4,2,1,30,0,0,1918510595,5,2504198,67530880,437760,1,10052070,557618
4,2,1,30,0,0,1954535726,4,2504198,67530880,437760,1,10052070,557618
4,2,1,30,0,0,365348640,3,2504198,67530880,437760,1,10052070,557618
4,2,1,30,0,0,478163327,0,2504198,67530880,437760,1,10052070,557618
4,2,1,30,0,0,493581915,9,2504198,67530880,437760,1,10052070,557618
4,2,1,30,0,0,742079273,8,2504198,67530880,437760,1,10052070,557618
4,2,1,30,10,0,1071609720,2,2500685,68333132,437760,1,10116637,48499
4,2,1,30,10,0,1701076604,6,2500685,68333132,437760,1,10116637,48499
4,2,1,30,10,0,1831317012,7,2500685,68333132,437760,1,10116637,48499
4,2,1,30,10,0,1907695289,1,2500685,68333132,437760,1,10116637,48499
4,2,1,30,10,0,1918510595,5,2500685,68333132,437760,1,10116637,48499
4,2,1,30,10,0,1954535726,4,2500685,68333132,437760,1,10116637,48499
4,2,1,30,10,0,365348640,3,2500685,68333132,437760,1,10116637,48499
4,2,1,30,10,0,478163327,0,2500685,68333132,437760,1,10116637,48499
4,2,1,30,10,0,493581915,9,2500685,68333132,437760,1,10116637,48499
4,2,1,30,10,0,742079273,8,2500685,68333132,437760,1,10116637,48499
4,2,1,30,20,0,1071609720,2,2502831,67699509,437760,1,10049252,583091
4,2,1,30,20,0,1701076604,6,2502831,67699509,437760,1,10049252,583091
4,2,1,30,20,0,1831317012,7,2502831,67699509,437760,1,10049252,583091
4,2,1,30,20,0,1907695289,1,2502831,67699509,437760,1,10049252,583091
4,2,1,30,20,0,1918510595,5,2502831,67699509,437760,1,10049252,583091
4,2,1,30,20,0,1954535726,4,2502831,67699509,437760,1,10049252,583091
4,2,1,30,20,0,365348640,3,2502831,67699509,437760,1,10049252,583091
4,2,1,30,20,0,478163327,0,2502831,67699509,437760,1,10049252,583091
4,2,1,30,20,0,493581915,9,2502831,67699509,437760,1,10049252,583091
4,2,1,30,20,0,742079273,8,2502831,67699509,437760,1,10049252,583091
4,2,1,30,2,0,1071609720,2,2501213,67307321,437760,1,10033945,652614
4,2,1,30,2,0,1701076604,6,2501213,67307321,437760,1,10033945,652614
4,2,1,30,2,0,1831317012,7,2501213,67307321,437760,1,10033945,652614
4,2,1,30,2,0,1907695289,1,2501213,67307321,437760,1,10033945,652614
4,2,1,30,2,0,1918510595,5,2501213,67307321,437760,1,10033945,652614
4,2,1,30,2,0,1954535726,4,2501213,67307321,437760,1,10033945,652614
4,2,1,30,2,0,365348640,3,2501213,67307321,437760,1,10033945,652614
4,2,1,30,2,0,478163327,0,2501213,67307321,437760,1,10033945,652614
4,2,1,30,2,0,493581915,9,2501213,67307321,437760,1,10033945,652614
4,2,1,30,2,0,742079273,8,2501213,67307321,437760,1,10033945,652614
4,2,1,30,30,0,1071609720,2,2501876,68507450,437760,1,10111320,43071
4,2,1,30,30,0,1701076604,6,2501876,68507450,437760,1,10111320,43071
4,2,1,30,30,0,1831317012,7,2501876,68507450,437760,1,10111320,43071
4,2,1,30,30,0,1907695289,1,2501876,68507450,437760,1,10111320,43071
4,2,1,30,30,0,1918510595,5,2501876,68507450,437760,1,10111320,43071
4,2,1,30,30,0,1954535726,4,2501876,68507450,437760,1,10111320,43071
4,2,1,30,30,0,365348640,3,2501876,68507450,437760,1,10111320,43071
4,2,1,30,30,0,478163327,0,2501876,68507450,437760,1,10111320,43071
4,2,1,30,30,0,493581915,9,2501876,68507450,437760,1,10111320,43071
4,2,1,30,30,0,742079273,8,2501876,68507450,437760,1,10111320,43071
4,2,1,30,5,0,1071609720,2,2502269,68327504,437760,1,10114137,51396
4,2,1,30,5,0,1701076604,6,2502269,68327504,437760,1,10114137,51396
4,2,1,30,5,0,1831317012,7,2502269,68327504,437760,1,10114137,51396
4,2,1,30,5,0,1907695289,1,2502269,68327504,437760,1,10114137,51396
4,2,1,30,5,0,1918510595,5,2502269,68327504,437760,1,10114137,51396
4,2,1,30,5,0,1954535726,4,2502269,68327504,437760,1,10114137,51396
4,2,1,30,5,0,365348640,3,2502269,68327504,437760,1,10114137,51396
4,2,1,30,5,0,478163327,0,2502269,68327504,437760,1,10114137,51396
4,2,1,30,5,0,493581915,9,2502269,68327504,437760,1,10114137,51396
4,2,1,30,5,0,742079273,8,2502269,68327504,437760,1,10114137,51396
4,2,1,60,0,0,1071609720,2,2504309,67440726,437760,1,9997985,580981
4,2,1,60,0,0,1701076604,6,2504309,67440726,437760,1,9997985,580981
4,2,1,60,0,0,1831317012,7,2504309,67440726,437760,1,9997985,580981
4,2,1,60,0,0,1907695289,1,2504309,67440726,437760,1,9997985,580981
4,2,1,60,0,0,1918510595,5,2504309,67440726,437760,1,9997985,580981
4,2,1,60,0,0,1954535726,4,2504309,67440726,437760,1,9997985,580981
4,2,1,60,0,0,365348640,3,2504309,67440726,437760,1,9997985,580981
4,2,1,60,0,0,478163327,0,2504309,67440726,437760,1,9997985,580981
4,2,1,60,0,0,493581915,9,2504309,67440726,437760,1,9997985,580981
4,2,1,60,0,0,742079273,8,2504309,67440726,437760,1,9997985,580981
4,2,1,60,10,0,1071609720,2,2503513,67854049,437760,1,10003926,694258
4,2,1,60,10,0,1701076604,6,2503513,67854049,437760,1,10003926,694258
4,2,1,60,10,0,1831317012,7,2503513,67854049,437760,1,10003926,694258
4,2,1,60,10,0,1907695289,1,2503513,67854049,437760,1,10003926,694258
4,2,1,60,10,0,1918510595,5,2503513,67854049,437760,1,10003926,694258
4,2,1,60,10,0,1954535726,4,2503513,67854049,437760,1,10003926,694258
4,2,1,60,10,0,365348640,3,2503513,67854049,437760,1,10003926,694258
4,2,1,60,10,0,478163327,0,2503513,67854049,437760,1,10003926,694258
4,2,1,60,10,0,493581915,9,2503513,67854049,437760,1,10003926,694258
4,2,1,60,10,0,742079273,8,2503513,67854049,437760,1,10003926,694258
4,2,1,60,20,0,1071609720,2,2501535,67945003,437760,1,10108505,39162
4,2,1,60,20,0,1701076604,6,2501535,67945003,437760,1,10108505,39162
4,2,1,60,20,0,1831317012,7,2501535,67945003,437760,1,10108505,39162
4,2,1,60,20,0,1907695289,1,2501535,67945003,437760,1,10108505,39162
4,2,1,60,20,0,1918510595,5,2501535,67945003,437760,1,10108505,39162
4,2,1,60,20,0,1954535726,4,2501535,67945003,437760,1,10108505,39162
4,2,1,60,20,0,365348640,3,2501535,67945003,437760,1,10108505,39162
4,2,1,60,20,0,478163327,0,2501535,67945003,437760,1,10108505,39162
4,2,1,60,20,0,493581915,9,2501535,67945003,437760,1,10108505,39162
4,2,1,60,20,0,742079273,8,2501535,67945003,437760,1,10108505,39162
4,2,1,60,2,0,1071609720,2,2502709,67851247,437760,1,10021106,611226
4,2,1,60,2,0,1701076604,6,2502709,67851247,437760,1,10021106,611226
4,2,1,60,2,0,1831317012,7,2502709,67851247,437760,1,10021106,611226
4,2,1,60,2,0,1907695289,1,2502709,67851247,437760,1,10021106,611226
4,2,1,60,2,0,1918510595,5,2502709,67851247,437760,1,10021106,611226
4,2,1,60,2,0,1954535726,4,2502709,67851247,437760,1,10021106,611226
4,2,1,60,2,0,365348640,3,2502709,67851247,437760,1,10021106,611226
4,2,1,60,2,0,478163327,0,2502709,67851247,437760,1,10021106,611226
4,2,1,60,2,0,493581915,9,2502709,67851247,437760,1,10021106,611226
4,2,1,60,2,0,742079273,8,2502709,67851247,437760,1,10021106,611226
4,2,1,60,30,0,1071609720,2,2501512,67658631,437760,1,10021109,621548
4,2,1,60,30,0,1701076604,6,2501512,67658631,437760,1,10021109,621548
4,2,1,60,30,0,1831317012,7,2501512,67658631,437760,1,10021109,621548
4,2,1,60,30,0,1907695289,1,2501512,67658631,437760,1,10021109,621548
4,2,1,60,30,0,1918510595,5,2501512,67658631,437760,1,10021109,621548
4,2,1,60,30,0,1954535726,4,2501512,67658631,437760,1,10021109,621548
4,2,1,60,30,0,365348640,3,2501512,67658631,437760,1,10021109,621548
4,2,1,60,30,0,478163327,0,2501512,67658631,437760,1,10021109,621548
4,2,1,60,30,0,493581915,9,2501512,67658631,437760,1,10021109,621548
4,2,1,60,30,0,742079273,8,2501512,67658631,437760,1,10021109,621548
4,2,1,60,5,0,1071609720,2,2501246,67721923,437760,1,10019858,613136
4,2,1,60,5,0,1701076604,6,2501246,67721923,437760,1,10019858,613136
4,2,1,60,5,0,1831317012,7,2501246,67721923,437760,1,10019858,613136
4,2,1,60,5,0,1907695289,1,2501246,67721923,437760,1,10019858,613136
4,2,1,60,5,0,1918510595,5,2501246,67721923,437760,1,10019858,613136
4,2,1,60,5,0,1954535726,4,2501246,67721923,437760,1,10019858,613136
4,2,1,60,5,0,365348640,3,2501246,67721923,437760,1,10019858,613136
4,2,1,60,5,0,478163327,0,2501246,67721923,437760,1,10019858,613136
4,2,1,60,5,0,493581915,9,2501246,67721923,437760,1,10019858,613136
4,2,1,60,5,0,742079273,8,2501246,67721923,437760,1,10019858,613136
5,0,1,120,0,0,1071609720,2,5504621,68110593,494540,1,10263546,1451050
5,0,1,120,0,0,1701076604,6,5504621,68110593,494540,1,10263546,1451050
5,0,1,120,0,0,1831317012,7,5504621,68110593,494540,1,10263546,1451050
5,0,1,120,0,0,1907695289,1,5504621,68110593,494540,1,10263546,1451050
5,0,1,120,0,0,1918510595,5,5504621,68110593,494540,1,10263546,1451050
5,0,1,120,0,0,1954535726,4,5504621,68110593,494540,1,10263546,1451050
5,0,1,120,0,0,365348640,3,5504621,68110593,494540,1,10263546,1451050
5,0,1,120,0,0,478163327,0,5504621,68110593,494540,1,10263546,1451050
5,0,1,120,0,0,493581915,9,5504621,68110593,494540,1,10263546,1451050
5,0,1,120,0,0,742079273,8,5504621,68110593,494540,1,10263546,1451050
5,0,1,120,10,0,1071609720,2,5504621,68110593,494540,1,10263546,1451050
5,0,1,120,10,0,1701076604,6,5504621,68110593,494540,1,10263546,1451050
5,0,1,120,10,0,1831317012,7,5504621,68110593,494540,1,10263546,1451050
5,0,1,120,10,0,1907695289,1,5504621,68110593,494540,1,10263546,1451050
5,0,1,120,10,0,1918510595,5,5504621,68110593,494540,1,10263546,1451050
5,0,1,120,10,0,1954535726,4,5504621,68110593,494540,1,10263546,1451050
5,0,1,120,10,0,365348640,3,5504621,68110593,494540,1,10263546,1451050
5,0,1,120,10,0,478163327,0,5504621,68110593,494540,1,10263546,1451050
5,0,1,120,10,0,493581915,9,5504621,68110593,494540,1,10263546,1451050
5,0,1,120,10,0,742079273,8,5504621,68110593,494540,1,10263546,1451050
5,0,1,120,20,0,1071609720,2,5504621,68110593,494540,1,10263546,1451050
5,0,1,120,20,0,1701076604,6,5504621,68110593,494540,1,10263546,1451050
5,0,1,120,20,0,1831317012,7,5504621,68110593,494540,1,10263546,1451050
5,0,1,120,20,0,1907695289,1,5504621,68110593,494540,1,10263546,1451050
5,0,1,120,20,0,1918510595,5,5504621,68110593,494540,1,10263546,1451050
5,0,1,120,20,0,1954535726,4,5504621,68110593,494540,1,10263546,1451050
5,0,1,120,20,0,365348640,3,5504621,68110593,494540,1,10263546,1451050
5,0,1,120,20,0,478163327,0,5504621,68110593,494540,1,10263546,1451050
5,0,1,120,20,0,493581915,9,5504621,68110593,494540,1,10263546,1451050
5,0,1,120,20,0,742079273,8,5504621,68110593,494540,1,10263546,1451050
5,0,1,120,2,0,1071609720,2,5504621,68110593,494540,1,10263546,1451050
5,0,1,120,2,0,1701076604,6,5504621,68110593,494540,1,10263546,1451050
5,0,1,120,2,0,1831317012,7,5504621,68110593,494540,1,10263546,1451050
5,0,1,120,2,0,1907695289,1,5504621,68110593,494540,1,10263546,1451050
5,0,1,120,2,0,1918510595,5,5504621,68110593,494540,1,10263546,1451050
5,0,1,120,2,0,1954535726,4,5504621,68110593,494540,1,10263546,1451050
5,0,1,120,2,0,365348640,3,5504621,68110593,494540,1,10263546,1451050
5,0,1,120,2,0,478163327,0,5504621,68110593,494540,1,10263546,1451050
5,0,1,120,2,0,493581915,9,5504621,68110593,494540,1,10263546,1451050
5,0,1,120,2,0,742079273,8,5504621,68110593,494540,1,10263546,1451050
5,0,1,120,30,0,1071609720,2,5504621,68110593,494540,1,10263546,1451050
5,0,1,120,30,0,1701076604,6,5504621,68110593,494540,1,10263546,1451050
5,0,1,120,30,0,1831317012,7,5504621,68110593,494540,1,10263546,1451050
5,0,1,120,30,0,1907695289,1,5504621,68110593,494540,1,10263546,1451050
5,0,1,120,30,0,1918510595,5,5504621,68110593,494540,1,10263546,1451050
5,0,1,120,30,0,1954535726,4,5504621,68110593,494540,1,10263546,1451050
5,0,1,120,30,0,365348640,3,5504621,68110593,494540,1,10263546,1451050
5,0,1,120,30,0,478163327,0,5504621,68110593,494540,1,10263546,1451050
5,0,1,120,30,0,493581915,9,5504621,68110593,494540,1,10263546,1451050
5,0,1,120,30,0,742079273,8,5504621,68110593,494540,1,10263546,1451050
5,0,1,120,5,0,1071609720,2,5504621,68110593,494540,1,10263546,1451050
5,0,1,120,5,0,1701076604,6,5504621,68110593,494540,1,10263546,1451050
5,0,1,120,5,0,1831317012,7,5504621,68110593,494540,1,10263546,1451050
5,0,1,120,5,0,1907695289,1,5504621,68110593,494540,1,10263546,1451050
5,0,1,120,5,0,1918510595,5,5504621,68110593,494540,1,10263546,1451050
5,0,1,120,5,0,1954535726,4,5504621,68110593,494540,1,10263546,1451050
5,0,1,120,5,0,365348640,3,5504621,68110593,494540,1,10263546,1451050
5,0,1,120,5,0,478163327,0,5504621,68110593,494540,1,10263546,1451050
5,0,1,120,5,0,493581915,9,5504621,68110593,494540,1,10263546,1451050
5,0,1,120,5,0,742079273,8,5504621,68110593,494540,1,10263546,1451050
5,0,1,30,0,0,1071609720,2,5503284,67980422,495792,1,10284117,1262872
5,0,1,30,0,0,1701076604,6,5503284,67980422,495792,1,10284117,1262872
5,0,1,30,0,0,1831317012,7,5503284,67980422,495792,1,10284117,1262872
5,0,1,30,0,0,1907695289,1,5503284,67980422,495792,1,10284117,1262872
5,0,1,30,0,0,1918510595,5,5503284,67980422,495792,1,10284117,1262872
5,0,1,30,0,0,1954535726,4,5503284,67980422,495792,1,10284117,1262872
5,0,1,30,0,0,365348640,3,5503284,67980422,495792,1,10284117,1262872
5,0,1,30,0,0,478163327,0,5503284,67980422,495792,1,10284117,1262872
5,0,1,30,0,0,493581915,9,5503284,67980422,495792,1,10284117,1262872
5,0,1,30,0,0,742079273,8,5503284,67980422,495792,1,10284117,1262872
5,0,1,30,10,0,1071609720,2,5503284,67980422,495792,1,10284117,1262872
5,0,1,30,10,0,1701076604,6,5503284,67980422,495792,1,10284117,1262872
5,0,1,30,10,0,1831317012,7,5503284,67980422,495792,1,10284117,1262872
5,0,1,30,10,0,1907695289,1,5503284,67980422,495792,1,10284117,1262872
5,0,1,30,10,0,1918510595,5,5503284,67980422,495792,1,10284117,1262872
5,0,1,30,10,0,1954535726,4,5503284,67980422,495792,1,10284117,1262872
5,0,1,30,10,0,365348640,3,5503284,67980422,495792,1,10284117,1262872
5,0,1,30,10,0,478163327,0,5503284,67980422,495792,1,10284117,1262872
5,0,1,30,10,0,493581915,9,5503284,67980422,495792,1,10284117,1262872
5,0,1,30,10,0,742079273,8,5503284,67980422,495792,1,10284117,1262872
5,0,1,30,20,0,1071609720,2,5503284,67980422,495792,1,10284117,1262872
5,0,1,30,20,0,1701076604,6,5503284,67980422,495792,1,10284117,1262872
5,0,1,30,20,0,1831317012,7,5503284,67980422,495792,1,10284117,1262872
5,0,1,30,20,0,1907695289,1,5503284,67980422,495792,1,10284117,1262872
5,0,1,30,20,0,1918510595,5,5503284,67980422,495792,1,10284117,1262872
5,0,1,30,20,0,1954535726,4,5503284,67980422,495792,1,10284117,1262872
5,0,1,30,20,0,365348640,3,5503284,67980422,495792,1,10284117,1262872
5,0,1,30,20,0,478163327,0,5503284,67980422,495792,1,10284117,1262872
5,0,1,30,20,0,493581915,9,5503284,67980422,495792,1,10284117,1262872
5,0,1,30,20,0,742079273,8,5503284,67980422,495792,1,10284117,1262872
5,0,1,30,2,0,1071609720,2,5503284,67980422,495792,1,10284117,1262872
5,0,1,30,2,0,1701076604,6,5503284,67980422,495792,1,10284117,1262872
5,0,1,30,2,0,1831317012,7,5503284,67980422,495792,1,10284117,1262872
5,0,1,30,2,0,1907695289,1,5503284,67980422,495792,1,10284117,1262872
5,0,1,30,2,0,1918510595,5,5503284,67980422,495792,1,10284117,1262872
5,0,1,30,2,0,1954535726,4,5503284,67980422,495792,1,10284117,1262872
5,0,1,30,2,0,365348640,3,5503284,67980422,495792,1,10284117,1262872
5,0,1,30,2,0,478163327,0,5503284,67980422,495792,1,10284117,1262872
5,0,1,30,2,0,493581915,9,5503284,67980422,495792,1,10284117,1262872
5,0,1,30,2,0,742079273,8,5503284,67980422,495792,1,10284117,1262872
5,0,1,30,30,0,1071609720,2,5503284,67980422,495792,1,10284117,1262872
5,0,1,30,30,0,1701076604,6,5503284,67980422,495792,1,10284117,1262872
5,0,1,30,30,0,1831317012,7,5503284,67980422,495792,1,10284117,1262872
5,0,1,30,30,0,1907695289,1,5503284,67980422,495792,1,10284117,1262872
5,0,1,30,30,0,1918510595,5,5503284,67980422,495792,1,10284117,1262872
5,0,1,30,30,0,1954535726,4,5503284,67980422,495792,1,10284117,1262872
5,0,1,30,30,0,365348640,3,5503284,67980422,495792,1,10284117,1262872
5,0,1,30,30,0,478163327,0,5503284,67980422,495792,1,10284117,1262872
5,0,1,30,30,0,493581915,9,5503284,67980422,495792,1,10284117,1262872
5,0,1,30,30,0,742079273,8,5503284,67980422,495792,1,10284117,1262872
5,0,1,30,5,0,1071609720,2,5503284,67980422,495792,1,10284117,1262872
5,0,1,30,5,0,1701076604,6,5503284,67980422,495792,1,10284117,1262872
5,0,1,30,5,0,1831317012,7,5503284,67980422,495792,1,10284117,1262872
5,0,1,30,5,0,1907695289,1,5503284,67980422,495792,1,10284117,1262872
5,0,1,30,5,0,1918510595,5,5503284,67980422,495792,1,10284117,1262872
5,0,1,30,5,0,1954535726,4,5503284,67980422,495792,1,10284117,1262872
5,0,1,30,5,0,365348640,3,5503284,67980422,495792,1,10284117,1262872
5,0,1,30,5,0,478163327,0,5503284,67980422,495792,1,10284117,1262872
5,0,1,30,5,0,493581915,9,5503284,67980422,495792,1,10284117,1262872
5,0,1,30,5,0,742079273,8,5503284,67980422,495792,1,10284117,1262872
5,0,1,60,0,0,1071609720,2,7505061,67214361,492036,1,10201863,1613927
5,0,1,60,0,0,1701076604,6,7505061,67214361,492036,1,10201863,1613927
5,0,1,60,0,0,1831317012,7,7505061,67214361,492036,1,10201863,1613927
5,0,1,60,0,0,1907695289,1,7505061,67214361,492036,1,10201863,1613927
5,0,1,60,0,0,1918510595,5,7505061,67214361,492036,1,10201863,1613927
5,0,1,60,0,0,1954535726,4,7505061,67214361,492036,1,10201863,1613927
5,0,1,60,0,0,365348640,3,7505061,67214361,492036,1,10201863,1613927
5,0,1,60,0,0,478163327,0,7505061,67214361,492036,1,10201863,1613927
5,0,1,60,0,0,493581915,9,7505061,67214361,492036,1,10201863,1613927
5,0,1,60,0,0,742079273,8,7505061,67214361,492036,1,10201863,1613927
5,0,1,60,10,0,1071609720,2,7505061,67214361,492036,1,10201863,1613927
5,0,1,60,10,0,1701076604,6,7505061,67214361,492036,1,10201863,1613927
5,0,1,60,10,0,1831317012,7,7505061,67214361,492036,1,10201863,1613927
5,0,1,60,10,0,1907695289,1,7505061,67214361,492036,1,10201863,1613927
5,0,1,60,10,0,1918510595,5,7505061,67214361,492036,1,10201863,1613927
5,0,1,60,10,0,1954535726,4,7505061,67214361,492036,1,10201863,1613927
5,0,1,60,10,0,365348640,3,7505061,67214361,492036,1,10201863,1613927
5,0,1,60,10,0,478163327,0,7505061,67214361,492036,1,10201863,1613927
5,0,1,60,10,0,493581915,9,7505061,67214361,492036,1,10201863,1613927
5,0,1,60,10,0,742079273,8,7505061,67214361,492036,1,10201863,1613927
5,0,1,60,20,0,1071609720,2,7505061,67214361,492036,1,10201863,1613927
5,0,1,60,20,0,1701076604,6,7505061,67214361,492036,1,10201863,1613927
5,0,1,60,20,0,1831317012,7,7505061,67214361,492036,1,10201863,1613927
5,0,1,60,20,0,1907695289,1,7505061,67214361,492036,1,10201863,1613927
5,0,1,60,20,0,1918510595,5,7505061,67214361,492036,1,10201863,1613927
5,0,1,60,20,0,1954535726,4,7505061,67214361,492036,1,10201863,1613927
5,0,1,60,20,0,365348640,3,7505061,67214361,492036,1,10201863,1613927
5,0,1,60,20,0,478163327,0,7505061,67214361,492036,1,10201863,1613927
5,0,1,60,20,0,493581915,9,7505061,67214361,492036,1,10201863,1613927
5,0,1,60,20,0,742079273,8,7505061,67214361,492036,1,10201863,1613927
5,0,1,60,2,0,1071609720,2,7505061,67214361,492036,1,10201863,1613927
5,0,1,60,2,0,1701076604,6,7505061,67214361,492036,1,10201863,1613927
5,0,1,60,2,0,1831317012,7,7505061,67214361,492036,1,10201863,1613927
5,0,1,60,2,0,1907695289,1,7505061,67214361,492036,1,10201863,1613927
5,0,1,60,2,0,1918510595,5,7505061,67214361,492036,1,10201863,1613927
5,0,1,60,2,0,1954535726,4,7505061,67214361,492036,1,10201863,1613927
5,0,1,60,2,0,365348640,3,7505061,67214361,492036,1,10201863,1613927
5,0,1,60,2,0,478163327,0,7505061,67214361,492036,1,10201863,1613927
5,0,1,60,2,0,493581915,9,7505061,67214361,492036,1,10201863,1613927
5,0,1,60,2,0,742079273,8,7505061,67214361,492036,1,10201863,1613927
5,0,1,60,30,0,1071609720,2,7505061,67214361,492036,1,10201863,1613927
5,0,1,60,30,0,1701076604,6,7505061,67214361,492036,1,10201863,1613927
5,0,1,60,30,0,1831317012,7,7505061,67214361,492036,1,10201863,1613927
5,0,1,60,30,0,1907695289,1,7505061,67214361,492036,1,10201863,1613927
5,0,1,60,30,0,1918510595,5,7505061,67214361,492036,1,10201863,1613927
5,0,1,60,30,0,1954535726,4,7505061,67214361,492036,1,10201863,1613927
5,0,1,60,30,0,365348640,3,7505061,67214361,492036,1,10201863,1613927
5,0,1,60,30,0,478163327,0,7505061,67214361,492036,1,10201863,1613927
5,0,1,60,30,0,493581915,9,7505061,67214361,492036,1,10201863,1613927
5,0,1,60,30,0,742079273,8,7505061,67214361,492036,1,10201863,1613927
5,0,1,60,5,0,1071609720,2,7505061,67214361,492036,1,10201863,1613927
5,0,1,60,5,0,1701076604,6,7505061,67214361,492036,1,10201863,1613927
5,0,1,60,5,0,1831317012,7,7505061,67214361,492036,1,10201863,1613927
5,0,1,60,5,0,1907695289,1,7505061,67214361,492036,1,10201863,1613927
5,0,1,60,5,0,1918510595,5,7505061,67214361,492036,1,10201863,1613927
5,0,1,60,5,0,1954535726,4,7505061,67214361,492036,1,10201863,1613927
5,0,1,60,5,0,365348640,3,7505061,67214361,492036,1,10201863,1613927
5,0,1,60,5,0,478163327,0,7505061,67214361,492036,1,10201863,1613927
5,0,1,60,5,0,493581915,9,7505061,67214361,492036,1,10201863,1613927
5,0,1,60,5,0,742079273,8,7505061,67214361,492036,1,10201863,1613927
5,0,2,120,0,0,1071609720,2,5506470,20348651,612228,1,3059853,2056231
5,0,2,120,0,0,1701076604,6,5506470,20348651,612228,1,3059853,2056231
5,0,2,120,0,0,1831317012,7,5506470,20348651,612228,1,3059853,2056231
5,0,2,120,0,0,1907695289,1,5506470,20348651,612228,1,3059853,2056231
5,0,2,120,0,0,1918510595,5,5506470,20348651,612228,1,3059853,2056231
5,0,2,120,0,0,1954535726,4,5506470,20348651,612228,1,3059853,2056231
5,0,2,120,0,0,365348640,3,5506470,20348651,612228,1,3059853,2056231
5,0,2,120,0,0,478163327,0,5506470,20348651,612228,1,3059853,2056231
5,0,2,120,0,0,493581915,9,5506470,20348651,612228,1,3059853,2056231
5,0,2,120,0,0,742079273,8,5506470,20348651,612228,1,3059853,2056231
5,0,2,120,10,0,1071609720,2,5506470,20348651,612228,1,3059853,2056231
5,0,2,120,10,0,1701076604,6,5506470,20348651,612228,1,3059853,2056231
5,0,2,120,10,0,1831317012,7,5506470,20348651,612228,1,3059853,2056231
5,0,2,120,10,0,1907695289,1,5506470,20348651,612228,1,3059853,2056231
5,0,2,120,10,0,1918510595,5,5506470,20348651,612228,1,3059853,2056231
5,0,2,120,10,0,1954535726,4,5506470,20348651,612228,1,3059853,2056231
5,0,2,120,10,0,365348640,3,5506470,20348651,612228,1,3059853,2056231
5,0,2,120,10,0,478163327,0,5506470,20348651,612228,1,3059853,2056231
5,0,2,120,10,0,493581915,9,5506470,20348651,612228,1,3059853,2056231
5,0,2,120,10,0,742079273,8,5506470,20348651,612228,1,3059853,2056231
5,0,2,120,20,0,1071609720,2,5506470,20348651,612228,1,3059853,2056231
5,0,2,120,20,0,1701076604,6,5506470,20348651,612228,1,3059853,2056231
5,0,2,120,20,0,1831317012,7,5506470,20348651,612228,1,3059853,2056231
5,0,2,120,20,0,1907695289,1,5506470,20348651,612228,1,3059853,2056231
5,0,2,120,20,0,1918510595,5,5506470,20348651,612228,1,3059853,2056231
5,0,2,120,20,0,1954535726,4,5506470,20348651,612228,1,3059853,2056231
5,0,2,120,20,0,365348640,3,5506470,20348651,612228,1,3059853,2056231
5,0,2,120,20,0,478163327,0,5506470,20348651,612228,1,3059853,2056231
5,0,2,120,20,0,493581915,9,5506470,20348651,612228,1,3059853,2056231
5,0,2,120,20,0,742079273,8,5506470,20348651,612228,1,3059853,2056231
5,0,2,120,2,0,1071609720,2,5506470,20348651,612228,1,3059853,2056231
5,0,2,120,2,0,1701076604,6,5506470,20348651,612228,1,3059853,2056231
5,0,2,120,2,0,1831317012,7,5506470,20348651,612228,1,3059853,2056231
5,0,2,120,2,0,1907695289,1,5506470,20348651,612228,1,3059853,2056231
5,0,2,120,2,0,1918510595,5,5506470,20348651,612228,1,3059853,2056231
5,0,2,120,2,0,1954535726,4,5506470,20348651,612228,1,3059853,2056231
5,0,2,120,2,0,365348640,3,5506470,20348651,612228,1,3059853,2056231
5,0,2,120,2,0,478163327,0,5506470,20348651,612228,1,3059853,2056231
5,0,2,120,2,0,493581915,9,5506470,20348651,612228,1,3059853,2056231
5,0,2,120,2,0,742079273,8,5506470,20348651,612228,1,3059853,2056231
5,0,2,120,30,0,1071609720,2,5506470,20348651,612228,1,3059853,2056231
5,0,2,120,30,0,1701076604,6,5506470,20348651,612228,1,3059853,2056231
5,0,2,120,30,0,1831317012,7,5506470,20348651,612228,1,3059853,2056231
5,0,2,120,30,0,1907695289,1,5506470,20348651,612228,1,3059853,2056231
5,0,2,120,30,0,1918510595,5,5506470,20348651,612228,1,3059853,2056231
5,0,2,120,30,0,1954535726,4,5506470,20348651,612228,1,3059853,2056231
5,0,2,120,30,0,365348640,3,5506470,20348651,612228,1,3059853,2056231
5,0,2,120,30,0,478163327,0,5506470,20348651,612228,1,3059853,2056231
5,0,2,120,30,0,493581915,9,5506470,20348651,612228,1,3059853,2056231
5,0,2,120,30,0,742079273,8,5506470,20348651,612228,1,3059853,2056231
5,0,2,120,5,0,1071609720,2,5506470,20348651,612228,1,3059853,2056231
5,0,2,120,5,0,1701076604,6,5506470,20348651,612228,1,3059853,2056231
5,0,2,120,5,0,1831317012,7,5506470,20348651,612228,1,3059853,2056231
5,0,2,120,5,0,1907695289,1,5506470,20348651,612228,1,3059853,2056231
5,0,2,120,5,0,1918510595,5,5506470,20348651,612228,1,3059853,2056231
5,0,2,120,5,0,1954535726,4,5506470,20348651,612228,1,3059853,2056231
5,0,2,120,5,0,365348640,3,5506470,20348651,612228,1,3059853,2056231
5,0,2,120,5,0,478163327,0,5506470,20348651,612228,1,3059853,2056231
5,0,2,120,5,0,493581915,9,5506470,20348651,612228,1,3059853,2056231
5,0,2,120,5,0,742079273,8,5506470,20348651,612228,1,3059853,2056231
5,0,2,30,0,0,1071609720,2,5507281,19568366,613480,1,2898093,1842485
5,0,2,30,0,0,1701076604,6,5507281,19568366,613480,1,2898093,1842485
5,0,2,30,0,0,1831317012,7,5507281,19568366,613480,1,2898093,1842485
5,0,2,30,0,0,1907695289,1,5507281,19568366,613480,1,2898093,1842485
5,0,2,30,0,0,1918510595,5,5507281,19568366,613480,1,2898093,1842485
5,0,2,30,0,0,1954535726,4,5507281,19568366,613480,1,2898093,1842485
5,0,2,30,0,0,365348640,3,5507281,19568366,613480,1,2898093,1842485
5,0,2,30,0,0,478163327,0,5507281,19568366,613480,1,2898093,1842485
5,0,2,30,0,0,493581915,9,5507281,19568366,613480,1,2898093,1842485
5,0,2,30,0,0,742079273,8,5507281,19568366,613480,1,2898093,1842485
5,0,2,30,10,0,1071609720,2,5507281,19568366,613480,1,2898093,1842485
5,0,2,30,10,0,1701076604,6,5507281,19568366,613480,1,2898093,1842485
5,0,2,30,10,0,1831317012,7,5507281,19568366,613480,1,2898093,1842485
5,0,2,30,10,0,1907695289,1,5507281,19568366,613480,1,2898093,1842485
5,0,2,30,10,0,1918510595,5,5507281,19568366,613480,1,2898093,1842485
5,0,2,30,10,0,1954535726,4,5507281,19568366,613480,1,2898093,1842485
5,0,2,30,10,0,365348640,3,5507281,19568366,613480,1,2898093,1842485
5,0,2,30,10,0,478163327,0,5507281,19568366,613480,1,2898093,1842485
5,0,2,30,10,0,493581915,9,5507281,19568366,613480,1,2898093,1842485
5,0,2,30,10,0,742079273,8,5507281,19568366,613480,1,2898093,1842485
5,0,2,30,20,0,1071609720,2,5507281,19568366,613480,1,2898093,1842485
5,0,2,30,20,0,1701076604,6,5507281,19568366,613480,1,2898093,1842485
5,0,2,30,20,0,1831317012,7,5507281,19568366,613480,1,2898093,1842485
5,0,2,30,20,0,1907695289,1,5507281,19568366,613480,1,2898093,1842485
5,0,2,30,20,0,1918510595,5,5507281,19568366,613480,1,2898093,1842485
5,0,2,30,20,0,1954535726,4,5507281,19568366,613480,1,2898093,1842485
5,0,2,30,20,0,365348640,3,5507281,19568366,613480,1,2898093,1842485
5,0,2,30,20,0,478163327,0,5507281,19568366,613480,1,2898093,1842485
5,0,2,30,20,0,493581915,9,5507281,19568366,613480,1,2898093,1842485
5,0,2,30,20,0,742079273,8,5507281,19568366,613480,1,2898093,1842485
5,0,2,30,2,0,1071609720,2,5507281,19568366,613480,1,2898093,1842485
5,0,2,30,2,0,1701076604,6,5507281,19568366,613480,1,2898093,1842485
5,0,2,30,2,0,1831317012,7,5507281,19568366,613480,1,2898093,1842485
5,0,2,30,2,0,1907695289,1,5507281,19568366,613480,1,2898093,1842485
5,0,2,30,2,0,1918510595,5,5507281,19568366,613480,1,2898093,1842485
5,0,2,30,2,0,1954535726,4,5507281,19568366,613480,1,2898093,1842485
5,0,2,30,2,0,365348640,3,5507281,19568366,613480,1,2898093,1842485
5,0,2,30,2,0,478163327,0,5507281,19568366,613480,1,2898093,1842485
5,0,2,30,2,0,493581915,9,5507281,19568366,613480,1,2898093,1842485
5,0,2,30,2,0,742079273,8,5507281,19568366,613480,1,2898093,1842485
5,0,2,30,30,0,1071609720,2,5507281,19568366,613480,1,2898093,1842485
5,0,2,30,30,0,1701076604,6,5507281,19568366,613480,1,2898093,1842485
5,0,2,30,30,0,1831317012,7,5507281,19568366,613480,1,2898093,1842485
5,0,2,30,30,0,1907695289,1,5507281,19568366,613480,1,2898093,1842485
5,0,2,30,30,0,1918510595,5,5507281,19568366,613480,1,2898093,1842485
5,0,2,30,30,0,1954535726,4,5507281,19568366,613480,1,2898093,1842485
5,0,2,30,30,0,365348640,3,5507281,19568366,613480,1,2898093,1842485
5,0,2,30,30,0,478163327,0,5507281,19568366,613480,1,2898093,1842485
5,0,2,30,30,0,493581915,9,5507281,19568366,613480,1,2898093,1842485
5,0,2,30,30,0,742079273,8,5507281,19568366,613480,1,2898093,1842485
5,0,2,30,5,0,1071609720,2,5507281,19568366,613480,1,2898093,1842485
5,0,2,30,5,0,1701076604,6,5507281,19568366,613480,1,2898093,1842485
5,0,2,30,5,0,1831317012,7,5507281,19568366,613480,1,2898093,1842485
5,0,2,30,5,0,1907695289,1,5507281,19568366,613480,1,2898093,1842485
5,0,2,30,5,0,1918510595,5,5507281,19568366,613480,1,2898093,1842485
5,0,2,30,5,0,1954535726,4,5507281,19568366,613480,1,2898093,1842485
5,0,2,30,5,0,365348640,3,5507281,19568366,613480,1,2898093,1842485
5,0,2,30,5,0,478163327,0,5507281,19568366,613480,1,2898093,1842485
5,0,2,30,5,0,493581915,9,5507281,19568366,613480,1,2898093,1842485
5,0,2,30,5,0,742079273,8,5507281,19568366,613480,1,2898093,1842485
5,0,2,60,0,0,1071609720,2,500883,19696124,610976,1,2974931,1959853
5,0,2,60,0,0,1701076604,6,500883,19696124,610976,1,2974931,1959853
5,0,2,60,0,0,1831317012,7,500883,19696124,610976,1,2974931,1959853
5,0,2,60,0,0,1907695289,1,500883,19696124,610976,1,2974931,1959853
5,0,2,60,0,0,1918510595,5,500883,19696124,610976,1,2974931,1959853
5,0,2,60,0,0,1954535726,4,500883,19696124,610976,1,2974931,1959853
5,0,2,60,0,0,365348640,3,500883,19696124,610976,1,2974931,1959853
5,0,2,60,0,0,478163327,0,500883,19696124,610976,1,2974931,1959853
5,0,2,60,0,0,493581915,9,500883,19696124,610976,1,2974931,1959853
5,0,2,60,0,0,742079273,8,500883,19696124,610976,1,2974931,1959853
5,0,2,60,10,0,1071609720,2,500883,19696124,610976,1,2974931,1959853
5,0,2,60,10,0,1701076604,6,500883,19696124,610976,1,2974931,1959853
5,0,2,60,10,0,1831317012,7,500883,19696124,610976,1,2974931,1959853
5,0,2,60,10,0,1907695289,1,500883,19696124,610976,1,2974931,1959853
5,0,2,60,10,0,1918510595,5,500883,19696124,610976,1,2974931,1959853
5,0,2,60,10,0,1954535726,4,500883,19696124,610976,1,2974931,1959853
5,0,2,60,10,0,365348640,3,500883,19696124,610976,1,2974931,1959853
5,0,2,60,10,0,478163327,0,500883,19696124,610976,1,2974931,1959853
5,0,2,60,10,0,493581915,9,500883,19696124,610976,1,2974931,1959853
5,0,2,60,10,0,742079273,8,500883,19696124,610976,1,2974931,1959853
5,0,2,60,20,0,1071609720,2,500883,19696124,610976,1,2974931,1959853
5,0,2,60,20,0,1701076604,6,500883,19696124,610976,1,2974931,1959853
5,0,2,60,20,0,1831317012,7,500883,19696124,610976,1,2974931,1959853
5,0,2,60,20,0,1907695289,1,500883,19696124,610976,1,2974931,1959853
5,0,2,60,20,0,1918510595,5,500883,19696124,610976,1,2974931,1959853
5,0,2,60,20,0,1954535726,4,500883,19696124,610976,1,2974931,1959853
5,0,2,60,20,0,365348640,3,500883,19696124,610976,1,2974931,1959853
5,0,2,60,20,0,478163327,0,500883,19696124,610976,1,2974931,1959853
5,0,2,60,20,0,493581915,9,500883,19696124,610976,1,2974931,1959853
5,0,2,60,20,0,742079273,8,500883,19696124,610976,1,2974931,1959853
5,0,2,60,2,0,1071609720,2,500883,19696124,610976,1,2974931,1959853
5,0,2,60,2,0,1701076604,6,500883,19696124,610976,1,2974931,1959853
5,0,2,60,2,0,1831317012,7,500883,19696124,610976,1,2974931,1959853
5,0,2,60,2,0,1907695289,1,500883,19696124,610976,1,2974931,1959853
5,0,2,60,2,0,1918510595,5,500883,19696124,610976,1,2974931,1959853
5,0,2,60,2,0,1954535726,4,500883,19696124,610976,1,2974931,1959853
5,0,2,60,2,0,365348640,3,500883,19696124,610976,1,2974931,1959853
5,0,2,60,2,0,478163327,0,500883,19696124,610976,1,2974931,1959853
5,0,2,60,2,0,493581915,9,500883,19696124,610976,1,2974931,1959853
5,0,2,60,2,0,742079273,8,500883,19696124,610976,1,2974931,1959853
5,0,2,60,30,0,1071609720,2,500883,19696124,610976,1,2974931,1959853
5,0,2,60,30,0,1701076604,6,500883,19696124,610976,1,2974931,1959853
5,0,2,60,30,0,1831317012,7,500883,19696124,610976,1,2974931,1959853
5,0,2,60,30,0,1907695289,1,500883,19696124,610976,1,2974931,1959853
5,0,2,60,30,0,1918510595,5,500883,19696124,610976,1,2974931,1959853
5,0,2,60,30,0,1954535726,4,500883,19696124,610976,1,2974931,1959853
5,0,2,60,30,0,365348640,3,500883,19696124,610976,1,2974931,1959853
5,0,2,60,30,0,478163327,0,500883,19696124,610976,1,2974931,1959853
5,0,2,60,30,0,493581915,9,500883,19696124,610976,1,2974931,1959853
5,0,2,60,30,0,742079273,8,500883,19696124,610976,1,2974931,1959853
5,0,2,60,5,0,1071609720,2,500883,19696124,610976,1,2974931,1959853
5,0,2,60,5,0,1701076604,6,500883,19696124,610976,1,2974931,1959853
5,0,2,60,5,0,1831317012,7,500883,19696124,610976,1,2974931,1959853
5,0,2,60,5,0,1907695289,1,500883,19696124,610976,1,2974931,1959853
5,0,2,60,5,0,1918510595,5,500883,19696124,610976,1,2974931,1959853
5,0,2,60,5,0,1954535726,4,500883,19696124,610976,1,2974931,1959853
5,0,2,60,5,0,365348640,3,500883,19696124,610976,1,2974931,1959853
5,0,2,60,5,0,478163327,0,500883,19696124,610976,1,2974931,1959853
5,0,2,60,5,0,493581915,9,500883,19696124,610976,1,2974931,1959853
5,0,2,60,5,0,742079273,8,500883,19696124,610976,1,2974931,1959853
5,1,0,120,0,0,1071609720,2,500687,70206428,528344,1,10201762,377130
5,1,0,120,0,0,1701076604,6,500687,70206428,528344,1,10201762,377130
5,1,0,120,0,0,1831317012,7,500687,70206428,528344,1,10201762,377130
5,1,0,120,0,0,1907695289,1,500687,70206428,528344,1,10201762,377130
5,1,0,120,0,0,1918510595,5,500687,70206428,528344,1,10201762,377130
5,1,0,120,0,0,1954535726,4,500687,70206428,528344,1,10201762,377130
5,1,0,120,0,0,365348640,3,500687,70206428,528344,1,10201762,377130
5,1,0,120,0,0,478163327,0,500687,70206428,528344,1,10201762,377130
5,1,0,120,0,0,493581915,9,500687,70206428,528344,1,10201762,377130
5,1,0,120,0,0,742079273,8,500687,70206428,528344,1,10201762,377130
5,1,0,120,10,0,1071609720,2,500687,70206428,528344,1,10201762,377130
5,1,0,120,10,0,1701076604,6,500687,70206428,528344,1,10201762,377130
5,1,0,120,10,0,1831317012,7,500687,70206428,528344,1,10201762,377130
5,1,0,120,10,0,1907695289,1,500687,70206428,528344,1,10201762,377130
5,1,0,120,10,0,1918510595,5,500687,70206428,528344,1,10201762,377130
5,1,0,120,10,0,1954535726,4,500687,70206428,528344,1,10201762,377130
5,1,0,120,10,0,365348640,3,500687,70206428,528344,1,10201762,377130
5,1,0,120,10,0,478163327,0,500687,70206428,528344,1,10201762,377130
5,1,0,120,10,0,493581915,9,500687,70206428,528344,1,10201762,377130
5,1,0,120,10,0,742079273,8,500687,70206428,528344,1,10201762,377130
5,1,0,120,20,0,1071609720,2,500687,70206428,528344,1,10201762,377130
5,1,0,120,20,0,1701076604,6,500687,70206428,528344,1,10201762,377130
5,1,0,120,20,0,1831317012,7,500687,70206428,528344,1,10201762,377130
5,1,0,120,20,0,1907695289,1,500687,70206428,528344,1,10201762,377130
5,1,0,120,20,0,1918510595,5,500687,70206428,528344,1,10201762,377130
5,1,0,120,20,0,1954535726,4,500687,70206428,528344,1,10201762,377130
5,1,0,120,20,0,365348640,3,500687,70206428,528344,1,10201762,377130
5,1,0,120,20,0,478163327,0,500687,70206428,528344,1,10201762,377130
5,1,0,120,20,0,493581915,9,500687,70206428,528344,1,10201762,377130
5,1,0,120,20,0,742079273,8,500687,70206428,528344,1,10201762,377130
5,1,0,120,2,0,1071609720,2,500687,70206428,528344,1,10201762,377130
5,1,0,120,2,0,1701076604,6,500687,70206428,528344,1,10201762,377130
5,1,0,120,2,0,1831317012,7,500687,70206428,528344,1,10201762,377130
5,1,0,120,2,0,1907695289,1,500687,70206428,528344,1,10201762,377130
5,1,0,120,2,0,1918510595,5,500687,70206428,528344,1,10201762,377130
5,1,0,120,2,0,1954535726,4,500687,70206428,528344,1,10201762,377130
5,1,0,120,2,0,365348640,3,500687,70206428,528344,1,10201762,377130
5,1,0,120,2,0,478163327,0,500687,70206428,528344,1,10201762,377130
5,1,0,120,2,0,493581915,9,500687,70206428,528344,1,10201762,377130
5,1,0,120,2,0,742079273,8,500687,70206428,528344,1,10201762,377130
5,1,0,120,30,0,1071609720,2,500687,70206428,528344,1,10201762,377130
5,1,0,120,30,0,1701076604,6,500687,70206428,528344,1,10201762,377130
5,1,0,120,30,0,1831317012,7,500687,70206428,528344,1,10201762,377130
5,1,0,120,30,0,1907695289,1,500687,70206428,528344,1,10201762,377130
5,1,0,120,30,0,1918510595,5,500687,70206428,528344,1,10201762,377130
5,1,0,120,30,0,1954535726,4,500687,70206428,528344,1,10201762,377130
5,1,0,120,30,0,365348640,3,500687,70206428,528344,1,10201762,377130
5,1,0,120,30,0,478163327,0,500687,70206428,528344,1,10201762,377130
5,1,0,120,30,0,493581915,9,500687,70206428,528344,1,10201762,377130
5,1,0,120,30,0,742079273,8,500687,70206428,528344,1,10201762,377130
5,1,0,120,5,0,1071609720,2,500687,70206428,528344,1,10201762,377130
5,1,0,120,5,0,1701076604,6,500687,70206428,528344,1,10201762,377130
5,1,0,120,5,0,1831317012,7,500687,70206428,528344,1,10201762,377130
5,1,0,120,5,0,1907695289,1,500687,70206428,528344,1,10201762,377130
5,1,0,120,5,0,1918510595,5,500687,70206428,528344,1,10201762,377130
5,1,0,120,5,0,1954535726,4,500687,70206428,528344,1,10201762,377130
5,1,0,120,5,0,365348640,3,500687,70206428,528344,1,10201762,377130
5,1,0,120,5,0,478163327,0,500687,70206428,528344,1,10201762,377130
5,1,0,120,5,0,493581915,9,500687,70206428,528344,1,10201762,377130
5,1,0,120,5,0,742079273,8,500687,70206428,528344,1,10201762,377130
5,1,0,30,0,0,1071609720,2,500163,70207412,528344,1,10202008,483893
5,1,0,30,0,0,1701076604,6,500163,70207412,528344,1,10202008,483893
5,1,0,30,0,0,1831317012,7,500163,70207412,528344,1,10202008,483893
5,1,0,30,0,0,1907695289,1,500163,70207412,528344,1,10202008,483893
5,1,0,30,0,0,1918510595,5,500163,70207412,528344,1,10202008,483893
5,1,0,30,0,0,1954535726,4,500163,70207412,528344,1,10202008,483893
5,1,0,30,0,0,365348640,3,500163,70207412,528344,1,10202008,483893
5,1,0,30,0,0,478163327,0,500163,70207412,528344,1,10202008,483893
5,1,0,30,0,0,493581915,9,500163,70207412,528344,1,10202008,483893
5,1,0,30,0,0,742079273,8,500163,70207412,528344,1,10202008,483893
5,1,0,30,10,0,1071609720,2,500163,70207412,528344,1,10202008,483893
5,1,0,30,10,0,1701076604,6,500163,70207412,528344,1,10202008,483893
5,1,0,30,10,0,1831317012,7,500163,70207412,528344,1,10202008,483893
5,1,0,30,10,0,1907695289,1,500163,70207412,528344,1,10202008,483893
5,1,0,30,10,0,1918510595,5,500163,70207412,528344,1,10202008,483893
5,1,0,30,10,0,1954535726,4,500163,70207412,528344,1,10202008,483893
5,1,0,30,10,0,365348640,3,500163,70207412,528344,1,10202008,483893
5,1,0,30,10,0,478163327,0,500163,70207412,528344,1,10202008,483893
5,1,0,30,10,0,493581915,9,500163,70207412,528344,1,10202008,483893
5,1,0,30,10,0,742079273,8,500163,70207412,528344,1,10202008,483893
5,1,0,30,20,0,1071609720,2,500163,70207412,528344,1,10202008,483893
5,1,0,30,20,0,1701076604,6,500163,70207412,528344,1,10202008,483893
5,1,0,30,20,0,1831317012,7,500163,70207412,528344,1,10202008,483893
5,1,0,30,20,0,1907695289,1,500163,70207412,528344,1,10202008,483893
5,1,0,30,20,0,1918510595,5,500163,70207412,528344,1,10202008,483893
5,1,0,30,20,0,1954535726,4,500163,70207412,528344,1,10202008,483893
5,1,0,30,20,0,365348640,3,500163,70207412,528344,1,10202008,483893
5,1,0,30,20,0,478163327,0,500163,70207412,528344,1,10202008,483893
5,1,0,30,20,0,493581915,9,500163,70207412,528344,1,10202008,483893
5,1,0,30,20,0,742079273,8,500163,70207412,528344,1,10202008,483893
5,1,0,30,2,0,1071609720,2,500163,70207412,528344,1,10202008,483893
5,1,0,30,2,0,1701076604,6,500163,70207412,528344,1,10202008,483893
5,1,0,30,2,0,1831317012,7,500163,70207412,528344,1,10202008,483893
5,1,0,30,2,0,1907695289,1,500163,70207412,528344,1,10202008,483893
5,1,0,30,2,0,1918510595,5,500163,70207412,528344,1,10202008,483893
5,1,0,30,2,0,1954535726,4,500163,70207412,528344,1,10202008,483893
5,1,0,30,2,0,365348640,3,500163,70207412,528344,1,10202008,483893
5,1,0,30,2,0,478163327,0,500163,70207412,528344,1,10202008,483893
5,1,0,30,2,0,493581915,9,500163,70207412,528344,1,10202008,483893
5,1,0,30,2,0,742079273,8,500163,70207412,528344,1,10202008,483893
5,1,0,30,30,0,1071609720,2,500163,70207412,528344,1,10202008,483893
5,1,0,30,30,0,1701076604,6,500163,70207412,528344,1,10202008,483893
5,1,0,30,30,0,1831317012,7,500163,70207412,528344,1,10202008,483893
5,1,0,30,30,0,1907695289,1,500163,70207412,528344,1,10202008,483893
5,1,0,30,30,0,1918510595,5,500163,70207412,528344,1,10202008,483893
5,1,0,30,30,0,1954535726,4,500163,70207412,528344,1,10202008,483893
5,1,0,30,30,0,365348640,3,500163,70207412,528344,1,10202008,483893
5,1,0,30,30,0,478163327,0,500163,70207412,528344,1,10202008,483893
5,1,0,30,30,0,493581915,9,500163,70207412,528344,1,10202008,483893
5,1,0,30,30,0,742079273,8,500163,70207412,528344,1,10202008,483893
5,1,0,30,5,0,1071609720,2,500163,70207412,528344,1,10202008,483893
5,1,0,30,5,0,1701076604,6,500163,70207412,528344,1,10202008,483893
5,1,0,30,5,0,1831317012,7,500163,70207412,528344,1,10202008,483893
5,1,0,30,5,0,1907695289,1,500163,70207412,528344,1,10202008,483893
5,1,0,30,5,0,1918510595,5,500163,70207412,528344,1,10202008,483893
5,1,0,30,5,0,1954535726,4,500163,70207412,528344,1,10202008,483893
5,1,0,30,5,0,365348640,3,500163,70207412,528344,1,10202008,483893
5,1,0,30,5,0,478163327,0,500163,70207412,528344,1,10202008,483893
5,1,0,30,5,0,493581915,9,500163,70207412,528344,1,10202008,483893
5,1,0,30,5,0,742079273,8,500163,70207412,528344,1,10202008,483893
5,1,0,60,0,0,1071609720,2,500615,70206457,528344,1,10227489,502541
5,1,0,60,0,0,1701076604,6,500615,70206457,528344,1,10227489,502541
5,1,0,60,0,0,1831317012,7,500615,70206457,528344,1,10227489,502541
5,1,0,60,0,0,1907695289,1,500615,70206457,528344,1,10227489,502541
5,1,0,60,0,0,1918510595,5,500615,70206457,528344,1,10227489,502541
5,1,0,60,0,0,1954535726,4,500615,70206457,528344,1,10227489,502541
5,1,0,60,0,0,365348640,3,500615,70206457,528344,1,10227489,502541
5,1,0,60,0,0,478163327,0,500615,70206457,528344,1,10227489,502541
5,1,0,60,0,0,493581915,9,500615,70206457,528344,1,10227489,502541
5,1,0,60,0,0,742079273,8,500615,70206457,528344,1,10227489,502541
5,1,0,60,10,0,1071609720,2,500615,70206457,528344,1,10227489,502541
5,1,0,60,10,0,1701076604,6,500615,70206457,528344,1,10227489,502541
5,1,0,60,10,0,1831317012,7,500615,70206457,528344,1,10227489,502541
5,1,0,60,10,0,1907695289,1,500615,70206457,528344,1,10227489,502541
5,1,0,60,10,0,1918510595,5,500615,70206457,528344,1,10227489,502541
5,1,0,60,10,0,1954535726,4,500615,70206457,528344,1,10227489,502541
5,1,0,60,10,0,365348640,3,500615,70206457,528344,1,10227489,502541
5,1,0,60,10,0,478163327,0,500615,70206457,528344,1,10227489,502541
5,1,0,60,10,0,493581915,9,500615,70206457,528344,1,10227489,502541
5,1,0,60,10,0,742079273,8,500615,70206457,528344,1,10227489,502541
5,1,0,60,20,0,1071609720,2,500615,70206457,528344,1,10227489,502541
5,1,0,60,20,0,1701076604,6,500615,70206457,528344,1,10227489,502541
5,1,0,60,20,0,1831317012,7,500615,70206457,528344,1,10227489,502541
5,1,0,60,20,0,1907695289,1,500615,70206457,528344,1,10227489,502541
5,1,0,60,20,0,1918510595,5,500615,70206457,528344,1,10227489,502541
5,1,0,60,20,0,1954535726,4,500615,70206457,528344,1,10227489,502541
5,1,0,60,20,0,365348640,3,500615,70206457,528344,1,10227489,502541
5,1,0,60,20,0,478163327,0,500615,70206457,528344,1,10227489,502541
5,1,0,60,20,0,493581915,9,500615,70206457,528344,1,10227489,502541
5,1,0,60,20,0,742079273,8,500615,70206457,528344,1,10227489,502541
5,1,0,60,2,0,1071609720,2,500615,70206457,528344,1,10227489,502541
5,1,0,60,2,0,1701076604,6,500615,70206457,528344,1,10227489,502541
5,1,0,60,2,0,1831317012,7,500615,70206457,528344,1,10227489,502541
5,1,0,60,2,0,1907695289,1,500615,70206457,528344,1,10227489,502541
5,1,0,60,2,0,1918510595,5,500615,70206457,528344,1,10227489,502541
5,1,0,60,2,0,1954535726,4,500615,70206457,528344,1,10227489,502541
5,1,0,60,2,0,365348640,3,500615,70206457,528344,1,10227489,502541
5,1,0,60,2,0,478163327,0,500615,70206457,528344,1,10227489,502541
5,1,0,60,2,0,493581915,9,500615,70206457,528344,1,10227489,502541
5,1,0,60,2,0,742079273,8,500615,70206457,528344,1,10227489,502541
5,1,0,60,30,0,1071609720,2,500615,70206457,528344,1,10227489,502541
5,1,0,60,30,0,1701076604,6,500615,70206457,528344,1,10227489,502541
5,1,0,60,30,0,1831317012,7,500615,70206457,528344,1,10227489,502541
5,1,0,60,30,0,1907695289,1,500615,70206457,528344,1,10227489,502541
5,1,0,60,30,0,1918510595,5,500615,70206457,528344,1,10227489,502541
5,1,0,60,30,0,1954535726,4,500615,70206457,528344,1,10227489,502541
5,1,0,60,30,0,365348640,3,500615,70206457,528344,1,10227489,502541
5,1,0,60,30,0,478163327,0,500615,70206457,528344,1,10227489,502541
5,1,0,60,30,0,493581915,9,500615,70206457,528344,1,10227489,502541
5,1,0,60,30,0,742079273,8,500615,70206457,528344,1,10227489,502541
5,1,0,60,5,0,1071609720,2,500615,70206457,528344,1,10227489,502541
5,1,0,60,5,0,1701076604,6,500615,70206457,528344,1,10227489,502541
5,1,0,60,5,0,1831317012,7,500615,70206457,528344,1,10227489,502541
5,1,0,60,5,0,1907695289,1,500615,70206457,528344,1,10227489,502541
5,1,0,60,5,0,1918510595,5,500615,70206457,528344,1,10227489,502541
5,1,0,60,5,0,1954535726,4,500615,70206457,528344,1,10227489,502541
5,1,0,60,5,0,365348640,3,500615,70206457,528344,1,10227489,502541
5,1,0,60,5,0,478163327,0,500615,70206457,528344,1,10227489,502541
5,1,0,60,5,0,493581915,9,500615,70206457,528344,1,10227489,502541
5,1,0,60,5,0,742079273,8,500615,70206457,528344,1,10227489,502541
5,1,2,120,0,0,1071609720,2,500687,20303019,588440,1,2872628,1946203
5,1,2,120,0,0,1701076604,6,500687,20303019,588440,1,2872628,1946203
5,1,2,120,0,0,1831317012,7,500687,20303019,588440,1,2872628,1946203
5,1,2,120,0,0,1907695289,1,500687,20303019,588440,1,2872628,1946203
5,1,2,120,0,0,1918510595,5,500687,20303019,588440,1,2872628,1946203
5,1,2,120,0,0,1954535726,4,500687,20303019,588440,1,2872628,1946203
5,1,2,120,0,0,365348640,3,500687,20303019,588440,1,2872628,1946203
5,1,2,120,0,0,478163327,0,500687,20303019,588440,1,2872628,1946203
5,1,2,120,0,0,493581915,9,500687,20303019,588440,1,2872628,1946203
5,1,2,120,0,0,742079273,8,500687,20303019,588440,1,2872628,1946203
5,1,2,120,10,0,1071609720,2,500687,20303019,588440,1,2872628,1946203
5,1,2,120,10,0,1701076604,6,500687,20303019,588440,1,2872628,1946203
5,1,2,120,10,0,1831317012,7,500687,20303019,588440,1,2872628,1946203
5,1,2,120,10,0,1907695289,1,500687,20303019,588440,1,2872628,1946203
5,1,2,120,10,0,1918510595,5,500687,20303019,588440,1,2872628,1946203
5,1,2,120,10,0,1954535726,4,500687,20303019,588440,1,2872628,1946203
5,1,2,120,10,0,365348640,3,500687,20303019,588440,1,2872628,1946203
5,1,2,120,10,0,478163327,0,500687,20303019,588440,1,2872628,1946203
5,1,2,120,10,0,493581915,9,500687,20303019,588440,1,2872628,1946203
5,1,2,120,10,0,742079273,8,500687,20303019,588440,1,2872628,1946203
5,1,2,120,20,0,1071609720,2,500687,20303019,588440,1,2872628,1946203
5,1,2,120,20,0,1701076604,6,500687,20303019,588440,1,2872628,1946203
5,1,2,120,20,0,1831317012,7,500687,20303019,588440,1,2872628,1946203
5,1,2,120,20,0,1907695289,1,500687,20303019,588440,1,2872628,1946203
5,1,2,120,20,0,1918510595,5,500687,20303019,588440,1,2872628,1946203
5,1,2,120,20,0,1954535726,4,500687,20303019,588440,1,2872628,1946203
5,1,2,120,20,0,365348640,3,500687,20303019,588440,1,2872628,1946203
5,1,2,120,20,0,478163327,0,500687,20303019,588440,1,2872628,1946203
5,1,2,120,20,0,493581915,9,500687,20303019,588440,1,2872628,1946203
5,1,2,120,20,0,742079273,8,500687,20303019,588440,1,2872628,1946203
5,1,2,120,2,0,1071609720,2,500687,20303019,588440,1,2872628,1946203
5,1,2,120,2,0,1701076604,6,500687,20303019,588440,1,2872628,1946203
5,1,2,120,2,0,1831317012,7,500687,20303019,588440,1,2872628,1946203
5,1,2,120,2,0,1907695289,1,500687,20303019,588440,1,2872628,1946203
5,1,2,120,2,0,1918510595,5,500687,20303019,588440,1,2872628,1946203
5,1,2,120,2,0,1954535726,4,500687,20303019,588440,1,2872628,1946203
5,1,2,120,2,0,365348640,3,500687,20303019,588440,1,2872628,1946203
5,1,2,120,2,0,478163327,0,500687,20303019,588440,1,2872628,1946203
5,1,2,120,2,0,493581915,9,500687,20303019,588440,1,2872628,1946203
5,1,2,120,2,0,742079273,8,500687,20303019,588440,1,2872628,1946203
5,1,2,120,30,0,1071609720,2,500687,20303019,588440,1,2872628,1946203
5,1,2,120,30,0,1701076604,6,500687,20303019,588440,1,2872628,1946203
5,1,2,120,30,0,1831317012,7,500687,20303019,588440,1,2872628,1946203
5,1,2,120,30,0,1907695289,1,500687,20303019,588440,1,2872628,1946203
5,1,2,120,30,0,1918510595,5,500687,20303019,588440,1,2872628,1946203
5,1,2,120,30,0,1954535726,4,500687,20303019,588440,1,2872628,1946203
5,1,2,120,30,0,365348640,3,500687,20303019,588440,1,2872628,1946203
5,1,2,120,30,0,478163327,0,500687,20303019,588440,1,2872628,1946203
5,1,2,120,30,0,493581915,9,500687,20303019,588440,1,2872628,1946203
5,1,2,120,30,0,742079273,8,500687,20303019,588440,1,2872628,1946203
5,1,2,120,5,0,1071609720,2,500687,20303019,588440,1,2872628,1946203
5,1,2,120,5,0,1701076604,6,500687,20303019,588440,1,2872628,1946203
5,1,2,120,5,0,1831317012,7,500687,20303019,588440,1,2872628,1946203
5,1,2,120,5,0,1907695289,1,500687,20303019,588440,1,2872628,1946203
5,1,2,120,5,0,1918510595,5,500687,20303019,588440,1,2872628,1946203
5,1,2,120,5,0,1954535726,4,500687,20303019,588440,1,2872628,1946203
5,1,2,120,5,0,365348640,3,500687,20303019,588440,1,2872628,1946203
5,1,2,120,5,0,478163327,0,500687,20303019,588440,1,2872628,1946203
5,1,2,120,5,0,493581915,9,500687,20303019,588440,1,2872628,1946203
5,1,2,120,5,0,742079273,8,500687,20303019,588440,1,2872628,1946203
5,1,2,30,0,0,1071609720,2,500163,21171265,553384,1,3060159,2002533
5,1,2,30,0,0,1701076604,6,500163,21171265,553384,1,3060159,2002533
5,1,2,30,0,0,1831317012,7,500163,21171265,553384,1,3060159,2002533
5,1,2,30,0,0,1907695289,1,500163,21171265,553384,1,3060159,2002533
5,1,2,30,0,0,1918510595,5,500163,21171265,553384,1,3060159,2002533
5,1,2,30,0,0,1954535726,4,500163,21171265,553384,1,3060159,2002533
5,1,2,30,0,0,365348640,3,500163,21171265,553384,1,3060159,2002533
5,1,2,30,0,0,478163327,0,500163,21171265,553384,1,3060159,2002533
5,1,2,30,0,0,493581915,9,500163,21171265,553384,1,3060159,2002533
5,1,2,30,0,0,742079273,8,500163,21171265,553384,1,3060159,2002533
5,1,2,30,10,0,1071609720,2,500163,21171265,553384,1,3060159,2002533
5,1,2,30,10,0,1701076604,6,500163,21171265,553384,1,3060159,2002533
5,1,2,30,10,0,1831317012,7,500163,21171265,553384,1,3060159,2002533
5,1,2,30,10,0,1907695289,1,500163,21171265,553384,1,3060159,2002533
5,1,2,30,10,0,1918510595,5,500163,21171265,553384,1,3060159,2002533
5,1,2,30,10,0,1954535726,4,500163,21171265,553384,1,3060159,2002533
5,1,2,30,10,0,365348640,3,500163,21171265,553384,1,3060159,2002533
5,1,2,30,10,0,478163327,0,500163,21171265,553384,1,3060159,2002533
5,1,2,30,10,0,493581915,9,500163,21171265,553384,1,3060159,2002533
5,1,2,30,10,0,742079273,8,500163,21171265,553384,1,3060159,2002533
5,1,2,30,20,0,1071609720,2,500163,21171265,553384,1,3060159,2002533
5,1,2,30,20,0,1701076604,6,500163,21171265,553384,1,3060159,2002533
5,1,2,30,20,0,1831317012,7,500163,21171265,553384,1,3060159,2002533
5,1,2,30,20,0,1907695289,1,500163,21171265,553384,1,3060159,2002533
5,1,2,30,20,0,1918510595,5,500163,21171265,553384,1,3060159,2002533
5,1,2,30,20,0,1954535726,4,500163,21171265,553384,1,3060159,2002533
5,1,2,30,20,0,365348640,3,500163,21171265,553384,1,3060159,2002533
5,1,2,30,20,0,478163327,0,500163,21171265,553384,1,3060159,2002533
5,1,2,30,20,0,493581915,9,500163,21171265,553384,1,3060159,2002533
5,1,2,30,20,0,742079273,8,500163,21171265,553384,1,3060159,2002533
5,1,2,30,2,0,1071609720,2,500163,21171265,553384,1,3060159,2002533
5,1,2,30,2,0,1701076604,6,500163,21171265,553384,1,3060159,2002533
5,1,2,30,2,0,1831317012,7,500163,21171265,553384,1,3060159,2002533
5,1,2,30,2,0,1907695289,1,500163,21171265,553384,1,3060159,2002533
5,1,2,30,2,0,1918510595,5,500163,21171265,553384,1,3060159,2002533
5,1,2,30,2,0,1954535726,4,500163,21171265,553384,1,3060159,2002533
5,1,2,30,2,0,365348640,3,500163,21171265,553384,1,3060159,2002533
5,1,2,30,2,0,478163327,0,500163,21171265,553384,1,3060159,2002533
5,1,2,30,2,0,493581915,9,500163,21171265,553384,1,3060159,2002533
5,1,2,30,2,0,742079273,8,500163,21171265,553384,1,3060159,2002533
5,1,2,30,30,0,1071609720,2,500163,21171265,553384,1,3060159,2002533
5,1,2,30,30,0,1701076604,6,500163,21171265,553384,1,3060159,2002533
5,1,2,30,30,0,1831317012,7,500163,21171265,553384,1,3060159,2002533
5,1,2,30,30,0,1907695289,1,500163,21171265,553384,1,3060159,2002533
5,1,2,30,30,0,1918510595,5,500163,21171265,553384,1,3060159,2002533
5,1,2,30,30,0,1954535726,4,500163,21171265,553384,1,3060159,2002533
5,1,2,30,30,0,365348640,3,500163,21171265,553384,1,3060159,2002533
5,1,2,30,30,0,478163327,0,500163,21171265,553384,1,3060159,2002533
5,1,2,30,30,0,493581915,9,500163,21171265,553384,1,3060159,2002533
5,1,2,30,30,0,742079273,8,500163,21171265,553384,1,3060159,2002533
5,1,2,30,5,0,1071609720,2,500163,21171265,553384,1,3060159,2002533
5,1,2,30,5,0,1701076604,6,500163,21171265,553384,1,3060159,2002533
5,1,2,30,5,0,1831317012,7,500163,21171265,553384,1,3060159,2002533
5,1,2,30,5,0,1907695289,1,500163,21171265,553384,1,3060159,2002533
5,1,2,30,5,0,1918510595,5,500163,21171265,553384,1,3060159,2002533
5,1,2,30,5,0,1954535726,4,500163,21171265,553384,1,3060159,2002533
5,1,2,30,5,0,365348640,3,500163,21171265,553384,1,3060159,2002533
5,1,2,30,5,0,478163327,0,500163,21171265,553384,1,3060159,2002533
5,1,2,30,5,0,493581915,9,500163,21171265,553384,1,3060159,2002533
5,1,2,30,5,0,742079273,8,500163,21171265,553384,1,3060159,2002533
5,1,2,60,0,0,1071609720,2,500615,21140731,553384,1,3060133,1794359
5,1,2,60,0,0,1701076604,6,500615,21140731,553384,1,3060133,1794359
5,1,2,60,0,0,1831317012,7,500615,21140731,553384,1,3060133,1794359
5,1,2,60,0,0,1907695289,1,500615,21140731,553384,1,3060133,1794359
5,1,2,60,0,0,1918510595,5,500615,21140731,553384,1,3060133,1794359
5,1,2,60,0,0,1954535726,4,500615,21140731,553384,1,3060133,1794359
5,1,2,60,0,0,365348640,3,500615,21140731,553384,1,3060133,1794359
5,1,2,60,0,0,478163327,0,500615,21140731,553384,1,3060133,1794359
5,1,2,60,0,0,493581915,9,500615,21140731,553384,1,3060133,1794359
5,1,2,60,0,0,742079273,8,500615,21140731,553384,1,3060133,1794359
5,1,2,60,10,0,1071609720,2,500615,21140731,553384,1,3060133,1794359
5,1,2,60,10,0,1701076604,6,500615,21140731,553384,1,3060133,1794359
5,1,2,60,10,0,1831317012,7,500615,21140731,553384,1,3060133,1794359
5,1,2,60,10,0,1907695289,1,500615,21140731,553384,1,3060133,1794359
5,1,2,60,10,0,1918510595,5,500615,21140731,553384,1,3060133,1794359
5,1,2,60,10,0,1954535726,4,500615,21140731,553384,1,3060133,1794359
5,1,2,60,10,0,365348640,3,500615,21140731,553384,1,3060133,1794359
5,1,2,60,10,0,478163327,0,500615,21140731,553384,1,3060133,1794359
5,1,2,60,10,0,493581915,9,500615,21140731,553384,1,3060133,1794359
5,1,2,60,10,0,742079273,8,500615,21140731,553384,1,3060133,1794359
5,1,2,60,20,0,1071609720,2,500615,21140731,553384,1,3060133,1794359
5,1,2,60,20,0,1701076604,6,500615,21140731,553384,1,3060133,1794359
5,1,2,60,20,0,1831317012,7,500615,21140731,553384,1,3060133,1794359
5,1,2,60,20,0,1907695289,1,500615,21140731,553384,1,3060133,1794359
5,1,2,60,20,0,1918510595,5,500615,21140731,553384,1,3060133,1794359
5,1,2,60,20,0,1954535726,4,500615,21140731,553384,1,3060133,1794359
5,1,2,60,20,0,365348640,3,500615,21140731,553384,1,3060133,1794359
5,1,2,60,20,0,478163327,0,500615,21140731,553384,1,3060133,1794359
5,1,2,60,20,0,493581915,9,500615,21140731,553384,1,3060133,1794359
5,1,2,60,20,0,742079273,8,500615,21140731,553384,1,3060133,1794359
5,1,2,60,2,0,1071609720,2,500615,21140731,553384,1,3060133,1794359
5,1,2,60,2,0,1701076604,6,500615,21140731,553384,1,3060133,1794359
5,1,2,60,2,0,1831317012,7,500615,21140731,553384,1,3060133,1794359
5,1,2,60,2,0,1907695289,1,500615,21140731,553384,1,3060133,1794359
5,1,2,60,2,0,1918510595,5,500615,21140731,553384,1,3060133,1794359
5,1,2,60,2,0,1954535726,4,500615,21140731,553384,1,3060133,1794359
5,1,2,60,2,0,365348640,3,500615,21140731,553384,1,3060133,1794359
5,1,2,60,2,0,478163327,0,500615,21140731,553384,1,3060133,1794359
5,1,2,60,2,0,493581915,9,500615,21140731,553384,1,3060133,1794359
5,1,2,60,2,0,742079273,8,500615,21140731,553384,1,3060133,1794359
5,1,2,60,30,0,1071609720,2,500615,21140731,553384,1,3060133,1794359
5,1,2,60,30,0,1701076604,6,500615,21140731,553384,1,3060133,1794359
5,1,2,60,30,0,1831317012,7,500615,21140731,553384,1,3060133,1794359
5,1,2,60,30,0,1907695289,1,500615,21140731,553384,1,3060133,1794359
5,1,2,60,30,0,1918510595,5,500615,21140731,553384,1,3060133,1794359
5,1,2,60,30,0,1954535726,4,500615,21140731,553384,1,3060133,1794359
5,1,2,60,30,0,365348640,3,500615,21140731,553384,1,3060133,1794359
5,1,2,60,30,0,478163327,0,500615,21140731,553384,1,3060133,1794359
5,1,2,60,30,0,493581915,9,500615,21140731,553384,1,3060133,1794359
5,1,2,60,30,0,742079273,8,500615,21140731,553384,1,3060133,1794359
5,1,2,60,5,0,1071609720,2,500615,21140731,553384,1,3060133,1794359
5,1,2,60,5,0,1701076604,6,500615,21140731,553384,1,3060133,1794359
5,1,2,60,5,0,1831317012,7,500615,21140731,553384,1,3060133,1794359
5,1,2,60,5,0,1907695289,1,500615,21140731,553384,1,3060133,1794359
5,1,2,60,5,0,1918510595,5,500615,21140731,553384,1,3060133,1794359
5,1,2,60,5,0,1954535726,4,500615,21140731,553384,1,3060133,1794359
5,1,2,60,5,0,365348640,3,500615,21140731,553384,1,3060133,1794359
5,1,2,60,5,0,478163327,0,500615,21140731,553384,1,3060133,1794359
5,1,2,60,5,0,493581915,9,500615,21140731,553384,1,3060133,1794359
5,1,2,60,5,0,742079273,8,500615,21140731,553384,1,3060133,1794359
5,2,0,120,0,0,1071609720,2,1500531,69530951,599818,1,10222291,437806
5,2,0,120,0,0,1701076604,6,1500531,69530951,599818,1,10222291,437806
5,2,0,120,0,0,1831317012,7,1500531,69530951,599818,1,10222291,437806
5,2,0,120,0,0,1907695289,1,1500531,69530951,599818,1,10222291,437806
5,2,0,120,0,0,1918510595,5,1500531,69530951,599818,1,10222291,437806
5,2,0,120,0,0,1954535726,4,1500531,69530951,599818,1,10222291,437806
5,2,0,120,0,0,365348640,3,1500531,69530951,599818,1,10222291,437806
5,2,0,120,0,0,478163327,0,1500531,69530951,599818,1,10222291,437806
5,2,0,120,0,0,493581915,9,1500531,69530951,599818,1,10222291,437806
5,2,0,120,0,0,742079273,8,1500531,69530951,599818,1,10222291,437806
5,2,0,120,10,0,1071609720,2,1500531,69530951,599818,1,10222291,437806
5,2,0,120,10,0,1701076604,6,1500531,69530951,599818,1,10222291,437806
5,2,0,120,10,0,1831317012,7,1500531,69530951,599818,1,10222291,437806
5,2,0,120,10,0,1907695289,1,1500531,69530951,599818,1,10222291,437806
5,2,0,120,10,0,1918510595,5,1500531,69530951,599818,1,10222291,437806
5,2,0,120,10,0,1954535726,4,1500531,69530951,599818,1,10222291,437806
5,2,0,120,10,0,365348640,3,1500531,69530951,599818,1,10222291,437806
5,2,0,120,10,0,478163327,0,1500531,69530951,599818,1,10222291,437806
5,2,0,120,10,0,493581915,9,1500531,69530951,599818,1,10222291,437806
5,2,0,120,10,0,742079273,8,1500531,69530951,599818,1,10222291,437806
5,2,0,120,20,0,1071609720,2,1500531,69530951,599818,1,10222291,437806
5,2,0,120,20,0,1701076604,6,1500531,69530951,599818,1,10222291,437806
5,2,0,120,20,0,1831317012,7,1500531,69530951,599818,1,10222291,437806
5,2,0,120,20,0,1907695289,1,1500531,69530951,599818,1,10222291,437806
5,2,0,120,20,0,1918510595,5,1500531,69530951,599818,1,10222291,437806
5,2,0,120,20,0,1954535726,4,1500531,69530951,599818,1,10222291,437806
5,2,0,120,20,0,365348640,3,1500531,69530951,599818,1,10222291,437806
5,2,0,120,20,0,478163327,0,1500531,69530951,599818,1,10222291,437806
5,2,0,120,20,0,493581915,9,1500531,69530951,599818,1,10222291,437806
5,2,0,120,20,0,742079273,8,1500531,69530951,599818,1,10222291,437806
5,2,0,120,2,0,1071609720,2,1500531,69530951,599818,1,10222291,437806
5,2,0,120,2,0,1701076604,6,1500531,69530951,599818,1,10222291,437806
5,2,0,120,2,0,1831317012,7,1500531,69530951,599818,1,10222291,437806
5,2,0,120,2,0,1907695289,1,1500531,69530951,599818,1,10222291,437806
5,2,0,120,2,0,1918510595,5,1500531,69530951,599818,1,10222291,437806
5,2,0,120,2,0,1954535726,4,1500531,69530951,599818,1,10222291,437806
5,2,0,120,2,0,365348640,3,1500531,69530951,599818,1,10222291,437806
5,2,0,120,2,0,478163327,0,1500531,69530951,599818,1,10222291,437806
5,2,0,120,2,0,493581915,9,1500531,69530951,599818,1,10222291,437806
5,2,0,120,2,0,742079273,8,1500531,69530951,599818,1,10222291,437806
5,2,0,120,30,0,1071609720,2,1500531,69530951,599818,1,10222291,437806
5,2,0,120,30,0,1701076604,6,1500531,69530951,599818,1,10222291,437806
5,2,0,120,30,0,1831317012,7,1500531,69530951,599818,1,10222291,437806
5,2,0,120,30,0,1907695289,1,1500531,69530951,599818,1,10222291,437806
5,2,0,120,30,0,1918510595,5,1500531,69530951,599818,1,10222291,437806
5,2,0,120,30,0,1954535726,4,1500531,69530951,599818,1,10222291,437806
5,2,0,120,30,0,365348640,3,1500531,69530951,599818,1,10222291,437806
5,2,0,120,30,0,478163327,0,1500531,69530951,599818,1,10222291,437806
5,2,0,120,30,0,493581915,9,1500531,69530951,599818,1,10222291,437806
5,2,0,120,30,0,742079273,8,1500531,69530951,599818,1,10222291,437806
5,2,0,120,5,0,1071609720,2,1500531,69530951,599818,1,10222291,437806
5,2,0,120,5,0,1701076604,6,1500531,69530951,599818,1,10222291,437806
5,2,0,120,5,0,1831317012,7,1500531,69530951,599818,1,10222291,437806
5,2,0,120,5,0,1907695289,1,1500531,69530951,599818,1,10222291,437806
5,2,0,120,5,0,1918510595,5,1500531,69530951,599818,1,10222291,437806
5,2,0,120,5,0,1954535726,4,1500531,69530951,599818,1,10222291,437806
5,2,0,120,5,0,365348640,3,1500531,69530951,599818,1,10222291,437806
5,2,0,120,5,0,478163327,0,1500531,69530951,599818,1,10222291,437806
5,2,0,120,5,0,493581915,9,1500531,69530951,599818,1,10222291,437806
5,2,0,120,5,0,742079273,8,1500531,69530951,599818,1,10222291,437806
5,2,0,30,0,0,1071609720,2,1500159,70118291,599818,1,10181725,418643
5,2,0,30,0,0,1701076604,6,1500159,70118291,599818,1,10181725,418643
5,2,0,30,0,0,1831317012,7,1500159,70118291,599818,1,10181725,418643
5,2,0,30,0,0,1907695289,1,1500159,70118291,599818,1,10181725,418643
5,2,0,30,0,0,1918510595,5,1500159,70118291,599818,1,10181725,418643
5,2,0,30,0,0,1954535726,4,1500159,70118291,599818,1,10181725,418643
5,2,0,30,0,0,365348640,3,1500159,70118291,599818,1,10181725,418643
5,2,0,30,0,0,478163327,0,1500159,70118291,599818,1,10181725,418643
5,2,0,30,0,0,493581915,9,1500159,70118291,599818,1,10181725,418643
5,2,0,30,0,0,742079273,8,1500159,70118291,599818,1,10181725,418643
5,2,0,30,10,0,1071609720,2,1500159,70118291,599818,1,10181725,418643
5,2,0,30,10,0,1701076604,6,1500159,70118291,599818,1,10181725,418643
5,2,0,30,10,0,1831317012,7,1500159,70118291,599818,1,10181725,418643
5,2,0,30,10,0,1907695289,1,1500159,70118291,599818,1,10181725,418643
5,2,0,30,10,0,1918510595,5,1500159,70118291,599818,1,10181725,418643
5,2,0,30,10,0,1954535726,4,1500159,70118291,599818,1,10181725,418643
5,2,0,30,10,0,365348640,3,1500159,70118291,599818,1,10181725,418643
5,2,0,30,10,0,478163327,0,1500159,70118291,599818,1,10181725,418643
5,2,0,30,10,0,493581915,9,1500159,70118291,599818,1,10181725,418643
5,2,0,30,10,0,742079273,8,1500159,70118291,599818,1,10181725,418643
5,2,0,30,20,0,1071609720,2,1500159,70118291,599818,1,10181725,418643
5,2,0,30,20,0,1701076604,6,1500159,70118291,599818,1,10181725,418643
5,2,0,30,20,0,1831317012,7,1500159,70118291,599818,1,10181725,418643
5,2,0,30,20,0,1907695289,1,1500159,70118291,599818,1,10181725,418643
5,2,0,30,20,0,1918510595,5,1500159,70118291,599818,1,10181725,418643
5,2,0,30,20,0,1954535726,4,1500159,70118291,599818,1,10181725,418643
5,2,0,30,20,0,365348640,3,1500159,70118291,599818,1,10181725,418643
5,2,0,30,20,0,478163327,0,1500159,70118291,599818,1,10181725,418643
5,2,0,30,20,0,493581915,9,1500159,70118291,599818,1,10181725,418643
5,2,0,30,20,0,742079273,8,1500159,70118291,599818,1,10181725,418643
5,2,0,30,2,0,1071609720,2,1500159,70118291,599818,1,10181725,418643
5,2,0,30,2,0,1701076604,6,1500159,70118291,599818,1,10181725,418643
5,2,0,30,2,0,1831317012,7,1500159,70118291,599818,1,10181725,418643
5,2,0,30,2,0,1907695289,1,1500159,70118291,599818,1,10181725,418643
5,2,0,30,2,0,1918510595,5,1500159,70118291,599818,1,10181725,418643
5,2,0,30,2,0,1954535726,4,1500159,70118291,599818,1,10181725,418643
5,2,0,30,2,0,365348640,3,1500159,70118291,599818,1,10181725,418643
5,2,0,30,2,0,478163327,0,1500159,70118291,599818,1,10181725,418643
5,2,0,30,2,0,493581915,9,1500159,70118291,599818,1,10181725,418643
5,2,0,30,2,0,742079273,8,1500159,70118291,599818,1,10181725,418643
5,2,0,30,30,0,1071609720,2,1500159,70118291,599818,1,10181725,418643
5,2,0,30,30,0,1701076604,6,1500159,70118291,599818,1,10181725,418643
5,2,0,30,30,0,1831317012,7,1500159,70118291,599818,1,10181725,418643
5,2,0,30,30,0,1907695289,1,1500159,70118291,599818,1,10181725,418643
5,2,0,30,30,0,1918510595,5,1500159,70118291,599818,1,10181725,418643
5,2,0,30,30,0,1954535726,4,1500159,70118291,599818,1,10181725,418643
5,2,0,30,30,0,365348640,3,1500159,70118291,599818,1,10181725,418643
5,2,0,30,30,0,478163327,0,1500159,70118291,599818,1,10181725,418643
5,2,0,30,30,0,493581915,9,1500159,70118291,599818,1,10181725,418643
5,2,0,30,30,0,742079273,8,1500159,70118291,599818,1,10181725,418643
5,2,0,30,5,0,1071609720,2,1500159,70118291,599818,1,10181725,418643
5,2,0,30,5,0,1701076604,6,1500159,70118291,599818,1,10181725,418643
5,2,0,30,5,0,1831317012,7,1500159,70118291,599818,1,10181725,418643
5,2,0,30,5,0,1907695289,1,1500159,70118291,599818,1,10181725,418643
5,2,0,30,5,0,1918510595,5,1500159,70118291,599818,1,10181725,418643
5,2,0,30,5,0,1954535726,4,1500159,70118291,599818,1,10181725,418643
5,2,0,30,5,0,365348640,3,1500159,70118291,599818,1,10181725,418643
5,2,0,30,5,0,478163327,0,1500159,70118291,599818,1,10181725,418643
5,2,0,30,5,0,493581915,9,1500159,70118291,599818,1,10181725,418643
5,2,0,30,5,0,742079273,8,1500159,70118291,599818,1,10181725,418643
5,2,0,60,0,0,1071609720,2,1501464,69452967,599818,1,10221770,466088
5,2,0,60,0,0,1701076604,6,1501464,69452967,599818,1,10221770,466088
5,2,0,60,0,0,1831317012,7,1501464,69452967,599818,1,10221770,466088
5,2,0,60,0,0,1907695289,1,1501464,69452967,599818,1,10221770,466088
5,2,0,60,0,0,1918510595,5,1501464,69452967,599818,1,10221770,466088
5,2,0,60,0,0,1954535726,4,1501464,69452967,599818,1,10221770,466088
5,2,0,60,0,0,365348640,3,1501464,69452967,599818,1,10221770,466088
5,2,0,60,0,0,478163327,0,1501464,69452967,599818,1,10221770,466088
5,2,0,60,0,0,493581915,9,1501464,69452967,599818,1,10221770,466088
5,2,0,60,0,0,742079273,8,1501464,69452967,599818,1,10221770,466088
5,2,0,60,10,0,1071609720,2,1501464,69452967,599818,1,10221770,466088
5,2,0,60,10,0,1701076604,6,1501464,69452967,599818,1,10221770,466088
5,2,0,60,10,0,1831317012,7,1501464,69452967,599818,1,10221770,466088
5,2,0,60,10,0,1907695289,1,1501464,69452967,599818,1,10221770,466088
5,2,0,60,10,0,1918510595,5,1501464,69452967,599818,1,10221770,466088
5,2,0,60,10,0,1954535726,4,1501464,69452967,599818,1,10221770,466088
5,2,0,60,10,0,365348640,3,1501464,69452967,599818,1,10221770,466088
5,2,0,60,10,0,478163327,0,1501464,69452967,599818,1,10221770,466088
5,2,0,60,10,0,493581915,9,1501464,69452967,599818,1,10221770,466088
5,2,0,60,10,0,742079273,8,1501464,69452967,599818,1,10221770,466088
5,2,0,60,20,0,1071609720,2,1501464,69452967,599818,1,10221770,466088
5,2,0,60,20,0,1701076604,6,1501464,69452967,599818,1,10221770,466088
5,2,0,60,20,0,1831317012,7,1501464,69452967,599818,1,10221770,466088
5,2,0,60,20,0,1907695289,1,1501464,69452967,599818,1,10221770,466088
5,2,0,60,20,0,1918510595,5,1501464,69452967,599818,1,10221770,466088
5,2,0,60,20,0,1954535726,4,1501464,69452967,599818,1,10221770,466088
5,2,0,60,20,0,365348640,3,1501464,69452967,599818,1,10221770,466088
5,2,0,60,20,0,478163327,0,1501464,69452967,599818,1,10221770,466088
5,2,0,60,20,0,493581915,9,1501464,69452967,599818,1,10221770,466088
5,2,0,60,20,0,742079273,8,1501464,69452967,599818,1,10221770,466088
5,2,0,60,2,0,1071609720,2,1501464,69452967,599818,1,10221770,466088
5,2,0,60,2,0,1701076604,6,1501464,69452967,599818,1,10221770,466088
5,2,0,60,2,0,1831317012,7,1501464,69452967,599818,1,10221770,466088
5,2,0,60,2,0,1907695289,1,1501464,69452967,599818,1,10221770,466088
5,2,0,60,2,0,1918510595,5,1501464,69452967,599818,1,10221770,466088
5,2,0,60,2,0,1954535726,4,1501464,69452967,599818,1,10221770,466088
5,2,0,60,2,0,365348640,3,1501464,69452967,599818,1,10221770,466088
5,2,0,60,2,0,478163327,0,1501464,69452967,599818,1,10221770,466088
5,2,0,60,2,0,493581915,9,1501464,69452967,599818,1,10221770,466088
5,2,0,60,2,0,742079273,8,1501464,69452967,599818,1,10221770,466088
5,2,0,60,30,0,1071609720,2,1501464,69452967,599818,1,10221770,466088
5,2,0,60,30,0,1701076604,6,1501464,69452967,599818,1,10221770,466088
5,2,0,60,30,0,1831317012,7,1501464,69452967,599818,1,10221770,466088
5,2,0,60,30,0,1907695289,1,1501464,69452967,599818,1,10221770,466088
5,2,0,60,30,0,1918510595,5,1501464,69452967,599818,1,10221770,466088
5,2,0,60,30,0,1954535726,4,1501464,69452967,599818,1,10221770,466088
5,2,0,60,30,0,365348640,3,1501464,69452967,599818,1,10221770,466088
5,2,0,60,30,0,478163327,0,1501464,69452967,599818,1,10221770,466088
5,2,0,60,30,0,493581915,9,1501464,69452967,599818,1,10221770,466088
5,2,0,60,30,0,742079273,8,1501464,69452967,599818,1,10221770,466088
5,2,0,60,5,0,1071609720,2,1501464,69452967,599818,1,10221770,466088
5,2,0,60,5,0,1701076604,6,1501464,69452967,599818,1,10221770,466088
5,2,0,60,5,0,1831317012,7,1501464,69452967,599818,1,10221770,466088
5,2,0,60,5,0,1907695289,1,1501464,69452967,599818,1,10221770,466088
5,2,0,60,5,0,1918510595,5,1501464,69452967,599818,1,10221770,466088
5,2,0,60,5,0,1954535726,4,1501464,69452967,599818,1,10221770,466088
5,2,0,60,5,0,365348640,3,1501464,69452967,599818,1,10221770,466088
5,2,0,60,5,0,478163327,0,1501464,69452967,599818,1,10221770,466088
5,2,0,60,5,0,493581915,9,1501464,69452967,599818,1,10221770,466088
5,2,0,60,5,0,742079273,8,1501464,69452967,599818,1,10221770,466088
5,2,1,120,0,0,1071609720,2,1501014,69434094,599818,1,10201842,1166369
5,2,1,120,0,0,1701076604,6,1501014,69434094,599818,1,10201842,1166369
5,2,1,120,0,0,1831317012,7,1501014,69434094,599818,1,10201842,1166369
5,2,1,120,0,0,1907695289,1,1501014,69434094,599818,1,10201842,1166369
5,2,1,120,0,0,1918510595,5,1501014,69434094,599818,1,10201842,1166369
5,2,1,120,0,0,1954535726,4,1501014,69434094,599818,1,10201842,1166369
5,2,1,120,0,0,365348640,3,1501014,69434094,599818,1,10201842,1166369
5,2,1,120,0,0,478163327,0,1501014,69434094,599818,1,10201842,1166369
5,2,1,120,0,0,493581915,9,1501014,69434094,599818,1,10201842,1166369
5,2,1,120,0,0,742079273,8,1501014,69434094,599818,1,10201842,1166369
5,2,1,120,10,0,1071609720,2,1501014,69434094,599818,1,10201842,1166369
5,2,1,120,10,0,1701076604,6,1501014,69434094,599818,1,10201842,1166369
5,2,1,120,10,0,1831317012,7,1501014,69434094,599818,1,10201842,1166369
5,2,1,120,10,0,1907695289,1,1501014,69434094,599818,1,10201842,1166369
5,2,1,120,10,0,1918510595,5,1501014,69434094,599818,1,10201842,1166369
5,2,1,120,10,0,1954535726,4,1501014,69434094,599818,1,10201842,1166369
5,2,1,120,10,0,365348640,3,1501014,69434094,599818,1,10201842,1166369
5,2,1,120,10,0,478163327,0,1501014,69434094,599818,1,10201842,1166369
5,2,1,120,10,0,493581915,9,1501014,69434094,599818,1,10201842,1166369
5,2,1,120,10,0,742079273,8,1501014,69434094,599818,1,10201842,1166369
5,2,1,120,20,0,1071609720,2,1501014,69434094,599818,1,10201842,1166369
5,2,1,120,20,0,1701076604,6,1501014,69434094,599818,1,10201842,1166369
5,2,1,120,20,0,1831317012,7,1501014,69434094,599818,1,10201842,1166369
5,2,1,120,20,0,1907695289,1,1501014,69434094,599818,1,10201842,1166369
5,2,1,120,20,0,1918510595,5,1501014,69434094,599818,1,10201842,1166369
5,2,1,120,20,0,1954535726,4,1501014,69434094,599818,1,10201842,1166369
5,2,1,120,20,0,365348640,3,1501014,69434094,599818,1,10201842,1166369
5,2,1,120,20,0,478163327,0,1501014,69434094,599818,1,10201842,1166369
5,2,1,120,20,0,493581915,9,1501014,69434094,599818,1,10201842,1166369
5,2,1,120,20,0,742079273,8,1501014,69434094,599818,1,10201842,1166369
5,2,1,120,2,0,1071609720,2,1501014,69434094,599818,1,10201842,1166369
5,2,1,120,2,0,1701076604,6,1501014,69434094,599818,1,10201842,1166369
5,2,1,120,2,0,1831317012,7,1501014,69434094,599818,1,10201842,1166369
5,2,1,120,2,0,1907695289,1,1501014,69434094,599818,1,10201842,1166369
5,2,1,120,2,0,1918510595,5,1501014,69434094,599818,1,10201842,1166369
5,2,1,120,2,0,1954535726,4,1501014,69434094,599818,1,10201842,1166369
5,2,1,120,2,0,365348640,3,1501014,69434094,599818,1,10201842,1166369
5,2,1,120,2,0,478163327,0,1501014,69434094,599818,1,10201842,1166369
5,2,1,120,2,0,493581915,9,1501014,69434094,599818,1,10201842,1166369
5,2,1,120,2,0,742079273,8,1501014,69434094,599818,1,10201842,1166369
5,2,1,120,30,0,1071609720,2,1501014,69434094,599818,1,10201842,1166369
5,2,1,120,30,0,1701076604,6,1501014,69434094,599818,1,10201842,1166369
5,2,1,120,30,0,1831317012,7,1501014,69434094,599818,1,10201842,1166369
5,2,1,120,30,0,1907695289,1,1501014,69434094,599818,1,10201842,1166369
5,2,1,120,30,0,1918510595,5,1501014,69434094,599818,1,10201842,1166369
5,2,1,120,30,0,1954535726,4,1501014,69434094,599818,1,10201842,1166369
5,2,1,120,30,0,365348640,3,1501014,69434094,599818,1,10201842,1166369
5,2,1,120,30,0,478163327,0,1501014,69434094,599818,1,10201842,1166369
5,2,1,120,30,0,493581915,9,1501014,69434094,599818,1,10201842,1166369
5,2,1,120,30,0,742079273,8,1501014,69434094,599818,1,10201842,1166369
5,2,1,120,5,0,1071609720,2,1501014,69434094,599818,1,10201842,1166369
5,2,1,120,5,0,1701076604,6,1501014,69434094,599818,1,10201842,1166369
5,2,1,120,5,0,1831317012,7,1501014,69434094,599818,1,10201842,1166369
5,2,1,120,5,0,1907695289,1,1501014,69434094,599818,1,10201842,1166369
5,2,1,120,5,0,1918510595,5,1501014,69434094,599818,1,10201842,1166369
5,2,1,120,5,0,1954535726,4,1501014,69434094,599818,1,10201842,1166369
5,2,1,120,5,0,365348640,3,1501014,69434094,599818,1,10201842,1166369
5,2,1,120,5,0,478163327,0,1501014,69434094,599818,1,10201842,1166369
5,2,1,120,5,0,493581915,9,1501014,69434094,599818,1,10201842,1166369
5,2,1,120,5,0,742079273,8,1501014,69434094,599818,1,10201842,1166369
5,2,1,30,0,0,1071609720,2,1500367,70131942,599818,1,10201834,1533704
5,2,1,30,0,0,1701076604,6,1500367,70131942,599818,1,10201834,1533704
5,2,1,30,0,0,1831317012,7,1500367,70131942,599818,1,10201834,1533704
5,2,1,30,0,0,1907695289,1,1500367,70131942,599818,1,10201834,1533704
5,2,1,30,0,0,1918510595,5,1500367,70131942,599818,1,10201834,1533704
5,2,1,30,0,0,1954535726,4,1500367,70131942,599818,1,10201834,1533704
5,2,1,30,0,0,365348640,3,1500367,70131942,599818,1,10201834,1533704
5,2,1,30,0,0,478163327,0,1500367,70131942,599818,1,10201834,1533704
5,2,1,30,0,0,493581915,9,1500367,70131942,599818,1,10201834,1533704
5,2,1,30,0,0,742079273,8,1500367,70131942,599818,1,10201834,1533704
5,2,1,30,10,0,1071609720,2,1500367,70131942,599818,1,10201834,1533704
5,2,1,30,10,0,1701076604,6,1500367,70131942,599818,1,10201834,1533704
5,2,1,30,10,0,1831317012,7,1500367,70131942,599818,1,10201834,1533704
5,2,1,30,10,0,1907695289,1,1500367,70131942,599818,1,10201834,1533704
5,2,1,30,10,0,1918510595,5,1500367,70131942,599818,1,10201834,1533704
5,2,1,30,10,0,1954535726,4,1500367,70131942,599818,1,10201834,1533704
5,2,1,30,10,0,365348640,3,1500367,70131942,599818,1,10201834,1533704
5,2,1,30,10,0,478163327,0,1500367,70131942,599818,1,10201834,1533704
5,2,1,30,10,0,493581915,9,1500367,70131942,599818,1,10201834,1533704
5,2,1,30,10,0,742079273,8,1500367,70131942,599818,1,10201834,1533704
5,2,1,30,20,0,1071609720,2,1500367,70131942,599818,1,10201834,1533704
5,2,1,30,20,0,1701076604,6,1500367,70131942,599818,1,10201834,1533704
5,2,1,30,20,0,1831317012,7,1500367,70131942,599818,1,10201834,1533704
5,2,1,30,20,0,1907695289,1,1500367,70131942,599818,1,10201834,1533704
5,2,1,30,20,0,1918510595,5,1500367,70131942,599818,1,10201834,1533704
5,2,1,30,20,0,1954535726,4,1500367,70131942,599818,1,10201834,1533704
5,2,1,30,20,0,365348640,3,1500367,70131942,599818,1,10201834,1533704
5,2,1,30,20,0,478163327,0,1500367,70131942,599818,1,10201834,1533704
5,2,1,30,20,0,493581915,9,1500367,70131942,599818,1,10201834,1533704
5,2,1,30,20,0,742079273,8,1500367,70131942,599818,1,10201834,1533704
5,2,1,30,2,0,1071609720,2,1500367,70131942,599818,1,10201834,1533704
5,2,1,30,2,0,1701076604,6,1500367,70131942,599818,1,10201834,1533704
5,2,1,30,2,0,1831317012,7,1500367,70131942,599818,1,10201834,1533704
5,2,1,30,2,0,1907695289,1,1500367,70131942,599818,1,10201834,1533704
5,2,1,30,2,0,1918510595,5,1500367,70131942,599818,1,10201834,1533704
5,2,1,30,2,0,1954535726,4,1500367,70131942,599818,1,10201834,1533704
5,2,1,30,2,0,365348640,3,1500367,70131942,599818,1,10201834,1533704
5,2,1,30,2,0,478163327,0,1500367,70131942,599818,1,10201834,1533704
5,2,1,30,2,0,493581915,9,1500367,70131942,599818,1,10201834,1533704
5,2,1,30,2,0,742079273,8,1500367,70131942,599818,1,10201834,1533704
5,2,1,30,30,0,1071609720,2,1500367,70131942,599818,1,10201834,1533704
5,2,1,30,30,0,1701076604,6,1500367,70131942,599818,1,10201834,1533704
5,2,1,30,30,0,1831317012,7,1500367,70131942,599818,1,10201834,1533704
5,2,1,30,30,0,1907695289,1,1500367,70131942,599818,1,10201834,1533704
5,2,1,30,30,0,1918510595,5,1500367,70131942,599818,1,10201834,1533704
5,2,1,30,30,0,1954535726,4,1500367,70131942,599818,1,10201834,1533704
5,2,1,30,30,0,365348640,3,1500367,70131942,599818,1,10201834,1533704
5,2,1,30,30,0,478163327,0,1500367,70131942,599818,1,10201834,1533704
5,2,1,30,30,0,493581915,9,1500367,70131942,599818,1,10201834,1533704
5,2,1,30,30,0,742079273,8,1500367,70131942,599818,1,10201834,1533704
5,2,1,30,5,0,1071609720,2,1500367,70131942,599818,1,10201834,1533704
5,2,1,30,5,0,1701076604,6,1500367,70131942,599818,1,10201834,1533704
5,2,1,30,5,0,1831317012,7,1500367,70131942,599818,1,10201834,1533704
5,2,1,30,5,0,1907695289,1,1500367,70131942,599818,1,10201834,1533704
5,2,1,30,5,0,1918510595,5,1500367,70131942,599818,1,10201834,1533704
5,2,1,30,5,0,1954535726,4,1500367,70131942,599818,1,10201834,1533704
5,2,1,30,5,0,365348640,3,1500367,70131942,599818,1,10201834,1533704
5,2,1,30,5,0,478163327,0,1500367,70131942,599818,1,10201834,1533704
5,2,1,30,5,0,493581915,9,1500367,70131942,599818,1,10201834,1533704
5,2,1,30,5,0,742079273,8,1500367,70131942,599818,1,10201834,1533704
5,2,1,60,0,0,1071609720,2,1501921,69361074,599818,1,10221877,1459621
5,2,1,60,0,0,1701076604,6,1501921,69361074,599818,1,10221877,1459621
5,2,1,60,0,0,1831317012,7,1501921,69361074,599818,1,10221877,1459621
5,2,1,60,0,0,1907695289,1,1501921,69361074,599818,1,10221877,1459621
5,2,1,60,0,0,1918510595,5,1501921,69361074,599818,1,10221877,1459621
5,2,1,60,0,0,1954535726,4,1501921,69361074,599818,1,10221877,1459621
5,2,1,60,0,0,365348640,3,1501921,69361074,599818,1,10221877,1459621
5,2,1,60,0,0,478163327,0,1501921,69361074,599818,1,10221877,1459621
5,2,1,60,0,0,493581915,9,1501921,69361074,599818,1,10221877,1459621
5,2,1,60,0,0,742079273,8,1501921,69361074,599818,1,10221877,1459621
5,2,1,60,10,0,1071609720,2,1501921,69361074,599818,1,10221877,1459621
5,2,1,60,10,0,1701076604,6,1501921,69361074,599818,1,10221877,1459621
5,2,1,60,10,0,1831317012,7,1501921,69361074,599818,1,10221877,1459621
5,2,1,60,10,0,1907695289,1,1501921,69361074,599818,1,10221877,1459621
5,2,1,60,10,0,1918510595,5,1501921,69361074,599818,1,10221877,1459621
5,2,1,60,10,0,1954535726,4,1501921,69361074,599818,1,10221877,1459621
5,2,1,60,10,0,365348640,3,1501921,69361074,599818,1,10221877,1459621
5,2,1,60,10,0,478163327,0,1501921,69361074,599818,1,10221877,1459621
5,2,1,60,10,0,493581915,9,1501921,69361074,599818,1,10221877,1459621
5,2,1,60,10,0,742079273,8,1501921,69361074,599818,1,10221877,1459621
5,2,1,60,20,0,1071609720,2,1501921,69361074,599818,1,10221877,1459621
5,2,1,60,20,0,1701076604,6,1501921,69361074,599818,1,10221877,1459621
5,2,1,60,20,0,1831317012,7,1501921,69361074,599818,1,10221877,1459621
5,2,1,60,20,0,1907695289,1,1501921,69361074,599818,1,10221877,1459621
5,2,1,60,20,0,1918510595,5,1501921,69361074,599818,1,10221877,1459621
5,2,1,60,20,0,1954535726,4,1501921,69361074,599818,1,10221877,1459621
5,2,1,60,20,0,365348640,3,1501921,69361074,599818,1,10221877,1459621
5,2,1,60,20,0,478163327,0,1501921,69361074,599818,1,10221877,1459621
5,2,1,60,20,0,493581915,9,1501921,69361074,599818,1,10221877,1459621
5,2,1,60,20,0,742079273,8,1501921,69361074,599818,1,10221877,1459621
5,2,1,60,2,0,1071609720,2,1501921,69361074,599818,1,10221877,1459621
5,2,1,60,2,0,1701076604,6,1501921,69361074,599818,1,10221877,1459621
5,2,1,60,2,0,1831317012,7,1501921,69361074,599818,1,10221877,1459621
5,2,1,60,2,0,1907695289,1,1501921,69361074,599818,1,10221877,1459621
5,2,1,60,2,0,1918510595,5,1501921,69361074,599818,1,10221877,1459621
5,2,1,60,2,0,1954535726,4,1501921,69361074,599818,1,10221877,1459621
5,2,1,60,2,0,365348640,3,1501921,69361074,599818,1,10221877,1459621
5,2,1,60,2,0,478163327,0,1501921,69361074,599818,1,10221877,1459621
5,2,1,60,2,0,493581915,9,1501921,69361074,599818,1,10221877,1459621
5,2,1,60,2,0,742079273,8,1501921,69361074,599818,1,10221877,1459621
5,2,1,60,30,0,1071609720,2,1501921,69361074,599818,1,10221877,1459621
5,2,1,60,30,0,1701076604,6,1501921,69361074,599818,1,10221877,1459621
5,2,1,60,30,0,1831317012,7,1501921,69361074,599818,1,10221877,1459621
5,2,1,60,30,0,1907695289,1,1501921,69361074,599818,1,10221877,1459621
5,2,1,60,30,0,1918510595,5,1501921,69361074,599818,1,10221877,1459621
5,2,1,60,30,0,1954535726,4,1501921,69361074,599818,1,10221877,1459621
5,2,1,60,30,0,365348640,3,1501921,69361074,599818,1,10221877,1459621
5,2,1,60,30,0,478163327,0,1501921,69361074,599818,1,10221877,1459621
5,2,1,60,30,0,493581915,9,1501921,69361074,599818,1,10221877,1459621
5,2,1,60,30,0,742079273,8,1501921,69361074,599818,1,10221877,1459621
5,2,1,60,5,0,1071609720,2,1501921,69361074,599818,1,10221877,1459621
5,2,1,60,5,0,1701076604,6,1501921,69361074,599818,1,10221877,1459621
5,2,1,60,5,0,1831317012,7,1501921,69361074,599818,1,10221877,1459621
5,2,1,60,5,0,1907695289,1,1501921,69361074,599818,1,10221877,1459621
5,2,1,60,5,0,1918510595,5,1501921,69361074,599818,1,10221877,1459621
5,2,1,60,5,0,1954535726,4,1501921,69361074,599818,1,10221877,1459621
5,2,1,60,5,0,365348640,3,1501921,69361074,599818,1,10221877,1459621
5,2,1,60,5,0,478163327,0,1501921,69361074,599818,1,10221877,1459621
5,2,1,60,5,0,493581915,9,1501921,69361074,599818,1,10221877,1459621
5,2,1,60,5,0,742079273,8,1501921,69361074,599818,1,10221877,1459621
