baseline,orbit_from,orbit_to,handover_time_s,lead_time_s,loss,seed,run_id,t90_us,goodput_bytes,peak_queue,converged,ss_mean_bps,ss_stddev_bps
0,0,2,30,0,0,478163327,0,0,5368586,33120391,0,0,0
0,0,2,30,0,0,1051802512,3,0,5368586,33120391,0,0,0
0,0,2,30,0,0,599310825,5,0,5368586,33120391,0,0,0
0,0,2,30,0,0,1181241943,2,0,5368586,33120391,0,0,0
0,0,2,30,0,0,958682846,4,0,5368586,33120391,0,0,0
0,0,2,30,0,0,107420369,1,0,5368586,33120391,0,0,0
0,0,2,30,0,0,440213415,6,0,5368586,33120391,0,0,0
0,0,2,30,2,0,127978094,0,0,5368586,33120391,0,0,0
0,0,2,30,0,0,1812140441,8,0,5368586,33120391,0,0,0
0,0,2,30,0,0,373399426,7,0,5368586,33120391,0,0,0
0,0,2,30,0,0,136505587,9,0,5368586,33120391,0,0,0
0,0,2,30,2,0,402418010,1,0,5368586,33120391,0,0,0
0,0,2,30,2,0,854001193,5,0,5368586,33120391,0,0,0
0,0,2,30,2,0,113971123,4,0,5368586,33120391,0,0,0
0,0,2,30,2,0,1801823908,6,0,5368586,33120391,0,0,0
0,0,2,30,2,0,939042955,2,0,5368586,33120391,0,0,0
0,0,2,30,2,0,946785248,7,0,5368586,33120391,0,0,0
0,0,2,30,2,0,999270936,3,0,5368586,33120391,0,0,0
0,0,2,30,2,0,1194819984,9,0,5368586,33120391,0,0,0
0,0,2,30,5,0,685731524,1,0,5368586,33120391,0,0,0
0,0,2,30,2,0,1929338154,8,0,5368586,33120391,0,0,0
0,0,2,30,5,0,27911967,0,0,5368586,33120391,0,0,0
0,0,2,30,5,0,1461364854,3,0,5368586,33120391,0,0,0
0,0,2,30,5,0,1815115025,2,0,5368586,33120391,0,0,0
0,0,2,30,5,0,924765563,6,0,5368586,33120391,0,0,0
0,0,2,30,5,0,1193448329,4,0,5368586,33120391,0,0,0
0,0,2,30,5,0,438989805,8,0,5368586,33120391,0,0,0
0,0,2,30,5,0,1445662585,7,0,5368586,33120391,0,0,0
0,0,2,30,5,0,398340369,9,0,5368586,33120391,0,0,0
0,0,2,30,5,0,667779376,5,0,5368586,33120391,0,0,0
0,0,2,30,10,0,415393687,1,0,5368586,33120391,0,0,0
0,0,2,30,10,0,1631775357,0,0,5368586,33120391,0,0,0
0,0,2,30,10,0,1136108454,4,0,5368586,33120391,0,0,0
0,0,2,30,10,0,1541804686,2,0,5368586,33120391,0,0,0
0,0,2,30,10,0,1477278577,3,0,5368586,33120391,0,0,0
0,0,2,30,10,0,186618211,5,0,5368586,33120391,0,0,0
0,0,2,30,10,0,1973214822,6,0,5368586,33120391,0,0,0
0,0,2,30,10,0,1625792787,8,0,5368586,33120391,0,0,0
0,0,2,30,10,0,536124280,7,0,5368586,33120391,0,0,0
0,0,2,30,20,0,1259191105,0,0,5368586,33120391,0,0,0
0,0,2,30,10,0,338444264,9,0,5368586,33120391,0,0,0
0,0,2,30,20,0,1553210608,1,0,5368586,33120391,0,0,0
0,0,2,30,20,0,825873196,2,0,5368586,33120391,0,0,0
0,0,2,30,20,0,298737106,3,0,5368586,33120391,0,0,0
0,0,2,30,20,0,196814233,4,0,5368586,33120391,0,0,0
0,0,2,30,20,0,978815630,5,0,5368586,33120391,0,0,0
0,0,2,30,20,0,342703921,7,0,5368586,33120391,0,0,0
0,0,2,30,20,0,1242911821,6,0,5368586,33120391,0,0,0
0,0,2,30,20,0,999829240,8,0,5368586,33120391,0,0,0
0,0,2,30,20,0,433797840,9,0,5368586,33120391,0,0,0
0,0,2,30,30,0,1632629719,0,0,5368586,33120391,0,0,0
0,0,2,30,30,0,1193887545,1,0,5368586,33120391,0,0,0
0,0,2,30,30,0,1566942273,3,0,5368586,33120391,0,0,0
0,0,2,30,30,0,1947382419,2,0,5368586,33120391,0,0,0
0,0,2,30,30,0,698594025,4,0,5368586,33120391,0,0,0
0,0,2,30,30,0,1589915144,5,0,5368586,33120391,0,0,0
0,0,2,30,30,0,1525876051,6,0,5368586,33120391,0,0,0
0,0,2,30,30,0,899825838,7,0,5368586,33120391,0,0,0
0,0,2,30,30,0,306671447,9,0,5368586,33120391,0,0,0
0,0,2,60,0,0,735034881,0,0,6258082,36638988,0,0,0
0,0,2,30,30,0,1146660997,8,0,5368586,33120391,0,0,0
0,0,2,60,0,0,1051454923,1,0,6258082,36638988,0,0,0
0,0,2,60,0,0,701808367,2,0,6258082,36638988,0,0,0
0,0,2,60,0,0,1985392498,3,0,6258082,36638988,0,0,0
0,0,2,60,0,0,943239974,6,0,6258082,36638988,0,0,0
0,0,2,60,0,0,1159417075,5,0,6258082,36638988,0,0,0
0,0,2,60,0,0,1629748727,4,0,6258082,36638988,0,0,0
0,0,2,60,0,0,1392783743,7,0,6258082,36638988,0,0,0
0,0,2,60,0,0,983753977,9,0,6258082,36638988,0,0,0
0,0,2,60,0,0,240251661,8,0,6258082,36638988,0,0,0
0,0,2,60,2,0,1354860540,1,0,6258082,36638988,0,0,0
0,0,2,60,2,0,137869475,0,0,6258082,36638988,0,0,0
0,0,2,60,2,0,1149938334,3,0,6258082,36638988,0,0,0
0,0,2,60,2,0,284277889,4,0,6258082,36638988,0,0,0
0,0,2,60,2,0,1722989659,2,0,6258082,36638988,0,0,0
0,0,2,60,2,0,1351531223,6,0,6258082,36638988,0,0,0
0,0,2,60,2,0,906164396,5,0,6258082,36638988,0,0,0
0,0,2,60,2,0,2144181937,8,0,6258082,36638988,0,0,0
0,0,2,60,2,0,913224047,7,0,6258082,36638988,0,0,0
0,0,2,60,2,0,1699226064,9,0,6258082,36638988,0,0,0
0,0,2,60,5,0,1970753705,0,0,6258082,36638988,0,0,0
0,0,2,60,5,0,613628803,1,0,6258082,36638988,0,0,0
0,0,2,60,5,0,1137651678,2,0,6258082,36638988,0,0,0
0,0,2,60,5,0,599707677,3,0,6258082,36638988,0,0,0
0,0,2,60,5,0,1059257080,4,0,6258082,36638988,0,0,0
0,0,2,60,5,0,1840109255,6,0,6258082,36638988,0,0,0
0,0,2,60,5,0,1128466620,5,0,6258082,36638988,0,0,0
0,0,2,60,5,0,1715412119,7,0,6258082,36638988,0,0,0
0,0,2,60,5,0,1554762903,8,0,6258082,36638988,0,0,0
0,0,2,60,5,0,941975480,9,0,6258082,36638988,0,0,0
0,0,2,60,10,0,2119634399,1,0,6258082,36638988,0,0,0
0,0,2,60,10,0,594130308,0,0,6258082,36638988,0,0,0
0,0,2,60,10,0,470939445,4,0,6258082,36638988,0,0,0
0,0,2,60,10,0,390452952,2,0,6258082,36638988,0,0,0
0,0,2,60,10,0,656448479,5,0,6258082,36638988,0,0,0
0,0,2,60,10,0,202363285,3,0,6258082,36638988,0,0,0
0,0,2,60,10,0,687117441,6,0,6258082,36638988,0,0,0
0,0,2,60,10,0,272849424,8,0,6258082,36638988,0,0,0
0,0,2,60,10,0,1813163240,7,0,6258082,36638988,0,0,0
0,0,2,60,10,0,1652563013,9,0,6258082,36638988,0,0,0
0,0,2,60,20,0,2010258946,1,0,6258082,36638988,0,0,0
0,0,2,60,20,0,1639042338,0,0,6258082,36638988,0,0,0
0,0,2,60,20,0,1079815404,2,0,6258082,36638988,0,0,0
0,0,2,60,20,0,49310608,3,0,6258082,36638988,0,0,0
0,0,2,60,20,0,1146005448,5,0,6258082,36638988,0,0,0
0,0,2,60,20,0,1461042543,6,0,6258082,36638988,0,0,0
0,0,2,60,20,0,491995979,4,0,6258082,36638988,0,0,0
0,0,2,60,20,0,479112937,7,0,6258082,36638988,0,0,0
0,0,2,60,20,0,1260573448,8,0,6258082,36638988,0,0,0
0,0,2,60,20,0,1867302554,9,0,6258082,36638988,0,0,0
0,0,2,60,30,0,679282378,0,0,6258082,36638988,0,0,0
0,0,2,60,30,0,1948728483,1,0,6258082,36638988,0,0,0
0,0,2,60,30,0,1131247330,3,0,6258082,36638988,0,0,0
0,0,2,60,30,0,457031004,5,0,6258082,36638988,0,0,0
0,0,2,60,30,0,13938521,2,0,6258082,36638988,0,0,0
0,0,2,60,30,0,1281810600,6,0,6258082,36638988,0,0,0
0,0,2,60,30,0,854316681,7,0,6258082,36638988,0,0,0
0,0,2,60,30,0,767303988,4,0,6258082,36638988,0,0,0
0,0,2,60,30,0,656439677,8,0,6258082,36638988,0,0,0
0,0,2,60,60,0,693847829,0,0,6258082,36638988,0,0,0
0,0,2,60,30,0,1605947756,9,0,6258082,36638988,0,0,0
0,0,2,60,60,0,2456273,1,0,6258082,36638988,0,0,0
0,0,2,60,60,0,1392239675,2,0,6258082,36638988,0,0,0
0,0,2,60,60,0,2098545541,3,0,6258082,36638988,0,0,0
0,0,2,60,60,0,83651970,4,0,6258082,36638988,0,0,0
0,0,2,120,0,0,1034535593,0,0,524288000,764972,0,0,0
0,0,2,60,60,0,480468219,5,0,6258082,36638988,0,0,0
0,0,2,60,60,0,1320763135,7,0,6258082,36638988,0,0,0
0,0,2,60,60,0,1028439863,8,0,6258082,36638988,0,0,0
0,0,2,120,0,0,338258951,1,0,524288000,764972,0,0,0
0,0,2,120,0,0,367878761,2,0,524288000,764972,0,0,0
0,0,2,60,60,0,248786714,9,0,6258082,36638988,0,0,0
0,0,2,60,60,0,1558990517,6,0,6258082,36638988,0,0,0
0,0,2,120,0,0,540137296,5,0,524288000,764972,0,0,0
0,0,2,120,0,0,2087313121,3,0,524288000,764972,0,0,0
0,0,2,120,0,0,297265480,4,0,524288000,764972,0,0,0
0,0,2,120,0,0,551437149,6,0,524288000,764972,0,0,0
0,0,2,120,0,0,1138409539,9,0,524288000,764972,0,0,0
0,0,2,120,0,0,2041322270,7,0,524288000,764972,0,0,0
0,0,2,120,2,0,1817363615,0,0,524288000,764972,0,0,0
0,0,2,120,0,0,709214891,8,0,524288000,764972,0,0,0
0,0,2,120,2,0,909666337,1,0,524288000,764972,0,0,0
0,0,2,120,2,0,1713658874,4,0,524288000,764972,0,0,0
0,0,2,120,2,0,1338811290,3,0,524288000,764972,0,0,0
0,0,2,120,2,0,863937247,2,0,524288000,764972,0,0,0
0,0,2,120,2,0,1881625505,6,0,524288000,764972,0,0,0
0,0,2,120,2,0,1939118223,7,0,524288000,764972,0,0,0
0,0,2,120,2,0,1603828849,5,0,524288000,764972,0,0,0
0,0,2,120,2,0,1064746525,9,0,524288000,764972,0,0,0
0,0,2,120,2,0,519709079,8,0,524288000,764972,0,0,0
0,0,2,120,5,0,965067727,0,0,524288000,764972,0,0,0
0,0,2,120,5,0,1452066459,2,0,524288000,764972,0,0,0
0,0,2,120,5,0,90341465,3,0,524288000,764972,0,0,0
0,0,2,120,5,0,274989148,1,0,524288000,764972,0,0,0
0,0,2,120,5,0,945826486,5,0,524288000,764972,0,0,0
0,0,2,120,5,0,988335251,4,0,524288000,764972,0,0,0
0,0,2,120,5,0,30884438,6,0,524288000,764972,0,0,0
0,0,2,120,5,0,983297492,9,0,524288000,764972,0,0,0
0,0,2,120,5,0,304912982,7,0,524288000,764972,0,0,0
0,0,2,120,5,0,252860896,8,0,524288000,764972,0,0,0
0,0,2,120,10,0,289482182,0,0,524288000,764972,0,0,0
0,0,2,120,10,0,1419179580,2,0,524288000,764972,0,0,0
0,0,2,120,10,0,134917627,1,0,524288000,764972,0,0,0
0,0,2,120,10,0,1196050747,5,0,524288000,764972,0,0,0
0,0,2,120,10,0,2084839399,6,0,524288000,764972,0,0,0
0,0,2,120,10,0,1022222125,4,0,524288000,764972,0,0,0
0,0,2,120,10,0,920140090,7,0,524288000,764972,0,0,0
0,0,2,120,10,0,304330003,3,0,524288000,764972,0,0,0
0,0,2,120,10,0,568275055,8,0,524288000,764972,0,0,0
0,0,2,120,10,0,2030106617,9,0,524288000,764972,0,0,0
0,0,2,120,20,0,2031403296,1,0,524288000,764972,0,0,0
0,0,2,120,20,0,1043665192,0,0,524288000,764972,0,0,0
0,0,2,120,20,0,1748309234,2,0,524288000,764972,0,0,0
0,0,2,120,20,0,817804383,3,0,524288000,764972,0,0,0
0,0,2,120,20,0,405126228,4,0,524288000,764972,0,0,0
0,0,2,120,20,0,416314667,5,0,524288000,764972,0,0,0
0,0,2,120,20,0,1521696479,7,0,524288000,764972,0,0,0
0,0,2,120,20,0,1851350739,6,0,524288000,764972,0,0,0
0,0,2,120,20,0,1765670844,9,0,524288000,764972,0,0,0
0,0,2,120,20,0,1819256337,8,0,524288000,764972,0,0,0
0,0,2,120,30,0,2005855667,0,0,524288000,764972,0,0,0
0,0,2,120,30,0,422701550,2,0,524288000,764972,0,0,0
0,0,2,120,30,0,1729245242,4,0,524288000,764972,0,0,0
0,0,2,120,30,0,232663462,1,0,524288000,764972,0,0,0
0,0,2,120,30,0,260329455,3,0,524288000,764972,0,0,0
0,0,2,120,30,0,1457293575,5,0,524288000,764972,0,0,0
0,0,2,120,30,0,1067970820,7,0,524288000,764972,0,0,0
0,0,2,120,30,0,822873088,8,0,524288000,764972,0,0,0
0,0,2,120,30,0,469306919,6,0,524288000,764972,0,0,0
0,0,2,120,60,0,602078388,1,0,524288000,764972,0,0,0
0,0,2,120,60,0,1926780541,0,0,524288000,764972,0,0,0
0,0,2,120,30,0,816941039,9,0,524288000,764972,0,0,0
0,0,2,120,60,0,1811967841,2,0,524288000,764972,0,0,0
0,0,2,120,60,0,788075126,3,0,524288000,764972,0,0,0
0,0,2,120,60,0,1986972437,5,0,524288000,764972,0,0,0
0,0,2,120,60,0,323775634,7,0,524288000,764972,0,0,0
0,0,2,120,60,0,1196342297,4,0,524288000,764972,0,0,0
0,0,2,120,60,0,1072910527,6,0,524288000,764972,0,0,0
0,2,0,30,0,0,217275224,0,1500190,342743587,1638720,1,50344850,63143
0,0,2,120,60,0,1903232052,8,0,524288000,764972,0,0,0
0,0,2,120,60,0,420514789,9,0,524288000,764972,0,0,0
0,2,0,30,0,0,63384488,1,1500190,342743587,1638720,1,50344850,63143
0,2,0,30,0,0,400560567,2,1500190,342743587,1638720,1,50344850,63143
0,2,0,30,0,0,1015242176,3,1500190,342743587,1638720,1,50344850,63143
0,2,0,30,0,0,714300770,4,1500190,342743587,1638720,1,50344850,63143
0,2,0,30,0,0,2085812759,6,1500190,342743587,1638720,1,50344850,63143
0,2,0,30,0,0,1745535098,5,1500190,342743587,1638720,1,50344850,63143
0,2,0,30,0,0,2067418686,7,1500190,342743587,1638720,1,50344850,63143
0,2,0,30,0,0,918037633,8,1500190,342743587,1638720,1,50344850,63143
0,2,0,30,0,0,1722454917,9,1500190,342743587,1638720,1,50344850,63143
0,2,0,30,2,0,251837136,0,1500190,342743587,1638720,1,50344850,63143
0,2,0,30,2,0,707111048,1,1500190,342743587,1638720,1,50344850,63143
0,2,0,30,2,0,1627677155,2,1500190,342743587,1638720,1,50344850,63143
0,2,0,30,2,0,9257255,3,1500190,342743587,1638720,1,50344850,63143
0,2,0,30,2,0,1954246074,6,1500190,342743587,1638720,1,50344850,63143
0,2,0,30,2,0,1676848676,4,1500190,342743587,1638720,1,50344850,63143
0,2,0,30,2,0,1139038460,5,1500190,342743587,1638720,1,50344850,63143
0,2,0,30,2,0,1225136114,7,1500190,342743587,1638720,1,50344850,63143
0,2,0,30,2,0,1816803306,8,1500190,342743587,1638720,1,50344850,63143
0,2,0,30,2,0,2090237817,9,1500190,342743587,1638720,1,50344850,63143
0,2,0,30,5,0,815605132,1,1500190,342743587,1638720,1,50344850,63143
0,2,0,30,5,0,935018220,3,1500190,342743587,1638720,1,50344850,63143
0,2,0,30,5,0,1274350418,2,1500190,342743587,1638720,1,50344850,63143
0,2,0,30,5,0,664847319,0,1500190,342743587,1638720,1,50344850,63143
0,2,0,30,5,0,261810763,5,1500190,342743587,1638720,1,50344850,63143
0,2,0,30,5,0,251183830,4,1500190,342743587,1638720,1,50344850,63143
0,2,0,30,5,0,245522987,7,1500190,342743587,1638720,1,50344850,63143
0,2,0,30,5,0,215359682,8,1500190,342743587,1638720,1,50344850,63143
0,2,0,30,5,0,1346922426,6,1500190,342743587,1638720,1,50344850,63143
0,2,0,30,10,0,676168421,0,1500190,342743587,1638720,1,50344850,63143
0,2,0,30,5,0,2047791082,9,1500190,342743587,1638720,1,50344850,63143
0,2,0,30,10,0,244295904,1,1500190,342743587,1638720,1,50344850,63143
0,2,0,30,10,0,798112150,3,1500190,342743587,1638720,1,50344850,63143
0,2,0,30,10,0,344076115,2,1500190,342743587,1638720,1,50344850,63143
0,2,0,30,10,0,294296873,4,1500190,342743587,1638720,1,50344850,63143
0,2,0,30,10,0,291889680,5,1500190,342743587,1638720,1,50344850,63143
0,2,0,30,10,0,1734202799,7,1500190,342743587,1638720,1,50344850,63143
0,2,0,30,10,0,1010193046,6,1500190,342743587,1638720,1,50344850,63143
0,2,0,30,10,0,514909066,8,1500190,342743587,1638720,1,50344850,63143
0,2,0,30,10,0,1057486868,9,1500190,342743587,1638720,1,50344850,63143
0,2,0,30,20,0,352116052,1,1500190,342743587,1638720,1,50344850,63143
0,2,0,30,20,0,170689150,0,1500190,342743587,1638720,1,50344850,63143
0,2,0,30,20,0,1800557283,2,1500190,342743587,1638720,1,50344850,63143
0,2,0,30,20,0,1119980130,4,1500190,342743587,1638720,1,50344850,63143
0,2,0,30,20,0,877286584,5,1500190,342743587,1638720,1,50344850,63143
0,2,0,30,20,0,1358798143,3,1500190,342743587,1638720,1,50344850,63143
0,2,0,30,20,0,1349409434,6,1500190,342743587,1638720,1,50344850,63143
0,2,0,30,20,0,1025148381,7,1500190,342743587,1638720,1,50344850,63143
0,2,0,30,20,0,1699887270,9,1500190,342743587,1638720,1,50344850,63143
0,2,0,30,20,0,1140805649,8,1500190,342743587,1638720,1,50344850,63143
0,2,0,30,30,0,562117925,0,1500190,342743587,1638720,1,50344850,63143
0,2,0,30,30,0,1963764597,2,1500190,342743587,1638720,1,50344850,63143
0,2,0,30,30,0,1288477634,1,1500190,342743587,1638720,1,50344850,63143
0,2,0,30,30,0,1357970698,3,1500190,342743587,1638720,1,50344850,63143
0,2,0,30,30,0,311570307,4,1500190,342743587,1638720,1,50344850,63143
0,2,0,30,30,0,1968321319,6,1500190,342743587,1638720,1,50344850,63143
0,2,0,30,30,0,429416213,7,1500190,342743587,1638720,1,50344850,63143
0,2,0,30,30,0,314652384,8,1500190,342743587,1638720,1,50344850,63143
0,2,0,30,30,0,40009587,5,1500190,342743587,1638720,1,50344850,63143
0,2,0,30,30,0,915490795,9,1500190,342743587,1638720,1,50344850,63143
0,2,0,60,0,0,568896616,1,2500662,341444470,1638720,1,50349854,74319
0,2,0,60,0,0,1139027119,0,2500662,341444470,1638720,1,50349854,74319
0,2,0,60,0,0,1498981529,2,2500662,341444470,1638720,1,50349854,74319
0,2,0,60,0,0,295456419,3,2500662,341444470,1638720,1,50349854,74319
0,2,0,60,0,0,1049193572,4,2500662,341444470,1638720,1,50349854,74319
0,2,0,60,0,0,677517496,7,2500662,341444470,1638720,1,50349854,74319
0,2,0,60,0,0,1224011538,6,2500662,341444470,1638720,1,50349854,74319
0,2,0,60,0,0,1881988384,8,2500662,341444470,1638720,1,50349854,74319
0,2,0,60,0,0,1587106770,5,2500662,341444470,1638720,1,50349854,74319
0,2,0,60,2,0,33599984,0,2500662,341444470,1638720,1,50349854,74319
0,2,0,60,0,0,1299301222,9,2500662,341444470,1638720,1,50349854,74319
0,2,0,60,2,0,1285821930,1,2500662,341444470,1638720,1,50349854,74319
0,2,0,60,2,0,576775951,3,2500662,341444470,1638720,1,50349854,74319
0,2,0,60,2,0,444900634,2,2500662,341444470,1638720,1,50349854,74319
0,2,0,60,2,0,495762348,5,2500662,341444470,1638720,1,50349854,74319
0,2,0,60,2,0,459716009,6,2500662,341444470,1638720,1,50349854,74319
0,2,0,60,2,0,1135872495,4,2500662,341444470,1638720,1,50349854,74319
0,2,0,60,2,0,667643690,7,2500662,341444470,1638720,1,50349854,74319
0,2,0,60,2,0,1169726681,8,2500662,341444470,1638720,1,50349854,74319
0,2,0,60,5,0,904647469,0,2500662,341444470,1638720,1,50349854,74319
0,2,0,60,5,0,1472659626,1,2500662,341444470,1638720,1,50349854,74319
0,2,0,60,2,0,1210133979,9,2500662,341444470,1638720,1,50349854,74319
0,2,0,60,5,0,1133802214,3,2500662,341444470,1638720,1,50349854,74319
0,2,0,60,5,0,2098228320,4,2500662,341444470,1638720,1,50349854,74319
0,2,0,60,5,0,874443787,2,2500662,341444470,1638720,1,50349854,74319
0,2,0,60,5,0,1078557553,5,2500662,341444470,1638720,1,50349854,74319
0,2,0,60,5,0,218179599,6,2500662,341444470,1638720,1,50349854,74319
0,2,0,60,5,0,1819244083,8,2500662,341444470,1638720,1,50349854,74319
0,2,0,60,5,0,396418889,7,2500662,341444470,1638720,1,50349854,74319
0,2,0,60,10,0,15228622,1,2500662,341444470,1638720,1,50349854,74319
0,2,0,60,5,0,1188332531,9,2500662,341444470,1638720,1,50349854,74319
0,2,0,60,10,0,1432614422,2,2500662,341444470,1638720,1,50349854,74319
0,2,0,60,10,0,189351213,0,2500662,341444470,1638720,1,50349854,74319
0,2,0,60,10,0,1125089309,4,2500662,341444470,1638720,1,50349854,74319
0,2,0,60,10,0,561866144,3,2500662,341444470,1638720,1,50349854,74319
0,2,0,60,10,0,693989311,5,2500662,341444470,1638720,1,50349854,74319
0,2,0,60,10,0,1836901321,7,2500662,341444470,1638720,1,50349854,74319
0,2,0,60,10,0,1897669065,6,2500662,341444470,1638720,1,50349854,74319
0,2,0,60,10,0,41531046,8,2500662,341444470,1638720,1,50349854,74319
0,2,0,60,20,0,323169889,0,2500662,341444470,1638720,1,50349854,74319
0,2,0,60,10,0,480494664,9,2500662,341444470,1638720,1,50349854,74319
0,2,0,60,20,0,640183291,1,2500662,341444470,1638720,1,50349854,74319
0,2,0,60,20,0,154739678,2,2500662,341444470,1638720,1,50349854,74319
0,2,0,60,20,0,1845919895,5,2500662,341444470,1638720,1,50349854,74319
0,2,0,60,20,0,1585770584,3,2500662,341444470,1638720,1,50349854,74319
0,2,0,60,20,0,636057975,4,2500662,341444470,1638720,1,50349854,74319
0,2,0,60,20,0,547374338,6,2500662,341444470,1638720,1,50349854,74319
0,2,0,60,20,0,179653598,7,2500662,341444470,1638720,1,50349854,74319
0,2,0,60,20,0,1323959527,8,2500662,341444470,1638720,1,50349854,74319
0,2,0,60,30,0,171347175,0,2500662,341444470,1638720,1,50349854,74319
0,2,0,60,20,0,1566166314,9,2500662,341444470,1638720,1,50349854,74319
0,2,0,60,30,0,1536778950,1,2500662,341444470,1638720,1,50349854,74319
0,2,0,60,30,0,902271852,2,2500662,341444470,1638720,1,50349854,74319
0,2,0,60,30,0,1071722055,3,2500662,341444470,1638720,1,50349854,74319
0,2,0,60,30,0,441495235,4,2500662,341444470,1638720,1,50349854,74319
0,2,0,60,30,0,1519038154,5,2500662,341444470,1638720,1,50349854,74319
0,2,0,60,30,0,1745377599,6,2500662,341444470,1638720,1,50349854,74319
0,2,0,60,30,0,663801533,7,2500662,341444470,1638720,1,50349854,74319
0,2,0,60,30,0,1016779084,8,2500662,341444470,1638720,1,50349854,74319
0,2,0,60,30,0,697939765,9,2500662,341444470,1638720,1,50349854,74319
0,2,0,60,60,0,1770791023,1,2500662,341444470,1638720,1,50349854,74319
0,2,0,60,60,0,760434128,0,2500662,341444470,1638720,1,50349854,74319
0,2,0,60,60,0,106456634,2,2500662,341444470,1638720,1,50349854,74319
0,2,0,60,60,0,770348179,3,2500662,341444470,1638720,1,50349854,74319
0,2,0,60,60,0,1426725702,4,2500662,341444470,1638720,1,50349854,74319
0,2,0,60,60,0,1768294570,5,2500662,341444470,1638720,1,50349854,74319
0,2,0,60,60,0,1145921803,7,2500662,341444470,1638720,1,50349854,74319
0,2,0,60,60,0,1065870178,6,2500662,341444470,1638720,1,50349854,74319
0,2,0,60,60,0,683749521,8,2500662,341444470,1638720,1,50349854,74319
0,2,0,60,60,0,464267175,9,2500662,341444470,1638720,1,50349854,74319
0,2,0,120,0,0,166320906,1,1500487,342962959,1638720,1,50344856,71178
0,2,0,120,0,0,1643004186,0,1500487,342962959,1638720,1,50344856,71178
0,2,0,120,0,0,2021598245,2,1500487,342962959,1638720,1,50344856,71178
0,2,0,120,0,0,955345537,3,1500487,342962959,1638720,1,50344856,71178
0,2,0,120,0,0,857158768,4,1500487,342962959,1638720,1,50344856,71178
0,2,0,120,0,0,1501771491,6,1500487,342962959,1638720,1,50344856,71178
0,2,0,120,0,0,1310784794,7,1500487,342962959,1638720,1,50344856,71178
0,2,0,120,0,0,1976987348,5,1500487,342962959,1638720,1,50344856,71178
0,2,0,120,0,0,957449367,9,1500487,342962959,1638720,1,50344856,71178
0,2,0,120,0,0,977515194,8,1500487,342962959,1638720,1,50344856,71178
0,2,0,120,2,0,829486135,1,1500487,342962959,1638720,1,50344856,71178
0,2,0,120,2,0,1409874348,3,1500487,342962959,1638720,1,50344856,71178
0,2,0,120,2,0,101637979,0,1500487,342962959,1638720,1,50344856,71178
0,2,0,120,2,0,1196591018,4,1500487,342962959,1638720,1,50344856,71178
0,2,0,120,2,0,1711398352,2,1500487,342962959,1638720,1,50344856,71178
0,2,0,120,2,0,298159856,5,1500487,342962959,1638720,1,50344856,71178
0,2,0,120,2,0,1198832728,6,1500487,342962959,1638720,1,50344856,71178
0,2,0,120,2,0,1716605598,8,1500487,342962959,1638720,1,50344856,71178
0,2,0,120,2,0,1508161137,7,1500487,342962959,1638720,1,50344856,71178
0,2,0,120,2,0,1422277848,9,1500487,342962959,1638720,1,50344856,71178
0,2,0,120,5,0,118543408,0,1500487,342962959,1638720,1,50344856,71178
0,2,0,120,5,0,495389030,1,1500487,342962959,1638720,1,50344856,71178
0,2,0,120,5,0,1121910732,2,1500487,342962959,1638720,1,50344856,71178
0,2,0,120,5,0,766942939,3,1500487,342962959,1638720,1,50344856,71178
0,2,0,120,5,0,1140169349,4,1500487,342962959,1638720,1,50344856,71178
0,2,0,120,5,0,164313410,5,1500487,342962959,1638720,1,50344856,71178
0,2,0,120,5,0,465585404,6,1500487,342962959,1638720,1,50344856,71178
0,2,0,120,5,0,1866437132,7,1500487,342962959,1638720,1,50344856,71178
0,2,0,120,5,0,1347233823,9,1500487,342962959,1638720,1,50344856,71178
0,2,0,120,10,0,1874297457,0,1500487,342962959,1638720,1,50344856,71178
0,2,0,120,5,0,1484714820,8,1500487,342962959,1638720,1,50344856,71178
0,2,0,120,10,0,496694873,1,1500487,342962959,1638720,1,50344856,71178
0,2,0,120,10,0,1654401763,2,1500487,342962959,1638720,1,50344856,71178
0,2,0,120,10,0,816382125,3,1500487,342962959,1638720,1,50344856,71178
0,2,0,120,10,0,1094024844,4,1500487,342962959,1638720,1,50344856,71178
0,2,0,120,10,0,190638698,5,1500487,342962959,1638720,1,50344856,71178
0,2,0,120,10,0,7263971,7,1500487,342962959,1638720,1,50344856,71178
0,2,0,120,10,0,846259450,8,1500487,342962959,1638720,1,50344856,71178
0,2,0,120,10,0,1872852789,6,1500487,342962959,1638720,1,50344856,71178
0,2,0,120,20,0,1852408227,0,1500487,342962959,1638720,1,50344856,71178
0,2,0,120,20,0,300535210,1,1500487,342962959,1638720,1,50344856,71178
0,2,0,120,10,0,1564319318,9,1500487,342962959,1638720,1,50344856,71178
0,2,0,120,20,0,1418198351,2,1500487,342962959,1638720,1,50344856,71178
0,2,0,120,20,0,1348257414,3,1500487,342962959,1638720,1,50344856,71178
0,2,0,120,20,0,535261654,4,1500487,342962959,1638720,1,50344856,71178
0,2,0,120,20,0,1754034197,7,1500487,342962959,1638720,1,50344856,71178
0,2,0,120,20,0,1728296502,9,1500487,342962959,1638720,1,50344856,71178
0,2,0,120,20,0,1400944900,8,1500487,342962959,1638720,1,50344856,71178
0,2,0,120,20,0,1289874320,5,1500487,342962959,1638720,1,50344856,71178
0,2,0,120,20,0,1328367510,6,1500487,342962959,1638720,1,50344856,71178
0,2,0,120,30,0,1269829408,0,1500487,342962959,1638720,1,50344856,71178
0,2,0,120,30,0,546696950,1,1500487,342962959,1638720,1,50344856,71178
0,2,0,120,30,0,823946934,2,1500487,342962959,1638720,1,50344856,71178
0,2,0,120,30,0,1628416575,4,1500487,342962959,1638720,1,50344856,71178
0,2,0,120,30,0,747441732,5,1500487,342962959,1638720,1,50344856,71178
0,2,0,120,30,0,1805803262,3,1500487,342962959,1638720,1,50344856,71178
0,2,0,120,30,0,1292569882,6,1500487,342962959,1638720,1,50344856,71178
0,2,0,120,30,0,1744079573,7,1500487,342962959,1638720,1,50344856,71178
0,2,0,120,30,0,1743499,8,1500487,342962959,1638720,1,50344856,71178
0,2,0,120,30,0,1305132983,9,1500487,342962959,1638720,1,50344856,71178
0,2,0,120,60,0,1232285036,0,1500487,342962959,1638720,1,50344856,71178
0,2,0,120,60,0,902727745,1,1500487,342962959,1638720,1,50344856,71178
0,2,0,120,60,0,1846355528,2,1500487,342962959,1638720,1,50344856,71178
0,2,0,120,60,0,1384049914,3,1500487,342962959,1638720,1,50344856,71178
0,2,0,120,60,0,1897456484,5,1500487,342962959,1638720,1,50344856,71178
0,2,0,120,60,0,1997109065,4,1500487,342962959,1638720,1,50344856,71178
0,2,0,120,60,0,2032319170,8,1500487,342962959,1638720,1,50344856,71178
0,2,0,120,60,0,1899061865,6,1500487,342962959,1638720,1,50344856,71178
0,2,0,120,60,0,917840538,7,1500487,342962959,1638720,1,50344856,71178
0,0,1,30,0,0,364194056,0,500164,197064779,764972,1,29223845,3089176
0,2,0,120,60,0,728818981,9,1500487,342962959,1638720,1,50344856,71178
0,0,1,30,0,0,1439622619,2,500164,197064779,764972,1,29223845,3089176
0,0,1,30,0,0,401094954,3,500164,197064779,764972,1,29223845,3089176
0,0,1,30,0,0,1218853328,1,500164,197064779,764972,1,29223845,3089176
0,0,1,30,0,0,1008752943,4,500164,197064779,764972,1,29223845,3089176
0,0,1,30,0,0,1333241445,5,500164,197064779,764972,1,29223845,3089176
0,0,1,30,0,0,964824319,6,500164,197064779,764972,1,29223845,3089176
0,0,1,30,0,0,855256552,7,500164,197064779,764972,1,29223845,3089176
0,0,1,30,2,0,198486416,0,500164,197064779,764972,1,29223845,3089176
0,0,1,30,0,0,104906255,9,500164,197064779,764972,1,29223845,3089176
0,0,1,30,0,0,632880459,8,500164,197064779,764972,1,29223845,3089176
0,0,1,30,2,0,1051590706,1,500164,197064779,764972,1,29223845,3089176
0,0,1,30,2,0,2040695043,2,500164,197064779,764972,1,29223845,3089176
0,0,1,30,2,0,1955997540,4,500164,197064779,764972,1,29223845,3089176
0,0,1,30,2,0,312794864,3,500164,197064779,764972,1,29223845,3089176
0,0,1,30,2,0,835092972,6,500164,197064779,764972,1,29223845,3089176
0,0,1,30,2,0,1649174966,7,500164,197064779,764972,1,29223845,3089176
0,0,1,30,2,0,1780010572,5,500164,197064779,764972,1,29223845,3089176
0,0,1,30,2,0,2123333781,8,500164,197064779,764972,1,29223845,3089176
0,0,1,30,2,0,1716495971,9,500164,197064779,764972,1,29223845,3089176
0,0,1,30,5,0,23814791,2,500164,197064779,764972,1,29223845,3089176
0,0,1,30,5,0,633814084,1,500164,197064779,764972,1,29223845,3089176
0,0,1,30,5,0,1825989011,4,500164,197064779,764972,1,29223845,3089176
0,0,1,30,5,0,457788949,3,500164,197064779,764972,1,29223845,3089176
0,0,1,30,5,0,1047905204,0,500164,197064779,764972,1,29223845,3089176
0,0,1,30,5,0,755427535,6,500164,197064779,764972,1,29223845,3089176
0,0,1,30,5,0,215686308,8,500164,197064779,764972,1,29223845,3089176
0,0,1,30,5,0,939915527,5,500164,197064779,764972,1,29223845,3089176
0,0,1,30,5,0,1995226582,7,500164,197064779,764972,1,29223845,3089176
0,0,1,30,10,0,521231222,0,500164,197064779,764972,1,29223845,3089176
0,0,1,30,5,0,1070298438,9,500164,197064779,764972,1,29223845,3089176
0,0,1,30,10,0,572687073,2,500164,197064779,764972,1,29223845,3089176
0,0,1,30,10,0,1995627518,3,500164,197064779,764972,1,29223845,3089176
0,0,1,30,10,0,1960488639,1,500164,197064779,764972,1,29223845,3089176
0,0,1,30,10,0,1900838388,5,500164,197064779,764972,1,29223845,3089176
0,0,1,30,10,0,1832837596,6,500164,197064779,764972,1,29223845,3089176
0,0,1,30,10,0,1362784338,4,500164,197064779,764972,1,29223845,3089176
0,0,1,30,10,0,1915184358,7,500164,197064779,764972,1,29223845,3089176
0,0,1,30,10,0,683577992,8,500164,197064779,764972,1,29223845,3089176
0,0,1,30,10,0,2038711176,9,500164,197064779,764972,1,29223845,3089176
0,0,1,30,20,0,1933034905,0,500164,197064779,764972,1,29223845,3089176
0,0,1,30,20,0,1113219231,1,500164,197064779,764972,1,29223845,3089176
0,0,1,30,20,0,1061886576,2,500164,197064779,764972,1,29223845,3089176
0,0,1,30,20,0,1191043170,3,500164,197064779,764972,1,29223845,3089176
0,0,1,30,20,0,1027553177,5,500164,197064779,764972,1,29223845,3089176
0,0,1,30,20,0,1179387055,6,500164,197064779,764972,1,29223845,3089176
0,0,1,30,20,0,2081328344,4,500164,197064779,764972,1,29223845,3089176
0,0,1,30,20,0,332788471,8,500164,197064779,764972,1,29223845,3089176
0,0,1,30,20,0,1227193073,9,500164,197064779,764972,1,29223845,3089176
0,0,1,30,20,0,1889238423,7,500164,197064779,764972,1,29223845,3089176
0,0,1,30,30,0,1007142260,0,500164,197064779,764972,1,29223845,3089176
0,0,1,30,30,0,1167007513,1,500164,197064779,764972,1,29223845,3089176
0,0,1,30,30,0,1442454200,2,500164,197064779,764972,1,29223845,3089176
0,0,1,30,30,0,346078411,4,500164,197064779,764972,1,29223845,3089176
0,0,1,30,30,0,1373142116,3,500164,197064779,764972,1,29223845,3089176
0,0,1,30,30,0,594312071,5,500164,197064779,764972,1,29223845,3089176
0,0,1,30,30,0,647812758,6,500164,197064779,764972,1,29223845,3089176
0,0,1,30,30,0,993260504,7,500164,197064779,764972,1,29223845,3089176
0,0,1,30,30,0,1645124051,8,500164,197064779,764972,1,29223845,3089176
0,0,1,60,0,0,275860817,1,500080,151831882,764972,1,28842795,2214138
0,0,1,30,30,0,656293602,9,500164,197064779,764972,1,29223845,3089176
0,0,1,60,0,0,918920620,0,500080,151831882,764972,1,28842795,2214138
0,0,1,60,0,0,1781844052,2,500080,151831882,764972,1,28842795,2214138
0,0,1,60,0,0,1421124738,4,500080,151831882,764972,1,28842795,2214138
0,0,1,60,0,0,1750625978,3,500080,151831882,764972,1,28842795,2214138
0,0,1,60,0,0,2001129658,5,500080,151831882,764972,1,28842795,2214138
0,0,1,60,0,0,1785736751,6,500080,151831882,764972,1,28842795,2214138
0,0,1,60,0,0,888346940,8,500080,151831882,764972,1,28842795,2214138
0,0,1,60,0,0,1804502687,9,500080,151831882,764972,1,28842795,2214138
0,0,1,60,0,0,267429212,7,500080,151831882,764972,1,28842795,2214138
0,0,1,60,2,0,83889094,1,500080,151831882,764972,1,28842795,2214138
0,0,1,60,2,0,1672790155,0,500080,151831882,764972,1,28842795,2214138
0,0,1,60,2,0,1633724084,2,500080,151831882,764972,1,28842795,2214138
0,0,1,60,2,0,2048612358,3,500080,151831882,764972,1,28842795,2214138
0,0,1,60,2,0,25323460,4,500080,151831882,764972,1,28842795,2214138
0,0,1,60,2,0,1282531582,6,500080,151831882,764972,1,28842795,2214138
0,0,1,60,2,0,1510792572,5,500080,151831882,764972,1,28842795,2214138
0,0,1,60,2,0,1674979897,7,500080,151831882,764972,1,28842795,2214138
0,0,1,60,5,0,2096929657,0,500080,151831882,764972,1,28842795,2214138
0,0,1,60,2,0,1799682701,8,500080,151831882,764972,1,28842795,2214138
0,0,1,60,2,0,947206476,9,500080,151831882,764972,1,28842795,2214138
0,0,1,60,5,0,1172248246,2,500080,151831882,764972,1,28842795,2214138
0,0,1,60,5,0,942408767,1,500080,151831882,764972,1,28842795,2214138
0,0,1,60,5,0,1871901278,3,500080,151831882,764972,1,28842795,2214138
0,0,1,60,5,0,2085816511,4,500080,151831882,764972,1,28842795,2214138
0,0,1,60,5,0,1670128972,6,500080,151831882,764972,1,28842795,2214138
0,0,1,60,5,0,124660666,5,500080,151831882,764972,1,28842795,2214138
0,0,1,60,5,0,1736526879,8,500080,151831882,764972,1,28842795,2214138
0,0,1,60,5,0,708861714,9,500080,151831882,764972,1,28842795,2214138
0,0,1,60,5,0,1443665390,7,500080,151831882,764972,1,28842795,2214138
0,0,1,60,10,0,548157187,1,500080,151831882,764972,1,28842795,2214138
0,0,1,60,10,0,115820025,2,500080,151831882,764972,1,28842795,2214138
0,0,1,60,10,0,2007425404,0,500080,151831882,764972,1,28842795,2214138
0,0,1,60,10,0,1692304102,3,500080,151831882,764972,1,28842795,2214138
0,0,1,60,10,0,116402431,4,500080,151831882,764972,1,28842795,2214138
0,0,1,60,10,0,360551585,5,500080,151831882,764972,1,28842795,2214138
0,0,1,60,10,0,1840877826,6,500080,151831882,764972,1,28842795,2214138
0,0,1,60,10,0,582824840,7,500080,151831882,764972,1,28842795,2214138
0,0,1,60,10,0,780520225,9,500080,151831882,764972,1,28842795,2214138
0,0,1,60,10,0,1982979741,8,500080,151831882,764972,1,28842795,2214138
0,0,1,60,20,0,215970859,0,500080,151831882,764972,1,28842795,2214138
0,0,1,60,20,0,1117362852,1,500080,151831882,764972,1,28842795,2214138
0,0,1,60,20,0,1628238707,2,500080,151831882,764972,1,28842795,2214138
0,0,1,60,20,0,1405969000,3,500080,151831882,764972,1,28842795,2214138
0,0,1,60,20,0,1952918745,5,500080,151831882,764972,1,28842795,2214138
0,0,1,60,20,0,909074012,4,500080,151831882,764972,1,28842795,2214138
0,0,1,60,20,0,1449553823,7,500080,151831882,764972,1,28842795,2214138
0,0,1,60,20,0,1628334692,8,500080,151831882,764972,1,28842795,2214138
0,0,1,60,20,0,1403792057,6,500080,151831882,764972,1,28842795,2214138
0,0,1,60,20,0,1195103064,9,500080,151831882,764972,1,28842795,2214138
0,0,1,60,30,0,1810607153,0,500080,151831882,764972,1,28842795,2214138
0,0,1,60,30,0,351784589,2,500080,151831882,764972,1,28842795,2214138
0,0,1,60,30,0,1083497965,1,500080,151831882,764972,1,28842795,2214138
0,0,1,60,30,0,223705953,5,500080,151831882,764972,1,28842795,2214138
0,0,1,60,30,0,2019952485,3,500080,151831882,764972,1,28842795,2214138
0,0,1,60,30,0,83250566,4,500080,151831882,764972,1,28842795,2214138
0,0,1,60,30,0,1503068227,6,500080,151831882,764972,1,28842795,2214138
0,0,1,60,30,0,294713656,8,500080,151831882,764972,1,28842795,2214138
0,0,1,60,30,0,963026855,7,500080,151831882,764972,1,28842795,2214138
0,0,1,60,60,0,1062073697,1,500080,151831882,764972,1,28842795,2214138
0,0,1,60,60,0,133272825,0,500080,151831882,764972,1,28842795,2214138
0,0,1,60,30,0,172907376,9,500080,151831882,764972,1,28842795,2214138
0,0,1,60,60,0,856247605,2,500080,151831882,764972,1,28842795,2214138
0,0,1,60,60,0,87531510,3,500080,151831882,764972,1,28842795,2214138
0,0,1,60,60,0,654477195,4,500080,151831882,764972,1,28842795,2214138
0,0,1,60,60,0,491298929,8,500080,151831882,764972,1,28842795,2214138
0,0,1,60,60,0,2033929266,7,500080,151831882,764972,1,28842795,2214138
0,0,1,60,60,0,1024542722,5,500080,151831882,764972,1,28842795,2214138
0,0,1,60,60,0,542114964,6,500080,151831882,764972,1,28842795,2214138
0,0,1,60,60,0,936150587,9,500080,151831882,764972,1,28842795,2214138
0,0,1,120,0,0,1997305752,0,0,524288000,764972,0,0,0
0,0,1,120,0,0,1100558303,1,0,524288000,764972,0,0,0
0,0,1,120,0,0,720648887,3,0,524288000,764972,0,0,0
0,0,1,120,0,0,491914923,4,0,524288000,764972,0,0,0
0,0,1,120,0,0,1335901990,6,0,524288000,764972,0,0,0
0,0,1,120,0,0,1584392711,2,0,524288000,764972,0,0,0
0,0,1,120,0,0,703368777,5,0,524288000,764972,0,0,0
0,0,1,120,0,0,464280597,7,0,524288000,764972,0,0,0
0,0,1,120,0,0,110287971,8,0,524288000,764972,0,0,0
0,0,1,120,2,0,1703617827,1,0,524288000,764972,0,0,0
0,0,1,120,0,0,1339846171,9,0,524288000,764972,0,0,0
0,0,1,120,2,0,851819913,2,0,524288000,764972,0,0,0
0,0,1,120,2,0,1611931113,0,0,524288000,764972,0,0,0
0,0,1,120,2,0,326402374,3,0,524288000,764972,0,0,0
0,0,1,120,2,0,1043030161,4,0,524288000,764972,0,0,0
0,0,1,120,2,0,437662764,5,0,524288000,764972,0,0,0
0,0,1,120,2,0,519927529,7,0,524288000,764972,0,0,0
0,0,1,120,2,0,1295287749,6,0,524288000,764972,0,0,0
0,0,1,120,2,0,1491228808,9,0,524288000,764972,0,0,0
0,0,1,120,5,0,1591589823,1,0,524288000,764972,0,0,0
0,0,1,120,2,0,176390590,8,0,524288000,764972,0,0,0
0,0,1,120,5,0,296166921,2,0,524288000,764972,0,0,0
0,0,1,120,5,0,1839869544,0,0,524288000,764972,0,0,0
0,0,1,120,5,0,1465576748,3,0,524288000,764972,0,0,0
0,0,1,120,5,0,54340558,4,0,524288000,764972,0,0,0
0,0,1,120,5,0,1804138557,5,0,524288000,764972,0,0,0
0,0,1,120,5,0,453285987,7,0,524288000,764972,0,0,0
0,0,1,120,5,0,1861968817,8,0,524288000,764972,0,0,0
0,0,1,120,5,0,2105400301,6,0,524288000,764972,0,0,0
0,0,1,120,10,0,1974565461,0,0,524288000,764972,0,0,0
0,0,1,120,5,0,1555585773,9,0,524288000,764972,0,0,0
0,0,1,120,10,0,657091982,1,0,524288000,764972,0,0,0
0,0,1,120,10,0,1870403050,2,0,524288000,764972,0,0,0
0,0,1,120,10,0,1159995046,4,0,524288000,764972,0,0,0
0,0,1,120,10,0,756502473,3,0,524288000,764972,0,0,0
0,0,1,120,10,0,2076605983,5,0,524288000,764972,0,0,0
0,0,1,120,10,0,1870778191,7,0,524288000,764972,0,0,0
0,0,1,120,10,0,1996617659,6,0,524288000,764972,0,0,0
0,0,1,120,10,0,1152750071,8,0,524288000,764972,0,0,0
0,0,1,120,10,0,1384287616,9,0,524288000,764972,0,0,0
0,0,1,120,20,0,1054393708,0,0,524288000,764972,0,0,0
0,0,1,120,20,0,1197987692,2,0,524288000,764972,0,0,0
0,0,1,120,20,0,1047385483,4,0,524288000,764972,0,0,0
0,0,1,120,20,0,1627746667,6,0,524288000,764972,0,0,0
0,0,1,120,20,0,1995907669,5,0,524288000,764972,0,0,0
0,0,1,120,20,0,372214308,1,0,524288000,764972,0,0,0
0,0,1,120,20,0,1936179853,3,0,524288000,764972,0,0,0
0,0,1,120,20,0,1444812497,7,0,524288000,764972,0,0,0
0,0,1,120,20,0,123265537,8,0,524288000,764972,0,0,0
0,0,1,120,20,0,2123030247,9,0,524288000,764972,0,0,0
0,0,1,120,30,0,780996231,1,0,524288000,764972,0,0,0
0,0,1,120,30,0,2094011037,2,0,524288000,764972,0,0,0
0,0,1,120,30,0,1395925222,0,0,524288000,764972,0,0,0
0,0,1,120,30,0,911047815,3,0,524288000,764972,0,0,0
0,0,1,120,30,0,1109615163,5,0,524288000,764972,0,0,0
0,0,1,120,30,0,1461744198,6,0,524288000,764972,0,0,0
0,0,1,120,30,0,1201124041,7,0,524288000,764972,0,0,0
0,0,1,120,30,0,1523961606,4,0,524288000,764972,0,0,0
0,0,1,120,30,0,1186564497,8,0,524288000,764972,0,0,0
0,0,1,120,30,0,43598698,9,0,524288000,764972,0,0,0
0,0,1,120,60,0,367704871,1,0,524288000,764972,0,0,0
0,0,1,120,60,0,820581106,0,0,524288000,764972,0,0,0
0,0,1,120,60,0,1036616336,2,0,524288000,764972,0,0,0
0,0,1,120,60,0,1745595491,3,0,524288000,764972,0,0,0
0,0,1,120,60,0,1032183433,5,0,524288000,764972,0,0,0
0,0,1,120,60,0,2098425880,4,0,524288000,764972,0,0,0
0,0,1,120,60,0,2044804330,6,0,524288000,764972,0,0,0
0,0,1,120,60,0,1924895021,8,0,524288000,764972,0,0,0
0,0,1,120,60,0,2108061573,7,0,524288000,764972,0,0,0
0,0,1,120,60,0,74059253,9,0,524288000,764972,0,0,0
0,1,0,30,0,0,399661102,0,2500381,338555606,1317104,1,49922738,75095
0,1,0,30,0,0,1263732197,1,2500381,338555606,1317104,1,49922738,75095
0,1,0,30,0,0,1736889606,3,2500381,338555606,1317104,1,49922738,75095
0,1,0,30,0,0,951749308,2,2500381,338555606,1317104,1,49922738,75095
0,1,0,30,0,0,1044987715,4,2500381,338555606,1317104,1,49922738,75095
0,1,0,30,0,0,1584930775,6,2500381,338555606,1317104,1,49922738,75095
0,1,0,30,0,0,1315144891,5,2500381,338555606,1317104,1,49922738,75095
0,1,0,30,0,0,2032638323,7,2500381,338555606,1317104,1,49922738,75095
0,1,0,30,0,0,1476426754,8,2500381,338555606,1317104,1,49922738,75095
0,1,0,30,2,0,1420737819,0,2500381,338555606,1317104,1,49922738,75095
0,1,0,30,0,0,1827524957,9,2500381,338555606,1317104,1,49922738,75095
0,1,0,30,2,0,1511014697,1,2500381,338555606,1317104,1,49922738,75095
0,1,0,30,2,0,1163577186,3,2500381,338555606,1317104,1,49922738,75095
0,1,0,30,2,0,1948821078,2,2500381,338555606,1317104,1,49922738,75095
0,1,0,30,2,0,1316935719,4,2500381,338555606,1317104,1,49922738,75095
0,1,0,30,2,0,1079770569,5,2500381,338555606,1317104,1,49922738,75095
0,1,0,30,2,0,990153355,6,2500381,338555606,1317104,1,49922738,75095
0,1,0,30,2,0,827143233,8,2500381,338555606,1317104,1,49922738,75095
0,1,0,30,2,0,518213060,7,2500381,338555606,1317104,1,49922738,75095
0,1,0,30,5,0,513483708,0,2500381,338555606,1317104,1,49922738,75095
0,1,0,30,5,0,795212538,1,2500381,338555606,1317104,1,49922738,75095
0,1,0,30,2,0,1355268102,9,2500381,338555606,1317104,1,49922738,75095
0,1,0,30,5,0,929364954,3,2500381,338555606,1317104,1,49922738,75095
0,1,0,30,5,0,822662216,2,2500381,338555606,1317104,1,49922738,75095
0,1,0,30,5,0,2079617090,4,2500381,338555606,1317104,1,49922738,75095
0,1,0,30,5,0,1215470157,6,2500381,338555606,1317104,1,49922738,75095
0,1,0,30,5,0,1187556862,5,2500381,338555606,1317104,1,49922738,75095
0,1,0,30,5,0,431756350,7,2500381,338555606,1317104,1,49922738,75095
0,1,0,30,5,0,1272368870,9,2500381,338555606,1317104,1,49922738,75095
0,1,0,30,5,0,833728665,8,2500381,338555606,1317104,1,49922738,75095
0,1,0,30,10,0,1549972386,1,2500381,338555606,1317104,1,49922738,75095
0,1,0,30,10,0,770695571,2,2500381,338555606,1317104,1,49922738,75095
0,1,0,30,10,0,977032766,0,2500381,338555606,1317104,1,49922738,75095
0,1,0,30,10,0,60766757,4,2500381,338555606,1317104,1,49922738,75095
0,1,0,30,10,0,543669676,5,2500381,338555606,1317104,1,49922738,75095
0,1,0,30,10,0,1178158203,6,2500381,338555606,1317104,1,49922738,75095
0,1,0,30,10,0,1298229437,3,2500381,338555606,1317104,1,49922738,75095
0,1,0,30,10,0,195488441,7,2500381,338555606,1317104,1,49922738,75095
0,1,0,30,10,0,1254717325,9,2500381,338555606,1317104,1,49922738,75095
0,1,0,30,20,0,542366274,0,2500381,338555606,1317104,1,49922738,75095
0,1,0,30,10,0,234187462,8,2500381,338555606,1317104,1,49922738,75095
0,1,0,30,20,0,440610570,2,2500381,338555606,1317104,1,49922738,75095
0,1,0,30,20,0,52679490,3,2500381,338555606,1317104,1,49922738,75095
0,1,0,30,20,0,2108307952,1,2500381,338555606,1317104,1,49922738,75095
0,1,0,30,20,0,1221228113,4,2500381,338555606,1317104,1,49922738,75095
0,1,0,30,20,0,2056061866,6,2500381,338555606,1317104,1,49922738,75095
0,1,0,30,20,0,2016044512,5,2500381,338555606,1317104,1,49922738,75095
0,1,0,30,20,0,791835934,9,2500381,338555606,1317104,1,49922738,75095
0,1,0,30,30,0,220661337,0,2500381,338555606,1317104,1,49922738,75095
0,1,0,30,20,0,1463320861,8,2500381,338555606,1317104,1,49922738,75095
0,1,0,30,20,0,1891799103,7,2500381,338555606,1317104,1,49922738,75095
0,1,0,30,30,0,1084386400,1,2500381,338555606,1317104,1,49922738,75095
0,1,0,30,30,0,2051831252,2,2500381,338555606,1317104,1,49922738,75095
0,1,0,30,30,0,490000526,3,2500381,338555606,1317104,1,49922738,75095
0,1,0,30,30,0,1721025347,5,2500381,338555606,1317104,1,49922738,75095
0,1,0,30,30,0,280647907,4,2500381,338555606,1317104,1,49922738,75095
0,1,0,30,30,0,2112035409,6,2500381,338555606,1317104,1,49922738,75095
0,1,0,30,30,0,230249217,8,2500381,338555606,1317104,1,49922738,75095
0,1,0,30,30,0,651662547,9,2500381,338555606,1317104,1,49922738,75095
0,1,0,30,30,0,318180503,7,2500381,338555606,1317104,1,49922738,75095
0,1,0,60,0,0,640798731,0,500021,304314277,1317104,1,49920690,69633
0,1,0,60,0,0,1304963614,1,500021,304314277,1317104,1,49920690,69633
0,1,0,60,0,0,365849190,2,500021,304314277,1317104,1,49920690,69633
0,1,0,60,0,0,1787453807,5,500021,304314277,1317104,1,49920690,69633
0,1,0,60,0,0,1065972034,3,500021,304314277,1317104,1,49920690,69633
0,1,0,60,0,0,508745584,4,500021,304314277,1317104,1,49920690,69633
0,1,0,60,0,0,1633711193,7,500021,304314277,1317104,1,49920690,69633
0,1,0,60,0,0,969318858,6,500021,304314277,1317104,1,49920690,69633
0,1,0,60,0,0,1901472238,9,500021,304314277,1317104,1,49920690,69633
0,1,0,60,0,0,1934944879,8,500021,304314277,1317104,1,49920690,69633
0,1,0,60,2,0,1841810119,1,500021,304314277,1317104,1,49920690,69633
0,1,0,60,2,0,1277121963,0,500021,304314277,1317104,1,49920690,69633
0,1,0,60,2,0,1311598149,2,500021,304314277,1317104,1,49920690,69633
0,1,0,60,2,0,258687184,3,500021,304314277,1317104,1,49920690,69633
0,1,0,60,2,0,892442253,5,500021,304314277,1317104,1,49920690,69633
0,1,0,60,2,0,906346324,6,500021,304314277,1317104,1,49920690,69633
0,1,0,60,2,0,426204934,4,500021,304314277,1317104,1,49920690,69633
0,1,0,60,2,0,348697524,8,500021,304314277,1317104,1,49920690,69633
0,1,0,60,2,0,674555072,9,500021,304314277,1317104,1,49920690,69633
0,1,0,60,2,0,1136646449,7,500021,304314277,1317104,1,49920690,69633
0,1,0,60,5,0,746523513,1,500021,304314277,1317104,1,49920690,69633
0,1,0,60,5,0,1030213097,0,500021,304314277,1317104,1,49920690,69633
0,1,0,60,5,0,322401182,2,500021,304314277,1317104,1,49920690,69633
0,1,0,60,5,0,672302490,3,500021,304314277,1317104,1,49920690,69633
0,1,0,60,5,0,11492154,4,500021,304314277,1317104,1,49920690,69633
0,1,0,60,5,0,2018258729,7,500021,304314277,1317104,1,49920690,69633
0,1,0,60,5,0,1754569613,5,500021,304314277,1317104,1,49920690,69633
0,1,0,60,5,0,1934898666,6,500021,304314277,1317104,1,49920690,69633
0,1,0,60,5,0,1250949136,8,500021,304314277,1317104,1,49920690,69633
0,1,0,60,5,0,140187131,9,500021,304314277,1317104,1,49920690,69633
0,1,0,60,10,0,1214266162,2,500021,304314277,1317104,1,49920690,69633
0,1,0,60,10,0,994182853,0,500021,304314277,1317104,1,49920690,69633
0,1,0,60,10,0,1237401063,1,500021,304314277,1317104,1,49920690,69633
0,1,0,60,10,0,1950049698,3,500021,304314277,1317104,1,49920690,69633
0,1,0,60,10,0,1002547591,5,500021,304314277,1317104,1,49920690,69633
0,1,0,60,10,0,305714736,4,500021,304314277,1317104,1,49920690,69633
0,1,0,60,10,0,1136253459,6,500021,304314277,1317104,1,49920690,69633
0,1,0,60,10,0,849627058,7,500021,304314277,1317104,1,49920690,69633
0,1,0,60,10,0,492960451,9,500021,304314277,1317104,1,49920690,69633
0,1,0,60,10,0,1825957977,8,500021,304314277,1317104,1,49920690,69633
0,1,0,60,20,0,639904576,1,500021,304314277,1317104,1,49920690,69633
0,1,0,60,20,0,965549222,0,500021,304314277,1317104,1,49920690,69633
0,1,0,60,20,0,610900200,3,500021,304314277,1317104,1,49920690,69633
0,1,0,60,20,0,1140882778,2,500021,304314277,1317104,1,49920690,69633
0,1,0,60,20,0,256143439,5,500021,304314277,1317104,1,49920690,69633
0,1,0,60,20,0,712632936,6,500021,304314277,1317104,1,49920690,69633
0,1,0,60,20,0,306702926,4,500021,304314277,1317104,1,49920690,69633
0,1,0,60,20,0,1321182659,7,500021,304314277,1317104,1,49920690,69633
0,1,0,60,20,0,1239573053,8,500021,304314277,1317104,1,49920690,69633
0,1,0,60,30,0,534094883,0,500021,304314277,1317104,1,49920690,69633
0,1,0,60,20,0,1886149718,9,500021,304314277,1317104,1,49920690,69633
0,1,0,60,30,0,2013042435,1,500021,304314277,1317104,1,49920690,69633
0,1,0,60,30,0,1728760924,3,500021,304314277,1317104,1,49920690,69633
0,1,0,60,30,0,1169288485,4,500021,304314277,1317104,1,49920690,69633
0,1,0,60,30,0,1306061701,2,500021,304314277,1317104,1,49920690,69633
0,1,0,60,30,0,2120834317,5,500021,304314277,1317104,1,49920690,69633
0,1,0,60,30,0,345495128,7,500021,304314277,1317104,1,49920690,69633
0,1,0,60,30,0,1880160025,6,500021,304314277,1317104,1,49920690,69633
0,1,0,60,30,0,171200764,8,500021,304314277,1317104,1,49920690,69633
0,1,0,60,30,0,1855548990,9,500021,304314277,1317104,1,49920690,69633
0,1,0,60,60,0,1384360647,0,500021,304314277,1317104,1,49920690,69633
0,1,0,60,60,0,111088881,2,500021,304314277,1317104,1,49920690,69633
0,1,0,60,60,0,983222878,4,500021,304314277,1317104,1,49920690,69633
0,1,0,60,60,0,392245997,3,500021,304314277,1317104,1,49920690,69633
0,1,0,60,60,0,1075321966,1,500021,304314277,1317104,1,49920690,69633
0,1,0,60,60,0,1157541038,6,500021,304314277,1317104,1,49920690,69633
0,1,0,60,60,0,89101055,5,500021,304314277,1317104,1,49920690,69633
0,1,0,60,60,0,172793727,7,500021,304314277,1317104,1,49920690,69633
0,1,0,60,60,0,752438459,8,500021,304314277,1317104,1,49920690,69633
0,1,0,60,60,0,2020785643,9,500021,304314277,1317104,1,49920690,69633
0,1,0,120,0,0,779489931,2,2500287,78772747,1317104,1,4406564,4406564
0,1,0,120,0,0,1899360801,0,2500287,78772747,1317104,1,4406564,4406564
0,1,0,120,0,0,1194673401,1,2500287,78772747,1317104,1,4406564,4406564
0,1,0,120,0,0,1872111746,3,2500287,78772747,1317104,1,4406564,4406564
0,1,0,120,0,0,2111946238,4,2500287,78772747,1317104,1,4406564,4406564
0,1,0,120,0,0,391883149,5,2500287,78772747,1317104,1,4406564,4406564
0,1,0,120,0,0,1753841726,8,2500287,78772747,1317104,1,4406564,4406564
0,1,0,120,0,0,1431548670,9,2500287,78772747,1317104,1,4406564,4406564
0,1,0,120,0,0,2018679284,6,2500287,78772747,1317104,1,4406564,4406564
0,1,0,120,0,0,1494481363,7,2500287,78772747,1317104,1,4406564,4406564
0,1,0,120,2,0,1378934717,0,2500287,78772747,1317104,1,4406564,4406564
0,1,0,120,2,0,449253056,1,2500287,78772747,1317104,1,4406564,4406564
0,1,0,120,2,0,1416495962,3,2500287,78772747,1317104,1,4406564,4406564
0,1,0,120,2,0,690737494,2,2500287,78772747,1317104,1,4406564,4406564
0,1,0,120,2,0,1768002206,4,2500287,78772747,1317104,1,4406564,4406564
0,1,0,120,2,0,1237886015,6,2500287,78772747,1317104,1,4406564,4406564
0,1,0,120,2,0,2128023255,5,2500287,78772747,1317104,1,4406564,4406564
0,1,0,120,2,0,157612991,8,2500287,78772747,1317104,1,4406564,4406564
0,1,0,120,2,0,1719929315,7,2500287,78772747,1317104,1,4406564,4406564
0,1,0,120,2,0,1953462417,9,2500287,78772747,1317104,1,4406564,4406564
0,1,0,120,5,0,378213925,0,2500287,78772747,1317104,1,4406564,4406564
0,1,0,120,5,0,1350840898,1,2500287,78772747,1317104,1,4406564,4406564
0,1,0,120,5,0,1084044802,2,2500287,78772747,1317104,1,4406564,4406564
0,1,0,120,5,0,497879474,4,2500287,78772747,1317104,1,4406564,4406564
0,1,0,120,5,0,1388450337,3,2500287,78772747,1317104,1,4406564,4406564
0,1,0,120,5,0,1735918651,5,2500287,78772747,1317104,1,4406564,4406564
0,1,0,120,5,0,4943787,6,2500287,78772747,1317104,1,4406564,4406564
0,1,0,120,10,0,805660882,0,2500287,78772747,1317104,1,4406564,4406564
0,1,0,120,5,0,232804774,9,2500287,78772747,1317104,1,4406564,4406564
0,1,0,120,10,0,1553830525,1,2500287,78772747,1317104,1,4406564,4406564
0,1,0,120,5,0,1984173309,7,2500287,78772747,1317104,1,4406564,4406564
0,1,0,120,10,0,2141011556,2,2500287,78772747,1317104,1,4406564,4406564
0,1,0,120,5,0,1774884818,8,2500287,78772747,1317104,1,4406564,4406564
0,1,0,120,10,0,1898551433,3,2500287,78772747,1317104,1,4406564,4406564
0,1,0,120,10,0,874275988,5,2500287,78772747,1317104,1,4406564,4406564
0,1,0,120,10,0,221670908,4,2500287,78772747,1317104,1,4406564,4406564
0,1,0,120,10,0,1237075775,8,2500287,78772747,1317104,1,4406564,4406564
0,1,0,120,10,0,1146997816,6,2500287,78772747,1317104,1,4406564,4406564
0,1,0,120,10,0,562697526,7,2500287,78772747,1317104,1,4406564,4406564
0,1,0,120,20,0,521521078,1,2500287,78772747,1317104,1,4406564,4406564
0,1,0,120,20,0,123993296,2,2500287,78772747,1317104,1,4406564,4406564
0,1,0,120,10,0,1881694278,9,2500287,78772747,1317104,1,4406564,4406564
0,1,0,120,20,0,1027774780,3,2500287,78772747,1317104,1,4406564,4406564
0,1,0,120,20,0,2081821325,0,2500287,78772747,1317104,1,4406564,4406564
0,1,0,120,20,0,680229045,4,2500287,78772747,1317104,1,4406564,4406564
0,1,0,120,20,0,1752306681,7,2500287,78772747,1317104,1,4406564,4406564
0,1,0,120,20,0,58731376,6,2500287,78772747,1317104,1,4406564,4406564
0,1,0,120,20,0,400330495,8,2500287,78772747,1317104,1,4406564,4406564
0,1,0,120,20,0,1334661688,5,2500287,78772747,1317104,1,4406564,4406564
0,1,0,120,20,0,965081954,9,2500287,78772747,1317104,1,4406564,4406564
0,1,0,120,30,0,487311805,0,2500287,78772747,1317104,1,4406564,4406564
0,1,0,120,30,0,1981903597,1,2500287,78772747,1317104,1,4406564,4406564
0,1,0,120,30,0,504513251,2,2500287,78772747,1317104,1,4406564,4406564
0,1,0,120,30,0,2140506492,4,2500287,78772747,1317104,1,4406564,4406564
0,1,0,120,30,0,661300942,3,2500287,78772747,1317104,1,4406564,4406564
0,1,0,120,30,0,1174350979,6,2500287,78772747,1317104,1,4406564,4406564
0,1,0,120,30,0,1253535854,5,2500287,78772747,1317104,1,4406564,4406564
0,1,0,120,30,0,1784517419,7,2500287,78772747,1317104,1,4406564,4406564
0,1,0,120,30,0,2072319898,8,2500287,78772747,1317104,1,4406564,4406564
0,1,0,120,60,0,1046816259,0,2500287,78772747,1317104,1,4406564,4406564
0,1,0,120,60,0,621232513,2,2500287,78772747,1317104,1,4406564,4406564
0,1,0,120,30,0,2028168523,9,2500287,78772747,1317104,1,4406564,4406564
0,1,0,120,60,0,1647489402,3,2500287,78772747,1317104,1,4406564,4406564
0,1,0,120,60,0,1961882949,1,2500287,78772747,1317104,1,4406564,4406564
0,1,0,120,60,0,818665301,4,2500287,78772747,1317104,1,4406564,4406564
0,1,0,120,60,0,586298866,5,2500287,78772747,1317104,1,4406564,4406564
0,1,0,120,60,0,299832023,6,2500287,78772747,1317104,1,4406564,4406564
0,1,2,30,0,0,11017705,1,1501206,62748234,1317104,1,10163802,2750770
0,1,2,30,0,0,1147497835,0,1501206,62748234,1317104,1,10163802,2750770
0,1,0,120,60,0,1186473561,7,2500287,78772747,1317104,1,4406564,4406564
0,1,0,120,60,0,1782164134,8,2500287,78772747,1317104,1,4406564,4406564
0,1,2,30,0,0,1214784185,2,1501206,62748234,1317104,1,10163802,2750770
0,1,2,30,0,0,2102989254,4,1501206,62748234,1317104,1,10163802,2750770
0,1,0,120,60,0,1459753033,9,2500287,78772747,1317104,1,4406564,4406564
0,1,2,30,0,0,1282287615,3,1501206,62748234,1317104,1,10163802,2750770
0,1,2,30,0,0,638212450,5,1501206,62748234,1317104,1,10163802,2750770
0,1,2,30,0,0,1917906456,6,1501206,62748234,1317104,1,10163802,2750770
0,1,2,30,0,0,1482296058,8,1501206,62748234,1317104,1,10163802,2750770
0,1,2,30,0,0,2080230418,7,1501206,62748234,1317104,1,10163802,2750770
0,1,2,30,2,0,1620104855,0,1501206,62748234,1317104,1,10163802,2750770
0,1,2,30,2,0,1955690228,1,1501206,62748234,1317104,1,10163802,2750770
0,1,2,30,0,0,1427818730,9,1501206,62748234,1317104,1,10163802,2750770
0,1,2,30,2,0,810255760,3,1501206,62748234,1317104,1,10163802,2750770
0,1,2,30,2,0,1025662000,4,1501206,62748234,1317104,1,10163802,2750770
0,1,2,30,2,0,1382023198,2,1501206,62748234,1317104,1,10163802,2750770
0,1,2,30,2,0,1644847276,5,1501206,62748234,1317104,1,10163802,2750770
0,1,2,30,2,0,1764265618,7,1501206,62748234,1317104,1,10163802,2750770
0,1,2,30,2,0,1003143045,6,1501206,62748234,1317104,1,10163802,2750770
0,1,2,30,2,0,1366556920,9,1501206,62748234,1317104,1,10163802,2750770
0,1,2,30,5,0,2031417512,0,1501206,62748234,1317104,1,10163802,2750770
0,1,2,30,5,0,1637375316,1,1501206,62748234,1317104,1,10163802,2750770
0,1,2,30,2,0,187463722,8,1501206,62748234,1317104,1,10163802,2750770
0,1,2,30,5,0,1658195603,2,1501206,62748234,1317104,1,10163802,2750770
0,1,2,30,5,0,2127420335,4,1501206,62748234,1317104,1,10163802,2750770
0,1,2,30,5,0,158998032,5,1501206,62748234,1317104,1,10163802,2750770
0,1,2,30,5,0,653287375,3,1501206,62748234,1317104,1,10163802,2750770
0,1,2,30,5,0,542223599,6,1501206,62748234,1317104,1,10163802,2750770
0,1,2,30,5,0,1425906387,7,1501206,62748234,1317104,1,10163802,2750770
0,1,2,30,5,0,1891100776,9,1501206,62748234,1317104,1,10163802,2750770
0,1,2,30,5,0,431062656,8,1501206,62748234,1317104,1,10163802,2750770
0,1,2,30,10,0,1962491159,1,1501206,62748234,1317104,1,10163802,2750770
0,1,2,30,10,0,65917432,2,1501206,62748234,1317104,1,10163802,2750770
0,1,2,30,10,0,619142798,3,1501206,62748234,1317104,1,10163802,2750770
0,1,2,30,10,0,428258482,0,1501206,62748234,1317104,1,10163802,2750770
0,1,2,30,10,0,1760844750,4,1501206,62748234,1317104,1,10163802,2750770
0,1,2,30,10,0,662976399,5,1501206,62748234,1317104,1,10163802,2750770
0,1,2,30,10,0,2016446768,7,1501206,62748234,1317104,1,10163802,2750770
0,1,2,30,10,0,321384892,6,1501206,62748234,1317104,1,10163802,2750770
0,1,2,30,10,0,1454109425,9,1501206,62748234,1317104,1,10163802,2750770
0,1,2,30,10,0,1138264176,8,1501206,62748234,1317104,1,10163802,2750770
0,1,2,30,20,0,1707177877,0,1501206,62748234,1317104,1,10163802,2750770
0,1,2,30,20,0,1632127923,3,1501206,62748234,1317104,1,10163802,2750770
0,1,2,30,20,0,1360049298,4,1501206,62748234,1317104,1,10163802,2750770
0,1,2,30,20,0,2095718469,5,1501206,62748234,1317104,1,10163802,2750770
0,1,2,30,20,0,1411178445,2,1501206,62748234,1317104,1,10163802,2750770
0,1,2,30,20,0,344951668,1,1501206,62748234,1317104,1,10163802,2750770
0,1,2,30,20,0,154185462,6,1501206,62748234,1317104,1,10163802,2750770
0,1,2,30,20,0,1234283419,9,1501206,62748234,1317104,1,10163802,2750770
0,1,2,30,30,0,977046129,0,1501206,62748234,1317104,1,10163802,2750770
0,1,2,30,30,0,1863893256,2,1501206,62748234,1317104,1,10163802,2750770
0,1,2,30,30,0,388176285,1,1501206,62748234,1317104,1,10163802,2750770
0,1,2,30,20,0,293864877,7,1501206,62748234,1317104,1,10163802,2750770
0,1,2,30,20,0,1008330525,8,1501206,62748234,1317104,1,10163802,2750770
0,1,2,30,30,0,422809996,3,1501206,62748234,1317104,1,10163802,2750770
0,1,2,30,30,0,1905584866,5,1501206,62748234,1317104,1,10163802,2750770
0,1,2,30,30,0,1286196999,7,1501206,62748234,1317104,1,10163802,2750770
0,1,2,30,30,0,124327519,8,1501206,62748234,1317104,1,10163802,2750770
0,1,2,30,30,0,431675310,4,1501206,62748234,1317104,1,10163802,2750770
0,1,2,30,30,0,197529702,9,1501206,62748234,1317104,1,10163802,2750770
0,1,2,30,30,0,714531298,6,1501206,62748234,1317104,1,10163802,2750770
0,1,2,60,0,0,1393178591,0,1500926,66458334,1317104,1,10033306,80929
0,1,2,60,0,0,241030242,1,1500926,66458334,1317104,1,10033306,80929
0,1,2,60,0,0,1260005019,2,1500926,66458334,1317104,1,10033306,80929
0,1,2,60,0,0,1609930218,4,1500926,66458334,1317104,1,10033306,80929
0,1,2,60,0,0,1539588337,3,1500926,66458334,1317104,1,10033306,80929
0,1,2,60,0,0,1849785671,5,1500926,66458334,1317104,1,10033306,80929
0,1,2,60,0,0,1048819999,7,1500926,66458334,1317104,1,10033306,80929
0,1,2,60,0,0,625217504,6,1500926,66458334,1317104,1,10033306,80929
0,1,2,60,0,0,1769748771,8,1500926,66458334,1317104,1,10033306,80929
0,1,2,60,0,0,773338452,9,1500926,66458334,1317104,1,10033306,80929
0,1,2,60,2,0,730074215,0,1500926,66458334,1317104,1,10033306,80929
0,1,2,60,2,0,339166473,2,1500926,66458334,1317104,1,10033306,80929
0,1,2,60,2,0,1643015259,3,1500926,66458334,1317104,1,10033306,80929
0,1,2,60,2,0,751917162,1,1500926,66458334,1317104,1,10033306,80929
0,1,2,60,2,0,1034356087,4,1500926,66458334,1317104,1,10033306,80929
0,1,2,60,2,0,2137464556,5,1500926,66458334,1317104,1,10033306,80929
0,1,2,60,2,0,1980623803,8,1500926,66458334,1317104,1,10033306,80929
0,1,2,60,2,0,1090824373,9,1500926,66458334,1317104,1,10033306,80929
0,1,2,60,2,0,997241761,7,1500926,66458334,1317104,1,10033306,80929
0,1,2,60,5,0,1973840257,0,1500926,66458334,1317104,1,10033306,80929
0,1,2,60,2,0,614685938,6,1500926,66458334,1317104,1,10033306,80929
0,1,2,60,5,0,1998247509,3,1500926,66458334,1317104,1,10033306,80929
0,1,2,60,5,0,1235368585,4,1500926,66458334,1317104,1,10033306,80929
0,1,2,60,5,0,40361651,2,1500926,66458334,1317104,1,10033306,80929
0,1,2,60,5,0,678500147,5,1500926,66458334,1317104,1,10033306,80929
0,1,2,60,5,0,1096619850,1,1500926,66458334,1317104,1,10033306,80929
0,1,2,60,5,0,317234448,6,1500926,66458334,1317104,1,10033306,80929
0,1,2,60,5,0,1484193033,8,1500926,66458334,1317104,1,10033306,80929
0,1,2,60,5,0,1897214963,7,1500926,66458334,1317104,1,10033306,80929
0,1,2,60,5,0,1284857706,9,1500926,66458334,1317104,1,10033306,80929
0,1,2,60,10,0,1822393017,0,1500926,66458334,1317104,1,10033306,80929
0,1,2,60,10,0,1962094851,2,1500926,66458334,1317104,1,10033306,80929
0,1,2,60,10,0,1074163698,1,1500926,66458334,1317104,1,10033306,80929
0,1,2,60,10,0,1297602688,3,1500926,66458334,1317104,1,10033306,80929
0,1,2,60,10,0,855630484,4,1500926,66458334,1317104,1,10033306,80929
0,1,2,60,10,0,2075362821,6,1500926,66458334,1317104,1,10033306,80929
0,1,2,60,10,0,1652244897,5,1500926,66458334,1317104,1,10033306,80929
0,1,2,60,10,0,458072318,7,1500926,66458334,1317104,1,10033306,80929
0,1,2,60,10,0,1637947177,9,1500926,66458334,1317104,1,10033306,80929
0,1,2,60,10,0,1018790736,8,1500926,66458334,1317104,1,10033306,80929
0,1,2,60,20,0,1541717841,0,1500926,66458334,1317104,1,10033306,80929
0,1,2,60,20,0,1270762239,1,1500926,66458334,1317104,1,10033306,80929
0,1,2,60,20,0,1268006448,2,1500926,66458334,1317104,1,10033306,80929
0,1,2,60,20,0,1699972733,4,1500926,66458334,1317104,1,10033306,80929
0,1,2,60,20,0,94229853,3,1500926,66458334,1317104,1,10033306,80929
0,1,2,60,20,0,34780500,6,1500926,66458334,1317104,1,10033306,80929
0,1,2,60,20,0,210643427,7,1500926,66458334,1317104,1,10033306,80929
0,1,2,60,20,0,1178884276,5,1500926,66458334,1317104,1,10033306,80929
0,1,2,60,20,0,1229194523,9,1500926,66458334,1317104,1,10033306,80929
0,1,2,60,30,0,988350974,0,1500926,66458334,1317104,1,10033306,80929
0,1,2,60,20,0,2133427445,8,1500926,66458334,1317104,1,10033306,80929
0,1,2,60,30,0,940617318,2,1500926,66458334,1317104,1,10033306,80929
0,1,2,60,30,0,816610683,3,1500926,66458334,1317104,1,10033306,80929
0,1,2,60,30,0,1513206988,1,1500926,66458334,1317104,1,10033306,80929
0,1,2,60,30,0,417315900,6,1500926,66458334,1317104,1,10033306,80929
0,1,2,60,30,0,1076433900,4,1500926,66458334,1317104,1,10033306,80929
0,1,2,60,30,0,587462342,5,1500926,66458334,1317104,1,10033306,80929
0,1,2,60,30,0,1326856608,8,1500926,66458334,1317104,1,10033306,80929
0,1,2,60,30,0,169318686,7,1500926,66458334,1317104,1,10033306,80929
0,1,2,60,60,0,143299564,0,1500926,66458334,1317104,1,10033306,80929
0,1,2,60,60,0,1567067057,1,1500926,66458334,1317104,1,10033306,80929
0,1,2,60,30,0,1893321208,9,1500926,66458334,1317104,1,10033306,80929
0,1,2,60,60,0,564409423,2,1500926,66458334,1317104,1,10033306,80929
0,1,2,60,60,0,387119894,3,1500926,66458334,1317104,1,10033306,80929
0,1,2,60,60,0,1403247962,5,1500926,66458334,1317104,1,10033306,80929
0,1,2,60,60,0,1267489756,4,1500926,66458334,1317104,1,10033306,80929
0,1,2,60,60,0,1784572192,6,1500926,66458334,1317104,1,10033306,80929
0,1,2,60,60,0,754368373,7,1500926,66458334,1317104,1,10033306,80929
0,1,2,60,60,0,862407093,8,1500926,66458334,1317104,1,10033306,80929
0,1,2,60,60,0,567622001,9,1500926,66458334,1317104,1,10033306,80929
0,1,2,120,0,0,706712922,2,8503423,64277752,1317104,1,10037641,78570
0,1,2,120,0,0,1571346130,0,8503423,64277752,1317104,1,10037641,78570
0,1,2,120,0,0,1103678092,3,8503423,64277752,1317104,1,10037641,78570
0,1,2,120,0,0,1170496062,1,8503423,64277752,1317104,1,10037641,78570
0,1,2,120,0,0,1267622868,5,8503423,64277752,1317104,1,10037641,78570
0,1,2,120,0,0,2069520666,4,8503423,64277752,1317104,1,10037641,78570
0,1,2,120,0,0,2011467975,8,8503423,64277752,1317104,1,10037641,78570
0,1,2,120,0,0,494650131,7,8503423,64277752,1317104,1,10037641,78570
0,1,2,120,0,0,1454770940,6,8503423,64277752,1317104,1,10037641,78570
0,1,2,120,0,0,323408297,9,8503423,64277752,1317104,1,10037641,78570
0,1,2,120,2,0,604546780,0,8503423,64277752,1317104,1,10037641,78570
0,1,2,120,2,0,1570991899,3,8503423,64277752,1317104,1,10037641,78570
0,1,2,120,2,0,387847884,4,8503423,64277752,1317104,1,10037641,78570
0,1,2,120,2,0,969007714,1,8503423,64277752,1317104,1,10037641,78570
0,1,2,120,2,0,1694684834,5,8503423,64277752,1317104,1,10037641,78570
0,1,2,120,2,0,1706869362,2,8503423,64277752,1317104,1,10037641,78570
0,1,2,120,2,0,59780189,6,8503423,64277752,1317104,1,10037641,78570
0,1,2,120,2,0,1135840948,7,8503423,64277752,1317104,1,10037641,78570
0,1,2,120,2,0,530809576,8,8503423,64277752,1317104,1,10037641,78570
0,1,2,120,2,0,1953291127,9,8503423,64277752,1317104,1,10037641,78570
0,1,2,120,5,0,1583063357,0,8503423,64277752,1317104,1,10037641,78570
0,1,2,120,5,0,1125974687,1,8503423,64277752,1317104,1,10037641,78570
0,1,2,120,5,0,1636492037,2,8503423,64277752,1317104,1,10037641,78570
0,1,2,120,5,0,465342967,4,8503423,64277752,1317104,1,10037641,78570
0,1,2,120,5,0,1595467139,3,8503423,64277752,1317104,1,10037641,78570
0,1,2,120,5,0,1004257438,5,8503423,64277752,1317104,1,10037641,78570
0,1,2,120,5,0,2024977737,6,8503423,64277752,1317104,1,10037641,78570
0,1,2,120,5,0,950764876,9,8503423,64277752,1317104,1,10037641,78570
0,1,2,120,5,0,107480046,7,8503423,64277752,1317104,1,10037641,78570
0,1,2,120,5,0,1408776235,8,8503423,64277752,1317104,1,10037641,78570
0,1,2,120,10,0,1994013856,1,8503423,64277752,1317104,1,10037641,78570
0,1,2,120,10,0,271515109,0,8503423,64277752,1317104,1,10037641,78570
0,1,2,120,10,0,1297896903,2,8503423,64277752,1317104,1,10037641,78570
0,1,2,120,10,0,600337712,5,8503423,64277752,1317104,1,10037641,78570
0,1,2,120,10,0,1753617371,3,8503423,64277752,1317104,1,10037641,78570
0,1,2,120,10,0,501119337,4,8503423,64277752,1317104,1,10037641,78570
0,1,2,120,10,0,194763060,6,8503423,64277752,1317104,1,10037641,78570
0,1,2,120,10,0,159824875,7,8503423,64277752,1317104,1,10037641,78570
0,1,2,120,10,0,1307235909,8,8503423,64277752,1317104,1,10037641,78570
0,1,2,120,10,0,2115806625,9,8503423,64277752,1317104,1,10037641,78570
0,1,2,120,20,0,498733671,0,8503423,64277752,1317104,1,10037641,78570
0,1,2,120,20,0,417436465,1,8503423,64277752,1317104,1,10037641,78570
0,1,2,120,20,0,1008458444,2,8503423,64277752,1317104,1,10037641,78570
0,1,2,120,20,0,1669221121,4,8503423,64277752,1317104,1,10037641,78570
0,1,2,120,20,0,1593482331,6,8503423,64277752,1317104,1,10037641,78570
0,1,2,120,20,0,582672654,3,8503423,64277752,1317104,1,10037641,78570
0,1,2,120,20,0,663670797,8,8503423,64277752,1317104,1,10037641,78570
0,1,2,120,20,0,1800135697,7,8503423,64277752,1317104,1,10037641,78570
0,1,2,120,20,0,1948385094,5,8503423,64277752,1317104,1,10037641,78570
0,1,2,120,20,0,1781915481,9,8503423,64277752,1317104,1,10037641,78570
0,1,2,120,30,0,2101729519,1,8503423,64277752,1317104,1,10037641,78570
0,1,2,120,30,0,1752844368,2,8503423,64277752,1317104,1,10037641,78570
0,1,2,120,30,0,140515379,4,8503423,64277752,1317104,1,10037641,78570
0,1,2,120,30,0,425294682,0,8503423,64277752,1317104,1,10037641,78570
0,1,2,120,30,0,1201474778,3,8503423,64277752,1317104,1,10037641,78570
0,1,2,120,30,0,1591414076,5,8503423,64277752,1317104,1,10037641,78570
0,1,2,120,30,0,1904315855,7,8503423,64277752,1317104,1,10037641,78570
0,1,2,120,30,0,933166190,6,8503423,64277752,1317104,1,10037641,78570
0,1,2,120,30,0,1014096062,9,8503423,64277752,1317104,1,10037641,78570
0,1,2,120,30,0,1909954149,8,8503423,64277752,1317104,1,10037641,78570
0,1,2,120,60,0,426724858,1,8503423,64277752,1317104,1,10037641,78570
0,1,2,120,60,0,1557724698,0,8503423,64277752,1317104,1,10037641,78570
0,1,2,120,60,0,1577691630,2,8503423,64277752,1317104,1,10037641,78570
0,1,2,120,60,0,260060661,4,8503423,64277752,1317104,1,10037641,78570
0,1,2,120,60,0,1709996749,5,8503423,64277752,1317104,1,10037641,78570
0,1,2,120,60,0,1540492440,3,8503423,64277752,1317104,1,10037641,78570
0,1,2,120,60,0,1184901787,6,8503423,64277752,1317104,1,10037641,78570
0,1,2,120,60,0,524671997,8,8503423,64277752,1317104,1,10037641,78570
0,2,1,30,0,0,393734347,0,1500256,204432841,1638720,1,30237499,155650
0,2,1,30,0,0,910987546,1,1500256,204432841,1638720,1,30237499,155650
0,1,2,120,60,0,815221547,7,8503423,64277752,1317104,1,10037641,78570
0,2,1,30,0,0,91729577,2,1500256,204432841,1638720,1,30237499,155650
0,1,2,120,60,0,1952996248,9,8503423,64277752,1317104,1,10037641,78570
0,2,1,30,0,0,1046120419,5,1500256,204432841,1638720,1,30237499,155650
0,2,1,30,0,0,540838949,6,1500256,204432841,1638720,1,30237499,155650
0,2,1,30,0,0,1432410914,4,1500256,204432841,1638720,1,30237499,155650
0,2,1,30,0,0,881351238,7,1500256,204432841,1638720,1,30237499,155650
0,2,1,30,0,0,217233051,3,1500256,204432841,1638720,1,30237499,155650
0,2,1,30,2,0,927503999,0,1500256,204432841,1638720,1,30237499,155650
0,2,1,30,2,0,1411152518,2,1500256,204432841,1638720,1,30237499,155650
0,2,1,30,0,0,889734128,9,1500256,204432841,1638720,1,30237499,155650
0,2,1,30,2,0,1000721711,1,1500256,204432841,1638720,1,30237499,155650
0,2,1,30,0,0,294678352,8,1500256,204432841,1638720,1,30237499,155650
0,2,1,30,2,0,633740357,3,1500256,204432841,1638720,1,30237499,155650
0,2,1,30,2,0,1190886387,5,1500256,204432841,1638720,1,30237499,155650
0,2,1,30,2,0,621430136,6,1500256,204432841,1638720,1,30237499,155650
0,2,1,30,2,0,558311957,7,1500256,204432841,1638720,1,30237499,155650
0,2,1,30,2,0,1076551580,8,1500256,204432841,1638720,1,30237499,155650
0,2,1,30,2,0,12178595,4,1500256,204432841,1638720,1,30237499,155650
0,2,1,30,5,0,472130062,0,1500256,204432841,1638720,1,30237499,155650
0,2,1,30,2,0,749459431,9,1500256,204432841,1638720,1,30237499,155650
0,2,1,30,5,0,110724913,1,1500256,204432841,1638720,1,30237499,155650
0,2,1,30,5,0,63824611,3,1500256,204432841,1638720,1,30237499,155650
0,2,1,30,5,0,566090561,2,1500256,204432841,1638720,1,30237499,155650
0,2,1,30,5,0,1538638860,4,1500256,204432841,1638720,1,30237499,155650
0,2,1,30,5,0,1021908455,5,1500256,204432841,1638720,1,30237499,155650
0,2,1,30,5,0,67779246,7,1500256,204432841,1638720,1,30237499,155650
0,2,1,30,5,0,1390587865,6,1500256,204432841,1638720,1,30237499,155650
0,2,1,30,5,0,748381742,8,1500256,204432841,1638720,1,30237499,155650
0,2,1,30,5,0,1139744790,9,1500256,204432841,1638720,1,30237499,155650
0,2,1,30,10,0,225052083,0,1500256,204432841,1638720,1,30237499,155650
0,2,1,30,10,0,544423789,1,1500256,204432841,1638720,1,30237499,155650
0,2,1,30,10,0,272979685,4,1500256,204432841,1638720,1,30237499,155650
0,2,1,30,10,0,1808011838,2,1500256,204432841,1638720,1,30237499,155650
0,2,1,30,10,0,488120041,3,1500256,204432841,1638720,1,30237499,155650
0,2,1,30,10,0,1925327382,6,1500256,204432841,1638720,1,30237499,155650
0,2,1,30,10,0,2045460840,5,1500256,204432841,1638720,1,30237499,155650
0,2,1,30,10,0,1554945552,7,1500256,204432841,1638720,1,30237499,155650
0,2,1,30,10,0,1941348507,9,1500256,204432841,1638720,1,30237499,155650
0,2,1,30,20,0,186251406,1,1500256,204432841,1638720,1,30237499,155650
0,2,1,30,10,0,468383404,8,1500256,204432841,1638720,1,30237499,155650
0,2,1,30,20,0,951548935,0,1500256,204432841,1638720,1,30237499,155650
0,2,1,30,20,0,1967277638,3,1500256,204432841,1638720,1,30237499,155650
0,2,1,30,20,0,1295492409,2,1500256,204432841,1638720,1,30237499,155650
0,2,1,30,20,0,133790981,4,1500256,204432841,1638720,1,30237499,155650
0,2,1,30,20,0,2057211631,6,1500256,204432841,1638720,1,30237499,155650
0,2,1,30,20,0,261243105,5,1500256,204432841,1638720,1,30237499,155650
0,2,1,30,20,0,463692519,9,1500256,204432841,1638720,1,30237499,155650
0,2,1,30,20,0,1724932977,7,1500256,204432841,1638720,1,30237499,155650
0,2,1,30,20,0,1830831254,8,1500256,204432841,1638720,1,30237499,155650
0,2,1,30,30,0,2105688676,0,1500256,204432841,1638720,1,30237499,155650
0,2,1,30,30,0,1905085701,1,1500256,204432841,1638720,1,30237499,155650
0,2,1,30,30,0,315640205,2,1500256,204432841,1638720,1,30237499,155650
0,2,1,30,30,0,1383459732,4,1500256,204432841,1638720,1,30237499,155650
0,2,1,30,30,0,282103057,6,1500256,204432841,1638720,1,30237499,155650
0,2,1,30,30,0,541988748,7,1500256,204432841,1638720,1,30237499,155650
0,2,1,30,30,0,1181184718,8,1500256,204432841,1638720,1,30237499,155650
0,2,1,30,30,0,346992476,3,1500256,204432841,1638720,1,30237499,155650
0,2,1,30,30,0,637088959,5,1500256,204432841,1638720,1,30237499,155650
0,2,1,60,0,0,1635971911,0,2500150,204926277,1638720,1,30223438,123977
0,2,1,60,0,0,1847692041,3,2500150,204926277,1638720,1,30223438,123977
0,2,1,30,30,0,1396660850,9,1500256,204432841,1638720,1,30237499,155650
0,2,1,60,0,0,1948692883,2,2500150,204926277,1638720,1,30223438,123977
0,2,1,60,0,0,425968237,4,2500150,204926277,1638720,1,30223438,123977
0,2,1,60,0,0,1266576188,1,2500150,204926277,1638720,1,30223438,123977
0,2,1,60,0,0,491404673,5,2500150,204926277,1638720,1,30223438,123977
0,2,1,60,0,0,923517027,6,2500150,204926277,1638720,1,30223438,123977
0,2,1,60,0,0,1939413575,8,2500150,204926277,1638720,1,30223438,123977
0,2,1,60,0,0,981372436,9,2500150,204926277,1638720,1,30223438,123977
0,2,1,60,2,0,1777315761,0,2500150,204926277,1638720,1,30223438,123977
0,2,1,60,0,0,1847136322,7,2500150,204926277,1638720,1,30223438,123977
0,2,1,60,2,0,1947762953,2,2500150,204926277,1638720,1,30223438,123977
0,2,1,60,2,0,1786661942,4,2500150,204926277,1638720,1,30223438,123977
0,2,1,60,2,0,1712533097,3,2500150,204926277,1638720,1,30223438,123977
0,2,1,60,2,0,408390575,5,2500150,204926277,1638720,1,30223438,123977
0,2,1,60,2,0,1455700196,1,2500150,204926277,1638720,1,30223438,123977
0,2,1,60,2,0,1342384949,6,2500150,204926277,1638720,1,30223438,123977
0,2,1,60,2,0,1342278523,8,2500150,204926277,1638720,1,30223438,123977
0,2,1,60,2,0,1832937460,7,2500150,204926277,1638720,1,30223438,123977
0,2,1,60,5,0,1607610633,0,2500150,204926277,1638720,1,30223438,123977
0,2,1,60,5,0,655579180,1,2500150,204926277,1638720,1,30223438,123977
0,2,1,60,2,0,1094743340,9,2500150,204926277,1638720,1,30223438,123977
0,2,1,60,5,0,2036965074,2,2500150,204926277,1638720,1,30223438,123977
0,2,1,60,5,0,288335378,3,2500150,204926277,1638720,1,30223438,123977
0,2,1,60,5,0,391807468,4,2500150,204926277,1638720,1,30223438,123977
0,2,1,60,5,0,1854895521,7,2500150,204926277,1638720,1,30223438,123977
0,2,1,60,5,0,366637148,5,2500150,204926277,1638720,1,30223438,123977
0,2,1,60,5,0,414741061,8,2500150,204926277,1638720,1,30223438,123977
0,2,1,60,5,0,400420225,6,2500150,204926277,1638720,1,30223438,123977
0,2,1,60,5,0,1600506062,9,2500150,204926277,1638720,1,30223438,123977
0,2,1,60,10,0,558841618,0,2500150,204926277,1638720,1,30223438,123977
0,2,1,60,10,0,1764409657,4,2500150,204926277,1638720,1,30223438,123977
0,2,1,60,10,0,524979361,3,2500150,204926277,1638720,1,30223438,123977
0,2,1,60,10,0,1415818695,2,2500150,204926277,1638720,1,30223438,123977
0,2,1,60,10,0,257616339,1,2500150,204926277,1638720,1,30223438,123977
0,2,1,60,10,0,1518692176,5,2500150,204926277,1638720,1,30223438,123977
0,2,1,60,20,0,1510308881,0,2500150,204926277,1638720,1,30223438,123977
0,2,1,60,10,0,220959215,7,2500150,204926277,1638720,1,30223438,123977
0,2,1,60,10,0,1341957809,9,2500150,204926277,1638720,1,30223438,123977
0,2,1,60,10,0,1816499958,6,2500150,204926277,1638720,1,30223438,123977
0,2,1,60,10,0,1235358894,8,2500150,204926277,1638720,1,30223438,123977
0,2,1,60,20,0,444961037,1,2500150,204926277,1638720,1,30223438,123977
0,2,1,60,20,0,2070987704,4,2500150,204926277,1638720,1,30223438,123977
0,2,1,60,20,0,664561034,3,2500150,204926277,1638720,1,30223438,123977
0,2,1,60,20,0,913706213,2,2500150,204926277,1638720,1,30223438,123977
0,2,1,60,20,0,963124353,5,2500150,204926277,1638720,1,30223438,123977
0,2,1,60,20,0,464794418,6,2500150,204926277,1638720,1,30223438,123977
0,2,1,60,20,0,1503728142,7,2500150,204926277,1638720,1,30223438,123977
0,2,1,60,20,0,493428666,9,2500150,204926277,1638720,1,30223438,123977
0,2,1,60,20,0,1578662692,8,2500150,204926277,1638720,1,30223438,123977
0,2,1,60,30,0,1196441373,0,2500150,204926277,1638720,1,30223438,123977
0,2,1,60,30,0,1843023757,2,2500150,204926277,1638720,1,30223438,123977
0,2,1,60,30,0,112759345,3,2500150,204926277,1638720,1,30223438,123977
0,2,1,60,30,0,971345904,1,2500150,204926277,1638720,1,30223438,123977
0,2,1,60,30,0,124352982,5,2500150,204926277,1638720,1,30223438,123977
0,2,1,60,30,0,1148679234,4,2500150,204926277,1638720,1,30223438,123977
0,2,1,60,30,0,1173687378,7,2500150,204926277,1638720,1,30223438,123977
0,2,1,60,30,0,774881143,6,2500150,204926277,1638720,1,30223438,123977
0,2,1,60,30,0,1459535801,9,2500150,204926277,1638720,1,30223438,123977
0,2,1,60,30,0,1327079104,8,2500150,204926277,1638720,1,30223438,123977
0,2,1,60,60,0,1507634128,0,2500150,204926277,1638720,1,30223438,123977
0,2,1,60,60,0,26224160,1,2500150,204926277,1638720,1,30223438,123977
0,2,1,60,60,0,615260464,3,2500150,204926277,1638720,1,30223438,123977
0,2,1,60,60,0,779130936,2,2500150,204926277,1638720,1,30223438,123977
0,2,1,60,60,0,1721355673,4,2500150,204926277,1638720,1,30223438,123977
0,2,1,60,60,0,298867122,5,2500150,204926277,1638720,1,30223438,123977
0,2,1,60,60,0,609346980,6,2500150,204926277,1638720,1,30223438,123977
0,2,1,60,60,0,131671246,7,2500150,204926277,1638720,1,30223438,123977
0,2,1,60,60,0,923988689,9,2500150,204926277,1638720,1,30223438,123977
0,2,1,120,0,0,1615742667,0,1500658,204262704,1638720,1,30230309,142041
0,2,1,60,60,0,394096254,8,2500150,204926277,1638720,1,30223438,123977
0,2,1,120,0,0,1948393831,2,1500658,204262704,1638720,1,30230309,142041
0,2,1,120,0,0,1803166816,1,1500658,204262704,1638720,1,30230309,142041
0,2,1,120,0,0,676067682,4,1500658,204262704,1638720,1,30230309,142041
0,2,1,120,0,0,1464137110,3,1500658,204262704,1638720,1,30230309,142041
0,2,1,120,0,0,1589365925,5,1500658,204262704,1638720,1,30230309,142041
0,2,1,120,0,0,1338472296,6,1500658,204262704,1638720,1,30230309,142041
0,2,1,120,0,0,1393213895,7,1500658,204262704,1638720,1,30230309,142041
0,2,1,120,0,0,364887703,8,1500658,204262704,1638720,1,30230309,142041
0,2,1,120,0,0,225953184,9,1500658,204262704,1638720,1,30230309,142041
0,2,1,120,2,0,668210614,0,1500658,204262704,1638720,1,30230309,142041
0,2,1,120,2,0,676070354,1,1500658,204262704,1638720,1,30230309,142041
0,2,1,120,2,0,350389989,3,1500658,204262704,1638720,1,30230309,142041
0,2,1,120,2,0,213728259,2,1500658,204262704,1638720,1,30230309,142041
0,2,1,120,2,0,1821129578,6,1500658,204262704,1638720,1,30230309,142041
0,2,1,120,2,0,2085901151,7,1500658,204262704,1638720,1,30230309,142041
0,2,1,120,2,0,1903155722,5,1500658,204262704,1638720,1,30230309,142041
0,2,1,120,2,0,1168672809,4,1500658,204262704,1638720,1,30230309,142041
0,2,1,120,2,0,1898565319,8,1500658,204262704,1638720,1,30230309,142041
0,2,1,120,2,0,1778905619,9,1500658,204262704,1638720,1,30230309,142041
0,2,1,120,5,0,925861658,1,1500658,204262704,1638720,1,30230309,142041
0,2,1,120,5,0,1173242669,0,1500658,204262704,1638720,1,30230309,142041
0,2,1,120,5,0,488842470,2,1500658,204262704,1638720,1,30230309,142041
0,2,1,120,5,0,1216534332,6,1500658,204262704,1638720,1,30230309,142041
0,2,1,120,5,0,1482506118,3,1500658,204262704,1638720,1,30230309,142041
0,2,1,120,5,0,476267947,5,1500658,204262704,1638720,1,30230309,142041
0,2,1,120,5,0,1846465000,4,1500658,204262704,1638720,1,30230309,142041
0,2,1,120,5,0,1324651201,8,1500658,204262704,1638720,1,30230309,142041
0,2,1,120,5,0,2090071756,7,1500658,204262704,1638720,1,30230309,142041
0,2,1,120,10,0,1697643337,1,1500658,204262704,1638720,1,30230309,142041
0,2,1,120,10,0,33015788,3,1500658,204262704,1638720,1,30230309,142041
0,2,1,120,10,0,235286733,2,1500658,204262704,1638720,1,30230309,142041
0,2,1,120,10,0,947119487,0,1500658,204262704,1638720,1,30230309,142041
0,2,1,120,5,0,195066088,9,1500658,204262704,1638720,1,30230309,142041
0,2,1,120,10,0,877990647,4,1500658,204262704,1638720,1,30230309,142041
0,2,1,120,10,0,907243029,6,1500658,204262704,1638720,1,30230309,142041
0,2,1,120,10,0,1097447932,8,1500658,204262704,1638720,1,30230309,142041
0,2,1,120,10,0,589418977,7,1500658,204262704,1638720,1,30230309,142041
0,2,1,120,10,0,1243165953,9,1500658,204262704,1638720,1,30230309,142041
0,2,1,120,10,0,1294586283,5,1500658,204262704,1638720,1,30230309,142041
0,2,1,120,20,0,1409274786,0,1500658,204262704,1638720,1,30230309,142041
0,2,1,120,20,0,515328854,1,1500658,204262704,1638720,1,30230309,142041
0,2,1,120,20,0,33199694,2,1500658,204262704,1638720,1,30230309,142041
0,2,1,120,20,0,2136253713,3,1500658,204262704,1638720,1,30230309,142041
0,2,1,120,20,0,754603440,5,1500658,204262704,1638720,1,30230309,142041
0,2,1,120,20,0,1849649210,4,1500658,204262704,1638720,1,30230309,142041
0,2,1,120,20,0,554848380,6,1500658,204262704,1638720,1,30230309,142041
0,2,1,120,20,0,1521136431,9,1500658,204262704,1638720,1,30230309,142041
0,2,1,120,30,0,309561891,0,1500658,204262704,1638720,1,30230309,142041
0,2,1,120,20,0,1632978535,7,1500658,204262704,1638720,1,30230309,142041
0,2,1,120,20,0,988317990,8,1500658,204262704,1638720,1,30230309,142041
0,2,1,120,30,0,1705407682,1,1500658,204262704,1638720,1,30230309,142041
0,2,1,120,30,0,181686832,2,1500658,204262704,1638720,1,30230309,142041
0,2,1,120,30,0,1873548915,3,1500658,204262704,1638720,1,30230309,142041
0,2,1,120,30,0,80494302,4,1500658,204262704,1638720,1,30230309,142041
0,2,1,120,30,0,1974629461,5,1500658,204262704,1638720,1,30230309,142041
0,2,1,120,30,0,334417350,6,1500658,204262704,1638720,1,30230309,142041
0,2,1,120,30,0,1344585158,7,1500658,204262704,1638720,1,30230309,142041
0,2,1,120,30,0,1843761970,8,1500658,204262704,1638720,1,30230309,142041
0,2,1,120,30,0,1736983049,9,1500658,204262704,1638720,1,30230309,142041
0,2,1,120,60,0,1243458354,1,1500658,204262704,1638720,1,30230309,142041
0,2,1,120,60,0,494665880,2,1500658,204262704,1638720,1,30230309,142041
0,2,1,120,60,0,1739600515,3,1500658,204262704,1638720,1,30230309,142041
0,2,1,120,60,0,1793981895,0,1500658,204262704,1638720,1,30230309,142041
0,2,1,120,60,0,1394868732,5,1500658,204262704,1638720,1,30230309,142041
0,2,1,120,60,0,89578218,4,1500658,204262704,1638720,1,30230309,142041
0,2,1,120,60,0,738189691,6,1500658,204262704,1638720,1,30230309,142041
0,2,1,120,60,0,1976101133,7,1500658,204262704,1638720,1,30230309,142041
0,2,1,120,60,0,378514962,9,1500658,204262704,1638720,1,30230309,142041
0,2,1,120,60,0,1554145481,8,1500658,204262704,1638720,1,30230309,142041
2,0,2,30,0,0,1875662813,0,0,5368586,33120391,0,0,0
2,0,2,30,0,0,337786687,5,0,5368586,33120391,0,0,0
2,0,2,30,0,0,1871216424,3,0,5368586,33120391,0,0,0
2,0,2,30,0,0,1045036297,2,0,5368586,33120391,0,0,0
2,0,2,30,0,0,1719918855,4,0,5368586,33120391,0,0,0
2,0,2,30,0,0,454678712,1,0,5368586,33120391,0,0,0
2,0,2,30,0,0,1699805002,6,0,5368586,33120391,0,0,0
2,0,2,30,0,0,1458198451,8,0,5368586,33120391,0,0,0
2,0,2,30,2,0,1430518844,0,0,5368586,33120391,0,0,0
2,0,2,30,0,0,1332619083,7,0,5368586,33120391,0,0,0
2,0,2,30,0,0,951644750,9,0,5368586,33120391,0,0,0
2,0,2,30,2,0,722124509,1,0,5368586,33120391,0,0,0
2,0,2,30,2,0,832810061,4,0,5368586,33120391,0,0,0
2,0,2,30,2,0,1500555353,5,0,5368586,33120391,0,0,0
2,0,2,30,2,0,1507961865,6,0,5368586,33120391,0,0,0
2,0,2,30,2,0,634323009,7,0,5368586,33120391,0,0,0
2,0,2,30,2,0,328046924,2,0,5368586,33120391,0,0,0
2,0,2,30,2,0,489740688,3,0,5368586,33120391,0,0,0
2,0,2,30,2,0,1014766981,8,0,5368586,33120391,0,0,0
2,0,2,30,5,0,628973138,0,0,8977021,35719636,0,29227,164818
2,0,2,30,5,0,1099375147,1,0,8977021,35719636,0,29227,164818
2,0,2,30,2,0,441542090,9,0,5368586,33120391,0,0,0
2,0,2,30,5,0,745172634,3,0,8977021,35719636,0,29227,164818
2,0,2,30,5,0,847275937,2,0,8977021,35719636,0,29227,164818
2,0,2,30,5,0,656570734,4,0,8977021,35719636,0,29227,164818
2,0,2,30,5,0,323639855,5,0,8977021,35719636,0,29227,164818
2,0,2,30,5,0,2122216473,7,0,8977021,35719636,0,29227,164818
2,0,2,30,5,0,1992663260,8,0,8977021,35719636,0,29227,164818
2,0,2,30,5,0,760836806,6,0,8977021,35719636,0,29227,164818
2,0,2,30,5,0,1928033396,9,0,8977021,35719636,0,29227,164818
2,0,2,30,10,0,1357806226,1,0,7234045,34901938,0,183900,1085591
2,0,2,30,10,0,1388168801,0,0,7234045,34901938,0,183900,1085591
2,0,2,30,10,0,1888766939,3,0,7234045,34901938,0,183900,1085591
2,0,2,30,10,0,293287259,4,0,7234045,34901938,0,183900,1085591
2,0,2,30,10,0,648357091,2,0,7234045,34901938,0,183900,1085591
2,0,2,30,10,0,1899269162,6,0,7234045,34901938,0,183900,1085591
2,0,2,30,10,0,2014000727,5,0,7234045,34901938,0,183900,1085591
2,0,2,30,10,0,1300603858,7,0,7234045,34901938,0,183900,1085591
2,0,2,30,10,0,1179714407,8,0,7234045,34901938,0,183900,1085591
2,0,2,30,10,0,241257421,9,0,7234045,34901938,0,183900,1085591
2,0,2,30,20,0,1511580323,0,0,7233311,36134856,0,141,836
2,0,2,30,20,0,318646463,1,0,7233311,36134856,0,141,836
2,0,2,30,20,0,1333191560,2,0,7233311,36134856,0,141,836
2,0,2,30,20,0,161521910,5,0,7233311,36134856,0,141,836
2,0,2,30,20,0,1983168873,3,0,7233311,36134856,0,141,836
2,0,2,30,30,0,387820537,0,0,2601414,30048,0,396053,74984
2,0,2,30,30,0,1651339677,1,0,2601414,30048,0,396053,74984
2,0,2,30,30,0,1987331439,2,0,2601414,30048,0,396053,74984
2,0,2,30,30,0,176191212,3,0,2601414,30048,0,396053,74984
2,0,2,30,30,0,1931591531,4,0,2601414,30048,0,396053,74984
2,0,2,30,20,0,1940955281,4,0,7233311,36134856,0,141,836
2,0,2,30,30,0,808482355,5,0,2601414,30048,0,396053,74984
2,0,2,30,20,0,244340918,6,0,7233311,36134856,0,141,836
2,0,2,30,30,0,2042811108,7,0,2601414,30048,0,396053,74984
2,0,2,30,30,0,1380946943,6,0,2601414,30048,0,396053,74984
2,0,2,30,30,0,647943369,8,0,2601414,30048,0,396053,74984
2,0,2,30,30,0,265745534,9,0,2601414,30048,0,396053,74984
2,0,2,30,20,0,1583715924,7,0,7233311,36134856,0,141,836
2,0,2,30,20,0,1232986477,8,0,7233311,36134856,0,141,836
2,0,2,30,20,0,329557138,9,0,7233311,36134856,0,141,836
2,0,2,60,0,0,1934982045,0,0,6258082,36638988,0,0,0
2,0,2,60,0,0,362190850,3,0,6258082,36638988,0,0,0
2,0,2,60,0,0,1475054001,2,0,6258082,36638988,0,0,0
2,0,2,60,0,0,444537179,1,0,6258082,36638988,0,0,0
2,0,2,60,0,0,741134891,4,0,6258082,36638988,0,0,0
2,0,2,60,0,0,168114160,5,0,6258082,36638988,0,0,0
2,0,2,60,0,0,1887302225,8,0,6258082,36638988,0,0,0
2,0,2,60,0,0,681809785,9,0,6258082,36638988,0,0,0
2,0,2,60,0,0,1064051191,6,0,6258082,36638988,0,0,0
2,0,2,60,0,0,1880157459,7,0,6258082,36638988,0,0,0
2,0,2,60,2,0,1562929828,0,0,7414264,40795464,0,409,2421
2,0,2,60,2,0,1601387070,1,0,7414264,40795464,0,409,2421
2,0,2,60,2,0,1663941470,3,0,7414264,40795464,0,409,2421
2,0,2,60,2,0,1215018687,2,0,7414264,40795464,0,409,2421
2,0,2,60,2,0,1755651176,4,0,7414264,40795464,0,409,2421
2,0,2,60,2,0,224908174,6,0,7414264,40795464,0,409,2421
2,0,2,60,2,0,1453275827,5,0,7414264,40795464,0,409,2421
2,0,2,60,2,0,283089268,8,0,7414264,40795464,0,409,2421
2,0,2,60,2,0,1416011033,9,0,7414264,40795464,0,409,2421
2,0,2,60,2,0,1437308013,7,0,7414264,40795464,0,409,2421
2,0,2,60,5,0,405899939,0,0,6567754,40636774,0,389,1735
2,0,2,60,5,0,1660280619,1,0,6567754,40636774,0,389,1735
2,0,2,60,5,0,1220401982,2,0,6567754,40636774,0,389,1735
2,0,2,60,5,0,1082313657,3,0,6567754,40636774,0,389,1735
2,0,2,60,5,0,645848526,4,0,6567754,40636774,0,389,1735
2,0,2,60,5,0,607430264,7,0,6567754,40636774,0,389,1735
2,0,2,60,5,0,1431779064,5,0,6567754,40636774,0,389,1735
2,0,2,60,5,0,1502468844,8,0,6567754,40636774,0,389,1735
2,0,2,60,5,0,350048353,6,0,6567754,40636774,0,389,1735
2,0,2,60,10,0,1683446724,0,0,9091314,36683279,0,6225,28142
2,0,2,60,5,0,1332435144,9,0,6567754,40636774,0,389,1735
2,0,2,60,10,0,553843145,1,0,9091314,36683279,0,6225,28142
2,0,2,60,10,0,363865392,2,0,9091314,36683279,0,6225,28142
2,0,2,60,10,0,1617825308,4,0,9091314,36683279,0,6225,28142
2,0,2,60,10,0,1329644079,3,0,9091314,36683279,0,6225,28142
2,0,2,60,10,0,548870021,6,0,9091314,36683279,0,6225,28142
2,0,2,60,10,0,1410796055,5,0,9091314,36683279,0,6225,28142
2,0,2,60,10,0,1818516501,8,0,9091314,36683279,0,6225,28142
2,0,2,60,20,0,78299575,0,0,5660989,29017506,0,139,825
2,0,2,60,10,0,401377436,7,0,9091314,36683279,0,6225,28142
2,0,2,60,20,0,1557345129,1,0,5660989,29017506,0,139,825
2,0,2,60,10,0,1554039848,9,0,9091314,36683279,0,6225,28142
2,0,2,60,20,0,1326569692,2,0,5660989,29017506,0,139,825
2,0,2,60,20,0,919950484,4,0,5660989,29017506,0,139,825
2,0,2,60,20,0,774223342,3,0,5660989,29017506,0,139,825
2,0,2,60,20,0,1467729242,5,0,5660989,29017506,0,139,825
2,0,2,60,20,0,2088517710,6,0,5660989,29017506,0,139,825
2,0,2,60,20,0,972994972,8,0,5660989,29017506,0,139,825
2,0,2,60,20,0,590838716,9,0,5660989,29017506,0,139,825
2,0,2,60,20,0,824656200,7,0,5660989,29017506,0,139,825
2,0,2,60,30,0,331421524,1,0,7477570,36502876,0,31531,164203
2,0,2,60,30,0,1270417388,2,0,7477570,36502876,0,31531,164203
2,0,2,60,30,0,665484476,0,0,7477570,36502876,0,31531,164203
2,0,2,60,30,0,434396266,3,0,7477570,36502876,0,31531,164203
2,0,2,60,30,0,162124225,4,0,7477570,36502876,0,31531,164203
2,0,2,60,60,0,776727492,0,0,2600198,30048,0,396053,76759
2,0,2,60,60,0,710985298,1,0,2600198,30048,0,396053,76759
2,0,2,60,60,0,1879792991,2,0,2600198,30048,0,396053,76759
2,0,2,60,60,0,187657564,3,0,2600198,30048,0,396053,76759
2,0,2,60,60,0,1764624310,4,0,2600198,30048,0,396053,76759
2,0,2,60,60,0,1564654057,5,0,2600198,30048,0,396053,76759
2,0,2,60,60,0,1020184428,6,0,2600198,30048,0,396053,76759
2,0,2,60,60,0,1907818922,7,0,2600198,30048,0,396053,76759
2,0,2,60,60,0,1223756141,8,0,2600198,30048,0,396053,76759
2,0,2,60,60,0,1928130926,9,0,2600198,30048,0,396053,76759
2,0,2,60,30,0,1446391956,5,0,7477570,36502876,0,31531,164203
2,0,2,120,0,0,1005034996,0,0,524288000,764972,0,0,0
2,0,2,60,30,0,562851356,6,0,7477570,36502876,0,31531,164203
2,0,2,120,0,0,1027220866,1,0,524288000,764972,0,0,0
2,0,2,120,0,0,2014406658,3,0,524288000,764972,0,0,0
2,0,2,120,0,0,1329154472,2,0,524288000,764972,0,0,0
2,0,2,120,0,0,833293142,4,0,524288000,764972,0,0,0
2,0,2,60,30,0,1617999521,7,0,7477570,36502876,0,31531,164203
2,0,2,60,30,0,662510569,8,0,7477570,36502876,0,31531,164203
2,0,2,120,0,0,1579864877,5,0,524288000,764972,0,0,0
2,0,2,60,30,0,696846464,9,0,7477570,36502876,0,31531,164203
2,0,2,120,0,0,1892351448,6,0,524288000,764972,0,0,0
2,0,2,120,0,0,1640129626,9,0,524288000,764972,0,0,0
2,0,2,120,2,0,1798134537,0,0,524288000,764972,0,0,0
2,0,2,120,2,0,857695227,2,0,524288000,764972,0,0,0
2,0,2,120,0,0,1982900391,7,0,524288000,764972,0,0,0
2,0,2,120,0,0,1210200352,8,0,524288000,764972,0,0,0
2,0,2,120,2,0,696034559,1,0,524288000,764972,0,0,0
2,0,2,120,2,0,594417160,3,0,524288000,764972,0,0,0
2,0,2,120,2,0,2064121137,6,0,524288000,764972,0,0,0
2,0,2,120,2,0,224110541,5,0,524288000,764972,0,0,0
2,0,2,120,2,0,1594343845,7,0,524288000,764972,0,0,0
2,0,2,120,2,0,1073755632,4,0,524288000,764972,0,0,0
2,0,2,120,2,0,440619526,8,0,524288000,764972,0,0,0
2,0,2,120,2,0,535486944,9,0,524288000,764972,0,0,0
2,0,2,120,5,0,1224336336,0,0,524288000,764972,0,0,0
2,0,2,120,5,0,688536251,2,0,524288000,764972,0,0,0
2,0,2,120,5,0,360240905,1,0,524288000,764972,0,0,0
2,0,2,120,5,0,1171629709,3,0,524288000,764972,0,0,0
2,0,2,120,5,0,1929811336,4,0,524288000,764972,0,0,0
2,0,2,120,5,0,632857647,5,0,524288000,764972,0,0,0
2,0,2,120,5,0,1878930355,6,0,524288000,764972,0,0,0
2,0,2,120,5,0,393906783,7,0,524288000,764972,0,0,0
2,0,2,120,5,0,953645978,8,0,524288000,764972,0,0,0
2,0,2,120,10,0,1501456453,0,0,524288000,764972,0,0,0
2,0,2,120,5,0,1937579958,9,0,524288000,764972,0,0,0
2,0,2,120,10,0,1781968664,2,0,524288000,764972,0,0,0
2,0,2,120,10,0,114547603,1,0,524288000,764972,0,0,0
2,0,2,120,10,0,228736604,3,0,524288000,764972,0,0,0
2,0,2,120,10,0,1606152369,5,0,524288000,764972,0,0,0
2,0,2,120,10,0,1658570832,7,0,524288000,764972,0,0,0
2,0,2,120,10,0,350492684,8,0,524288000,764972,0,0,0
2,0,2,120,10,0,1702756809,4,0,524288000,764972,0,0,0
2,0,2,120,10,0,1012659111,6,0,524288000,764972,0,0,0
2,0,2,120,10,0,1610237679,9,0,524288000,764972,0,0,0
2,0,2,120,20,0,121064582,1,0,524288000,764972,0,0,0
2,0,2,120,20,0,1368741091,2,0,524288000,764972,0,0,0
2,0,2,120,20,0,964386641,0,0,524288000,764972,0,0,0
2,0,2,120,20,0,425558776,3,0,524288000,764972,0,0,0
2,0,2,120,20,0,627276995,5,0,524288000,764972,0,0,0
2,0,2,120,20,0,1440061103,4,0,524288000,764972,0,0,0
2,0,2,120,20,0,164510971,7,0,524288000,764972,0,0,0
2,0,2,120,20,0,1232137626,8,0,524288000,764972,0,0,0
2,0,2,120,20,0,590985753,6,0,524288000,764972,0,0,0
2,0,2,120,20,0,2029178475,9,0,524288000,764972,0,0,0
2,0,2,120,30,0,2014812671,1,0,524288000,764972,0,0,0
2,0,2,120,30,0,596110070,0,0,524288000,764972,0,0,0
2,0,2,120,30,0,1926728669,2,0,524288000,764972,0,0,0
2,0,2,120,30,0,22553699,3,0,524288000,764972,0,0,0
2,0,2,120,30,0,81621076,5,0,524288000,764972,0,0,0
2,0,2,120,30,0,1099184899,6,0,524288000,764972,0,0,0
2,0,2,120,30,0,340272119,4,0,524288000,764972,0,0,0
2,0,2,120,30,0,642181881,8,0,524288000,764972,0,0,0
2,0,2,120,30,0,926230061,7,0,524288000,764972,0,0,0
2,0,2,120,60,0,477543926,0,0,524288000,764972,0,0,0
2,0,2,120,30,0,1817865363,9,0,524288000,764972,0,0,0
2,0,2,120,60,0,1020657023,2,0,524288000,764972,0,0,0
2,0,2,120,60,0,1293434554,3,0,524288000,764972,0,0,0
2,0,2,120,60,0,1237386857,1,0,524288000,764972,0,0,0
2,0,2,120,60,0,523334661,4,0,524288000,764972,0,0,0
2,0,2,120,60,0,205082311,5,0,524288000,764972,0,0,0
2,0,2,120,60,0,1963288053,8,0,524288000,764972,0,0,0
2,0,2,120,60,0,1803136972,7,0,524288000,764972,0,0,0
2,2,0,30,0,0,476131010,0,1500190,342743587,1638720,1,50344850,63143
2,0,2,120,60,0,1024089868,6,0,524288000,764972,0,0,0
2,0,2,120,60,0,269754673,9,0,524288000,764972,0,0,0
2,2,0,30,0,0,2146750150,1,1500190,342743587,1638720,1,50344850,63143
2,2,0,30,0,0,70589284,2,1500190,342743587,1638720,1,50344850,63143
2,2,0,30,0,0,616657849,4,1500190,342743587,1638720,1,50344850,63143
2,2,0,30,0,0,1039116361,3,1500190,342743587,1638720,1,50344850,63143
2,2,0,30,0,0,1251003660,5,1500190,342743587,1638720,1,50344850,63143
2,2,0,30,0,0,1843567009,6,1500190,342743587,1638720,1,50344850,63143
2,2,0,30,0,0,6718781,7,1500190,342743587,1638720,1,50344850,63143
2,2,0,30,0,0,1515333350,8,1500190,342743587,1638720,1,50344850,63143
2,2,0,30,0,0,1033215551,9,1500190,342743587,1638720,1,50344850,63143
2,2,0,30,2,0,1789144223,0,1500495,343065585,1638720,1,50345168,73613
2,2,0,30,2,0,804507108,1,1500495,343065585,1638720,1,50345168,73613
2,2,0,30,2,0,367709135,2,1500495,343065585,1638720,1,50345168,73613
2,2,0,30,2,0,290680473,4,1500495,343065585,1638720,1,50345168,73613
2,2,0,30,2,0,1548781344,3,1500495,343065585,1638720,1,50345168,73613
2,2,0,30,2,0,87335169,5,1500495,343065585,1638720,1,50345168,73613
2,2,0,30,2,0,1676986013,6,1500495,343065585,1638720,1,50345168,73613
2,2,0,30,2,0,186978937,8,1500495,343065585,1638720,1,50345168,73613
2,2,0,30,2,0,2019214800,7,1500495,343065585,1638720,1,50345168,73613
2,2,0,30,2,0,1661642599,9,1500495,343065585,1638720,1,50345168,73613
2,2,0,30,5,0,1603321558,0,1500603,343747529,1638720,1,50345165,69648
2,2,0,30,5,0,1089419573,1,1500603,343747529,1638720,1,50345165,69648
2,2,0,30,5,0,69759864,2,1500603,343747529,1638720,1,50345165,69648
2,2,0,30,5,0,1533706498,3,1500603,343747529,1638720,1,50345165,69648
2,2,0,30,5,0,1480915452,5,1500603,343747529,1638720,1,50345165,69648
2,2,0,30,5,0,1035627944,6,1500603,343747529,1638720,1,50345165,69648
2,2,0,30,5,0,290166087,4,1500603,343747529,1638720,1,50345165,69648
2,2,0,30,5,0,445232926,7,1500603,343747529,1638720,1,50345165,69648
2,2,0,30,5,0,1428156550,8,1500603,343747529,1638720,1,50345165,69648
2,2,0,30,10,0,1513112872,1,2500819,342138535,1638720,1,50349230,71170
2,2,0,30,10,0,190420322,0,2500819,342138535,1638720,1,50349230,71170
2,2,0,30,5,0,572989855,9,1500603,343747529,1638720,1,50345165,69648
2,2,0,30,10,0,1454049402,2,2500819,342138535,1638720,1,50349230,71170
2,2,0,30,10,0,752002052,3,2500819,342138535,1638720,1,50349230,71170
2,2,0,30,10,0,1995540139,4,2500819,342138535,1638720,1,50349230,71170
2,2,0,30,10,0,579187439,7,2500819,342138535,1638720,1,50349230,71170
2,2,0,30,10,0,2055275742,5,2500819,342138535,1638720,1,50349230,71170
2,2,0,30,10,0,271014739,8,2500819,342138535,1638720,1,50349230,71170
2,2,0,30,10,0,782878018,6,2500819,342138535,1638720,1,50349230,71170
2,2,0,30,10,0,1965718821,9,2500819,342138535,1638720,1,50349230,71170
2,2,0,30,20,0,158844179,0,1500394,343806583,1638720,1,50349230,72462
2,2,0,30,20,0,865826728,2,1500394,343806583,1638720,1,50349230,72462
2,2,0,30,20,0,188146518,3,1500394,343806583,1638720,1,50349230,72462
2,2,0,30,20,0,856716405,4,1500394,343806583,1638720,1,50349230,72462
2,2,0,30,20,0,1260326267,1,1500394,343806583,1638720,1,50349230,72462
2,2,0,30,20,0,179984654,5,1500394,343806583,1638720,1,50349230,72462
2,2,0,30,20,0,1355473709,6,1500394,343806583,1638720,1,50349230,72462
2,2,0,30,20,0,1331765783,7,1500394,343806583,1638720,1,50349230,72462
2,2,0,30,20,0,1710359289,8,1500394,343806583,1638720,1,50349230,72462
2,2,0,30,30,0,1087974350,0,1502279,342847714,1638720,1,50349852,71731
2,2,0,30,20,0,2033236512,9,1500394,343806583,1638720,1,50349230,72462
2,2,0,30,30,0,157284993,1,1502279,342847714,1638720,1,50349852,71731
2,2,0,30,30,0,1228836941,3,1502279,342847714,1638720,1,50349852,71731
2,2,0,30,30,0,820782998,2,1502279,342847714,1638720,1,50349852,71731
2,2,0,30,30,0,205316740,5,1502279,342847714,1638720,1,50349852,71731
2,2,0,30,30,0,1533192415,4,1502279,342847714,1638720,1,50349852,71731
2,2,0,30,30,0,1425605673,6,1502279,342847714,1638720,1,50349852,71731
2,2,0,30,30,0,1173456409,7,1502279,342847714,1638720,1,50349852,71731
2,2,0,30,30,0,534616074,8,1502279,342847714,1638720,1,50349852,71731
2,2,0,30,30,0,1580630311,9,1502279,342847714,1638720,1,50349852,71731
2,2,0,60,0,0,1876691885,0,2500662,341444470,1638720,1,50349854,74319
2,2,0,60,0,0,1718080443,1,2500662,341444470,1638720,1,50349854,74319
2,2,0,60,0,0,1660626647,3,2500662,341444470,1638720,1,50349854,74319
2,2,0,60,0,0,1888654461,2,2500662,341444470,1638720,1,50349854,74319
2,2,0,60,0,0,1456151216,4,2500662,341444470,1638720,1,50349854,74319
2,2,0,60,0,0,802373824,5,2500662,341444470,1638720,1,50349854,74319
2,2,0,60,0,0,1145556651,9,2500662,341444470,1638720,1,50349854,74319
2,2,0,60,0,0,1577743019,8,2500662,341444470,1638720,1,50349854,74319
2,2,0,60,0,0,2136846691,7,2500662,341444470,1638720,1,50349854,74319
2,2,0,60,0,0,2131176633,6,2500662,341444470,1638720,1,50349854,74319
2,2,0,60,2,0,354813720,0,1501053,341116862,1638720,1,50349224,73887
2,2,0,60,2,0,1823212172,1,1501053,341116862,1638720,1,50349224,73887
2,2,0,60,2,0,1849443634,3,1501053,341116862,1638720,1,50349224,73887
2,2,0,60,2,0,1261717180,5,1501053,341116862,1638720,1,50349224,73887
2,2,0,60,2,0,1379592595,6,1501053,341116862,1638720,1,50349224,73887
2,2,0,60,2,0,338988898,2,1501053,341116862,1638720,1,50349224,73887
2,2,0,60,2,0,440654676,7,1501053,341116862,1638720,1,50349224,73887
2,2,0,60,2,0,775054695,4,1501053,341116862,1638720,1,50349224,73887
2,2,0,60,2,0,343893360,8,1501053,341116862,1638720,1,50349224,73887
2,2,0,60,2,0,1408405265,9,1501053,341116862,1638720,1,50349224,73887
2,2,0,60,5,0,1269763934,0,1501032,343598505,1638720,1,50349230,75150
2,2,0,60,5,0,1915193614,2,1501032,343598505,1638720,1,50349230,75150
2,2,0,60,5,0,1830154607,3,1501032,343598505,1638720,1,50349230,75150
2,2,0,60,5,0,1316389690,1,1501032,343598505,1638720,1,50349230,75150
2,2,0,60,5,0,1906571986,5,1501032,343598505,1638720,1,50349230,75150
2,2,0,60,5,0,715733827,4,1501032,343598505,1638720,1,50349230,75150
2,2,0,60,5,0,1509882812,6,1501032,343598505,1638720,1,50349230,75150
2,2,0,60,5,0,181914018,8,1501032,343598505,1638720,1,50349230,75150
2,2,0,60,5,0,1514230707,9,1501032,343598505,1638720,1,50349230,75150
2,2,0,60,10,0,1868055235,0,1500140,343710947,1638720,1,50349537,71526
2,2,0,60,5,0,1920407276,7,1501032,343598505,1638720,1,50349230,75150
2,2,0,60,10,0,246351029,2,1500140,343710947,1638720,1,50349537,71526
2,2,0,60,10,0,1179206294,1,1500140,343710947,1638720,1,50349537,71526
2,2,0,60,10,0,322299355,3,1500140,343710947,1638720,1,50349537,71526
2,2,0,60,10,0,1744659652,4,1500140,343710947,1638720,1,50349537,71526
2,2,0,60,10,0,1560409439,5,1500140,343710947,1638720,1,50349537,71526
2,2,0,60,10,0,133747952,7,1500140,343710947,1638720,1,50349537,71526
2,2,0,60,10,0,687137742,6,1500140,343710947,1638720,1,50349537,71526
2,2,0,60,10,0,613233132,8,1500140,343710947,1638720,1,50349537,71526
2,2,0,60,10,0,1881937953,9,1500140,343710947,1638720,1,50349537,71526
2,2,0,60,20,0,149460439,0,2500850,342938598,1638720,1,50349227,68772
2,2,0,60,20,0,288765093,2,2500850,342938598,1638720,1,50349227,68772
2,2,0,60,20,0,542153826,1,2500850,342938598,1638720,1,50349227,68772
2,2,0,60,20,0,1013592436,3,2500850,342938598,1638720,1,50349227,68772
2,2,0,60,20,0,1573368806,4,2500850,342938598,1638720,1,50349227,68772
2,2,0,60,20,0,1644347110,6,2500850,342938598,1638720,1,50349227,68772
2,2,0,60,20,0,1555424924,5,2500850,342938598,1638720,1,50349227,68772
2,2,0,60,20,0,139093888,7,2500850,342938598,1638720,1,50349227,68772
2,2,0,60,20,0,659011900,8,2500850,342938598,1638720,1,50349227,68772
2,2,0,60,20,0,1932402710,9,2500850,342938598,1638720,1,50349227,68772
2,2,0,60,30,0,1597785308,1,1500821,343685651,1638720,1,50344853,72695
2,2,0,60,30,0,1906704716,2,1500821,343685651,1638720,1,50344853,72695
2,2,0,60,30,0,1593280440,0,1500821,343685651,1638720,1,50344853,72695
2,2,0,60,30,0,330220406,3,1500821,343685651,1638720,1,50344853,72695
2,2,0,60,30,0,1576038028,5,1500821,343685651,1638720,1,50344853,72695
2,2,0,60,30,0,591395970,4,1500821,343685651,1638720,1,50344853,72695
2,2,0,60,30,0,1709543220,6,1500821,343685651,1638720,1,50344853,72695
2,2,0,60,30,0,1196963451,8,1500821,343685651,1638720,1,50344853,72695
2,2,0,60,30,0,1350275186,7,1500821,343685651,1638720,1,50344853,72695
2,2,0,60,30,0,1072073884,9,1500821,343685651,1638720,1,50344853,72695
2,2,0,60,60,0,111296943,1,1506649,342736627,1638720,1,50349227,72183
2,2,0,60,60,0,487258103,0,1506649,342736627,1638720,1,50349227,72183
2,2,0,60,60,0,2143377496,3,1506649,342736627,1638720,1,50349227,72183
2,2,0,60,60,0,1662098122,4,1506649,342736627,1638720,1,50349227,72183
2,2,0,60,60,0,799070274,2,1506649,342736627,1638720,1,50349227,72183
2,2,0,60,60,0,505779640,5,1506649,342736627,1638720,1,50349227,72183
2,2,0,60,60,0,1124322241,6,1506649,342736627,1638720,1,50349227,72183
2,2,0,60,60,0,1117936038,7,1506649,342736627,1638720,1,50349227,72183
2,2,0,60,60,0,1916728422,8,1506649,342736627,1638720,1,50349227,72183
2,2,0,60,60,0,921572928,9,1506649,342736627,1638720,1,50349227,72183
2,2,0,120,0,0,1226543337,0,1500487,342962959,1638720,1,50344856,71178
2,2,0,120,0,0,2109688769,1,1500487,342962959,1638720,1,50344856,71178
2,2,0,120,0,0,859759428,2,1500487,342962959,1638720,1,50344856,71178
2,2,0,120,0,0,582949109,4,1500487,342962959,1638720,1,50344856,71178
2,2,0,120,0,0,526723719,3,1500487,342962959,1638720,1,50344856,71178
2,2,0,120,0,0,1941508568,6,1500487,342962959,1638720,1,50344856,71178
2,2,0,120,0,0,741553420,7,1500487,342962959,1638720,1,50344856,71178
2,2,0,120,0,0,318051098,5,1500487,342962959,1638720,1,50344856,71178
2,2,0,120,0,0,1911737999,8,1500487,342962959,1638720,1,50344856,71178
2,2,0,120,0,0,377058351,9,1500487,342962959,1638720,1,50344856,71178
2,2,0,120,2,0,1372619017,0,1500404,343124649,1638720,1,50345168,71326
2,2,0,120,2,0,278911214,2,1500404,343124649,1638720,1,50345168,71326
2,2,0,120,2,0,1247096480,3,1500404,343124649,1638720,1,50345168,71326
2,2,0,120,2,0,1492180259,1,1500404,343124649,1638720,1,50345168,71326
2,2,0,120,2,0,747715196,6,1500404,343124649,1638720,1,50345168,71326
2,2,0,120,2,0,676479877,5,1500404,343124649,1638720,1,50345168,71326
2,2,0,120,2,0,1288304114,4,1500404,343124649,1638720,1,50345168,71326
2,2,0,120,2,0,1552597094,7,1500404,343124649,1638720,1,50345168,71326
2,2,0,120,2,0,963110410,8,1500404,343124649,1638720,1,50345168,71326
2,2,0,120,2,0,521247759,9,1500404,343124649,1638720,1,50345168,71326
2,2,0,120,5,0,596471620,1,1501024,343795320,1638720,1,50348917,73122
2,2,0,120,5,0,2121808073,3,1501024,343795320,1638720,1,50348917,73122
2,2,0,120,5,0,112889043,4,1501024,343795320,1638720,1,50348917,73122
2,2,0,120,5,0,1550038771,5,1501024,343795320,1638720,1,50348917,73122
2,2,0,120,5,0,863204110,0,1501024,343795320,1638720,1,50348917,73122
2,2,0,120,5,0,1016774160,2,1501024,343795320,1638720,1,50348917,73122
2,2,0,120,5,0,1584461407,6,1501024,343795320,1638720,1,50348917,73122
2,2,0,120,10,0,1328393535,1,1500844,343557705,1638720,1,50353292,74813
2,2,0,120,10,0,282385977,0,1500844,343557705,1638720,1,50353292,74813
2,2,0,120,5,0,370292681,9,1501024,343795320,1638720,1,50348917,73122
2,2,0,120,5,0,2007492791,7,1501024,343795320,1638720,1,50348917,73122
2,2,0,120,5,0,557363168,8,1501024,343795320,1638720,1,50348917,73122
2,2,0,120,10,0,1710084067,2,1500844,343557705,1638720,1,50353292,74813
2,2,0,120,10,0,1764351603,4,1500844,343557705,1638720,1,50353292,74813
2,2,0,120,10,0,1758503592,5,1500844,343557705,1638720,1,50353292,74813
2,2,0,120,10,0,2055850987,3,1500844,343557705,1638720,1,50353292,74813
2,2,0,120,10,0,538274418,7,1500844,343557705,1638720,1,50353292,74813
2,2,0,120,10,0,1361623473,8,1500844,343557705,1638720,1,50353292,74813
2,2,0,120,10,0,316756902,6,1500844,343557705,1638720,1,50353292,74813
2,2,0,120,10,0,318536327,9,1500844,343557705,1638720,1,50353292,74813
2,2,0,120,20,0,1932625737,0,2500905,343430588,1638720,1,50350792,71237
2,2,0,120,20,0,1479679716,2,2500905,343430588,1638720,1,50350792,71237
2,2,0,120,20,0,2000738353,1,2500905,343430588,1638720,1,50350792,71237
2,2,0,120,20,0,781525718,4,2500905,343430588,1638720,1,50350792,71237
2,2,0,120,20,0,1858081385,6,2500905,343430588,1638720,1,50350792,71237
2,2,0,120,20,0,551192946,3,2500905,343430588,1638720,1,50350792,71237
2,2,0,120,20,0,237996376,7,2500905,343430588,1638720,1,50350792,71237
2,2,0,120,20,0,554192345,5,2500905,343430588,1638720,1,50350792,71237
2,2,0,120,20,0,533267960,8,2500905,343430588,1638720,1,50350792,71237
2,2,0,120,20,0,657196424,9,2500905,343430588,1638720,1,50350792,71237
2,2,0,120,30,0,1306204982,0,1500995,343622382,1638720,1,50344856,69394
2,2,0,120,30,0,695642802,2,1500995,343622382,1638720,1,50344856,69394
2,2,0,120,30,0,707196784,1,1500995,343622382,1638720,1,50344856,69394
2,2,0,120,30,0,1385817349,3,1500995,343622382,1638720,1,50344856,69394
2,2,0,120,30,0,968387506,4,1500995,343622382,1638720,1,50344856,69394
2,2,0,120,30,0,1486157809,5,1500995,343622382,1638720,1,50344856,69394
2,2,0,120,30,0,338700713,7,1500995,343622382,1638720,1,50344856,69394
2,2,0,120,30,0,1076341629,8,1500995,343622382,1638720,1,50344856,69394
2,2,0,120,30,0,1219978197,6,1500995,343622382,1638720,1,50344856,69394
2,2,0,120,30,0,843110305,9,1500995,343622382,1638720,1,50344856,69394
2,2,0,120,60,0,537602307,1,1500658,343805174,1638720,1,50349227,71403
2,2,0,120,60,0,1178758213,0,1500658,343805174,1638720,1,50349227,71403
2,2,0,120,60,0,1300621767,2,1500658,343805174,1638720,1,50349227,71403
2,2,0,120,60,0,724285673,4,1500658,343805174,1638720,1,50349227,71403
2,2,0,120,60,0,735301069,6,1500658,343805174,1638720,1,50349227,71403
2,2,0,120,60,0,401271939,3,1500658,343805174,1638720,1,50349227,71403
2,2,0,120,60,0,662259333,5,1500658,343805174,1638720,1,50349227,71403
2,2,0,120,60,0,1450065086,7,1500658,343805174,1638720,1,50349227,71403
2,2,0,120,60,0,176928180,8,1500658,343805174,1638720,1,50349227,71403
2,0,1,30,0,0,195256953,1,500164,197064779,764972,1,29223845,3089176
2,0,1,30,0,0,1136688451,2,500164,197064779,764972,1,29223845,3089176
2,2,0,120,60,0,121863227,9,1500658,343805174,1638720,1,50349227,71403
2,0,1,30,0,0,905415100,3,500164,197064779,764972,1,29223845,3089176
2,0,1,30,0,0,348849508,0,500164,197064779,764972,1,29223845,3089176
2,0,1,30,0,0,1789226605,4,500164,197064779,764972,1,29223845,3089176
2,0,1,30,0,0,130076950,5,500164,197064779,764972,1,29223845,3089176
2,0,1,30,0,0,1244130290,7,500164,197064779,764972,1,29223845,3089176
2,0,1,30,0,0,2139057162,6,500164,197064779,764972,1,29223845,3089176
2,0,1,30,0,0,1297484349,8,500164,197064779,764972,1,29223845,3089176
2,0,1,30,0,0,2074232200,9,500164,197064779,764972,1,29223845,3089176
2,0,1,30,2,0,1051742593,0,500164,197064779,764972,1,29223845,3089176
2,0,1,30,2,0,1947957237,3,500164,197064779,764972,1,29223845,3089176
2,0,1,30,2,0,1277468755,2,500164,197064779,764972,1,29223845,3089176
2,0,1,30,2,0,1744154114,1,500164,197064779,764972,1,29223845,3089176
2,0,1,30,2,0,257324536,5,500164,197064779,764972,1,29223845,3089176
2,0,1,30,2,0,313416738,4,500164,197064779,764972,1,29223845,3089176
2,0,1,30,2,0,1888091245,7,500164,197064779,764972,1,29223845,3089176
2,0,1,30,2,0,678950361,6,500164,197064779,764972,1,29223845,3089176
2,0,1,30,2,0,2079842771,9,500164,197064779,764972,1,29223845,3089176
2,0,1,30,5,0,1994763896,0,500142,197053662,764972,1,29041118,2373116
2,0,1,30,2,0,1785081806,8,500164,197064779,764972,1,29223845,3089176
2,0,1,30,5,0,876272170,1,500142,197053662,764972,1,29041118,2373116
2,0,1,30,5,0,1461115950,2,500142,197053662,764972,1,29041118,2373116
2,0,1,30,5,0,1342531599,4,500142,197053662,764972,1,29041118,2373116
2,0,1,30,5,0,617052325,3,500142,197053662,764972,1,29041118,2373116
2,0,1,30,5,0,1371453454,5,500142,197053662,764972,1,29041118,2373116
2,0,1,30,5,0,1712474804,7,500142,197053662,764972,1,29041118,2373116
2,0,1,30,5,0,1483355242,6,500142,197053662,764972,1,29041118,2373116
2,0,1,30,5,0,561636336,8,500142,197053662,764972,1,29041118,2373116
2,0,1,30,5,0,1591458030,9,500142,197053662,764972,1,29041118,2373116
2,0,1,30,10,0,456056539,0,2500501,195891724,764972,1,29113115,2676263
2,0,1,30,10,0,1370592316,1,2500501,195891724,764972,1,29113115,2676263
2,0,1,30,10,0,1038256217,2,2500501,195891724,764972,1,29113115,2676263
2,0,1,30,10,0,2003484425,3,2500501,195891724,764972,1,29113115,2676263
2,0,1,30,10,0,1148782098,5,2500501,195891724,764972,1,29113115,2676263
2,0,1,30,10,0,526227599,4,2500501,195891724,764972,1,29113115,2676263
2,0,1,30,10,0,1931000173,6,2500501,195891724,764972,1,29113115,2676263
2,0,1,30,10,0,1064803502,7,2500501,195891724,764972,1,29113115,2676263
2,0,1,30,20,0,1246451043,1,500072,196680920,764972,1,29080630,2401118
2,0,1,30,20,0,217348079,0,500072,196680920,764972,1,29080630,2401118
2,0,1,30,10,0,415802902,9,2500501,195891724,764972,1,29113115,2676263
2,0,1,30,10,0,605064858,8,2500501,195891724,764972,1,29113115,2676263
2,0,1,30,20,0,1649910946,2,500072,196680920,764972,1,29080630,2401118
2,0,1,30,20,0,1795875043,3,500072,196680920,764972,1,29080630,2401118
2,0,1,30,20,0,685904828,5,500072,196680920,764972,1,29080630,2401118
2,0,1,30,30,0,2140034179,0,0,8566511,28796,0,1314865,11169
2,0,1,30,30,0,2004955678,1,0,8566511,28796,0,1314865,11169
2,0,1,30,30,0,2142156616,2,0,8566511,28796,0,1314865,11169
2,0,1,30,20,0,815331250,8,500072,196680920,764972,1,29080630,2401118
2,0,1,30,20,0,1406326125,6,500072,196680920,764972,1,29080630,2401118
2,0,1,30,30,0,1325171272,3,0,8566511,28796,0,1314865,11169
2,0,1,30,20,0,684370461,9,500072,196680920,764972,1,29080630,2401118
2,0,1,30,30,0,2136189070,4,0,8566511,28796,0,1314865,11169
2,0,1,30,30,0,99541460,5,0,8566511,28796,0,1314865,11169
2,0,1,30,20,0,1066312714,4,500072,196680920,764972,1,29080630,2401118
2,0,1,30,30,0,1963790638,8,0,8566511,28796,0,1314865,11169
2,0,1,30,30,0,386757895,6,0,8566511,28796,0,1314865,11169
2,0,1,30,30,0,1688962331,7,0,8566511,28796,0,1314865,11169
2,0,1,30,30,0,1033921654,9,0,8566511,28796,0,1314865,11169
2,0,1,30,20,0,1343100352,7,500072,196680920,764972,1,29080630,2401118
2,0,1,60,0,0,924038246,0,500080,151831882,764972,1,28842795,2214138
2,0,1,60,0,0,1515672889,1,500080,151831882,764972,1,28842795,2214138
2,0,1,60,0,0,208985103,2,500080,151831882,764972,1,28842795,2214138
2,0,1,60,0,0,1208416260,4,500080,151831882,764972,1,28842795,2214138
2,0,1,60,0,0,2125554417,5,500080,151831882,764972,1,28842795,2214138
2,0,1,60,0,0,217069388,3,500080,151831882,764972,1,28842795,2214138
2,0,1,60,0,0,2021155136,6,500080,151831882,764972,1,28842795,2214138
2,0,1,60,0,0,1227279967,7,500080,151831882,764972,1,28842795,2214138
2,0,1,60,2,0,575246182,1,6500771,151851370,764972,1,28914586,2825836
2,0,1,60,0,0,35121678,8,500080,151831882,764972,1,28842795,2214138
2,0,1,60,0,0,461696451,9,500080,151831882,764972,1,28842795,2214138
2,0,1,60,2,0,1850820685,0,6500771,151851370,764972,1,28914586,2825836
2,0,1,60,2,0,1135902437,2,6500771,151851370,764972,1,28914586,2825836
2,0,1,60,2,0,1571002995,3,6500771,151851370,764972,1,28914586,2825836
2,0,1,60,2,0,1571688961,5,6500771,151851370,764972,1,28914586,2825836
2,0,1,60,2,0,1731963069,4,6500771,151851370,764972,1,28914586,2825836
2,0,1,60,2,0,219720597,8,6500771,151851370,764972,1,28914586,2825836
2,0,1,60,2,0,1720484983,7,6500771,151851370,764972,1,28914586,2825836
2,0,1,60,2,0,194314620,6,6500771,151851370,764972,1,28914586,2825836
2,0,1,60,2,0,836038153,9,6500771,151851370,764972,1,28914586,2825836
2,0,1,60,5,0,1557027753,0,7500967,151870858,1318356,1,30067099,141460
2,0,1,60,5,0,1659355558,3,7500967,151870858,1318356,1,30067099,141460
2,0,1,60,5,0,1239534867,1,7500967,151870858,1318356,1,30067099,141460
2,0,1,60,5,0,1934257315,4,7500967,151870858,1318356,1,30067099,141460
2,0,1,60,5,0,1201391159,5,7500967,151870858,1318356,1,30067099,141460
2,0,1,60,5,0,315816454,2,7500967,151870858,1318356,1,30067099,141460
2,0,1,60,5,0,510289448,6,7500967,151870858,1318356,1,30067099,141460
2,0,1,60,5,0,1691803583,9,7500967,151870858,1318356,1,30067099,141460
2,0,1,60,5,0,415243819,8,7500967,151870858,1318356,1,30067099,141460
2,0,1,60,10,0,1456360258,1,500009,151909834,764972,1,28649733,2715750
2,0,1,60,5,0,552605034,7,7500967,151870858,1318356,1,30067099,141460
2,0,1,60,10,0,1570267413,2,500009,151909834,764972,1,28649733,2715750
2,0,1,60,10,0,1602874642,0,500009,151909834,764972,1,28649733,2715750
2,0,1,60,10,0,619623590,3,500009,151909834,764972,1,28649733,2715750
2,0,1,60,10,0,1723944394,5,500009,151909834,764972,1,28649733,2715750
2,0,1,60,10,0,172893522,6,500009,151909834,764972,1,28649733,2715750
2,0,1,60,10,0,854947088,4,500009,151909834,764972,1,28649733,2715750
2,0,1,60,10,0,194576436,7,500009,151909834,764972,1,28649733,2715750
2,0,1,60,10,0,167134213,8,500009,151909834,764972,1,28649733,2715750
2,0,1,60,10,0,588566728,9,500009,151909834,764972,1,28649733,2715750
2,0,1,60,20,0,1962750929,2,500145,164417463,764972,1,29029479,2182625
2,0,1,60,20,0,2034715642,1,500145,164417463,764972,1,29029479,2182625
2,0,1,60,20,0,1430398942,0,500145,164417463,764972,1,29029479,2182625
2,0,1,60,20,0,639695273,3,500145,164417463,764972,1,29029479,2182625
2,0,1,60,20,0,600354779,4,500145,164417463,764972,1,29029479,2182625
2,0,1,60,20,0,1408602588,5,500145,164417463,764972,1,29029479,2182625
2,0,1,60,20,0,1368076065,6,500145,164417463,764972,1,29029479,2182625
2,0,1,60,20,0,1687727081,8,500145,164417463,764972,1,29029479,2182625
2,0,1,60,20,0,697940975,7,500145,164417463,764972,1,29029479,2182625
2,0,1,60,20,0,1285201700,9,500145,164417463,764972,1,29029479,2182625
2,0,1,60,30,0,1444712976,0,7504648,152064519,1269528,1,30082198,155084
2,0,1,60,30,0,2103875358,1,7504648,152064519,1269528,1,30082198,155084
2,0,1,60,30,0,1287590685,2,7504648,152064519,1269528,1,30082198,155084
2,0,1,60,30,0,2039648170,3,7504648,152064519,1269528,1,30082198,155084
2,0,1,60,30,0,71455195,4,7504648,152064519,1269528,1,30082198,155084
2,0,1,60,60,0,114448659,0,0,8566500,28796,0,1314865,10691
2,0,1,60,60,0,2038349447,1,0,8566500,28796,0,1314865,10691
2,0,1,60,60,0,1140444523,2,0,8566500,28796,0,1314865,10691
2,0,1,60,30,0,1582084743,5,7504648,152064519,1269528,1,30082198,155084
2,0,1,60,60,0,977290717,3,0,8566500,28796,0,1314865,10691
2,0,1,60,60,0,220568746,4,0,8566500,28796,0,1314865,10691
2,0,1,60,60,0,2063511828,5,0,8566500,28796,0,1314865,10691
2,0,1,60,60,0,732343731,6,0,8566500,28796,0,1314865,10691
2,0,1,60,60,0,1632905061,7,0,8566500,28796,0,1314865,10691
2,0,1,60,60,0,634691836,8,0,8566500,28796,0,1314865,10691
2,0,1,60,60,0,1040226318,9,0,8566500,28796,0,1314865,10691
2,0,1,60,30,0,470748124,7,7504648,152064519,1269528,1,30082198,155084
2,0,1,60,30,0,1789026838,8,7504648,152064519,1269528,1,30082198,155084
2,0,1,60,30,0,1422663210,6,7504648,152064519,1269528,1,30082198,155084
2,0,1,60,30,0,1321466224,9,7504648,152064519,1269528,1,30082198,155084
2,0,1,120,0,0,471997674,1,0,524288000,764972,0,0,0
2,0,1,120,0,0,135594311,0,0,524288000,764972,0,0,0
2,0,1,120,0,0,1894246230,4,0,524288000,764972,0,0,0
2,0,1,120,0,0,819412471,2,0,524288000,764972,0,0,0
2,0,1,120,0,0,81335390,3,0,524288000,764972,0,0,0
2,0,1,120,0,0,1347298951,5,0,524288000,764972,0,0,0
2,0,1,120,0,0,1798647685,6,0,524288000,764972,0,0,0
2,0,1,120,0,0,875708102,9,0,524288000,764972,0,0,0
2,0,1,120,0,0,1773650170,8,0,524288000,764972,0,0,0
2,0,1,120,0,0,650392310,7,0,524288000,764972,0,0,0
2,0,1,120,2,0,1762557538,0,0,524288000,764972,0,0,0
2,0,1,120,2,0,267496095,2,0,524288000,764972,0,0,0
2,0,1,120,2,0,890525840,4,0,524288000,764972,0,0,0
2,0,1,120,2,0,2025530021,1,0,524288000,764972,0,0,0
2,0,1,120,2,0,593059748,3,0,524288000,764972,0,0,0
2,0,1,120,2,0,2054587733,6,0,524288000,764972,0,0,0
2,0,1,120,2,0,1396077115,5,0,524288000,764972,0,0,0
2,0,1,120,2,0,1347557120,8,0,524288000,764972,0,0,0
2,0,1,120,2,0,1618450083,7,0,524288000,764972,0,0,0
2,0,1,120,2,0,743812855,9,0,524288000,764972,0,0,0
2,0,1,120,5,0,1470283342,1,0,524288000,764972,0,0,0
2,0,1,120,5,0,1974239820,0,0,524288000,764972,0,0,0
2,0,1,120,5,0,1135426914,3,0,524288000,764972,0,0,0
2,0,1,120,5,0,825768309,5,0,524288000,764972,0,0,0
2,0,1,120,5,0,1521651018,2,0,524288000,764972,0,0,0
2,0,1,120,5,0,2079537716,4,0,524288000,764972,0,0,0
2,0,1,120,5,0,1058791632,6,0,524288000,764972,0,0,0
2,0,1,120,5,0,1198323340,7,0,524288000,764972,0,0,0
2,0,1,120,5,0,965796553,9,0,524288000,764972,0,0,0
2,0,1,120,5,0,1282044148,8,0,524288000,764972,0,0,0
2,0,1,120,10,0,1241263320,1,0,524288000,764972,0,0,0
2,0,1,120,10,0,1278244804,0,0,524288000,764972,0,0,0
2,0,1,120,10,0,2100252248,3,0,524288000,764972,0,0,0
2,0,1,120,10,0,890251346,2,0,524288000,764972,0,0,0
2,0,1,120,10,0,1361679629,4,0,524288000,764972,0,0,0
2,0,1,120,10,0,2060740001,5,0,524288000,764972,0,0,0
2,0,1,120,10,0,1498098234,6,0,524288000,764972,0,0,0
2,0,1,120,10,0,1174491176,7,0,524288000,764972,0,0,0
2,0,1,120,10,0,1236045959,8,0,524288000,764972,0,0,0
2,0,1,120,10,0,523445293,9,0,524288000,764972,0,0,0
2,0,1,120,20,0,1630774093,0,0,524288000,764972,0,0,0
2,0,1,120,20,0,1694503971,1,0,524288000,764972,0,0,0
2,0,1,120,20,0,629110165,3,0,524288000,764972,0,0,0
2,0,1,120,20,0,1482342139,2,0,524288000,764972,0,0,0
2,0,1,120,20,0,1247484671,4,0,524288000,764972,0,0,0
2,0,1,120,20,0,180674181,5,0,524288000,764972,0,0,0
2,0,1,120,20,0,1235362881,6,0,524288000,764972,0,0,0
2,0,1,120,20,0,339428835,7,0,524288000,764972,0,0,0
2,0,1,120,20,0,1899990924,9,0,524288000,764972,0,0,0
2,0,1,120,20,0,1487619960,8,0,524288000,764972,0,0,0
2,0,1,120,30,0,1101418477,0,0,524288000,764972,0,0,0
2,0,1,120,30,0,2057629778,1,0,524288000,764972,0,0,0
2,0,1,120,30,0,919066362,2,0,524288000,764972,0,0,0
2,0,1,120,30,0,1164506150,4,0,524288000,764972,0,0,0
2,0,1,120,30,0,867875464,3,0,524288000,764972,0,0,0
2,0,1,120,30,0,1166605339,5,0,524288000,764972,0,0,0
2,0,1,120,30,0,469124598,7,0,524288000,764972,0,0,0
2,0,1,120,30,0,589582865,6,0,524288000,764972,0,0,0
2,0,1,120,30,0,1041349374,9,0,524288000,764972,0,0,0
2,0,1,120,30,0,1027708670,8,0,524288000,764972,0,0,0
2,0,1,120,60,0,218035843,0,0,524288000,764972,0,0,0
2,0,1,120,60,0,225447588,3,0,524288000,764972,0,0,0
2,0,1,120,60,0,1000025413,2,0,524288000,764972,0,0,0
2,0,1,120,60,0,969252345,1,0,524288000,764972,0,0,0
2,0,1,120,60,0,430346953,4,0,524288000,764972,0,0,0
2,0,1,120,60,0,1775115854,5,0,524288000,764972,0,0,0
2,0,1,120,60,0,2028959334,7,0,524288000,764972,0,0,0
2,0,1,120,60,0,590416424,9,0,524288000,764972,0,0,0
2,0,1,120,60,0,1418600299,6,0,524288000,764972,0,0,0
2,1,0,30,0,0,22254113,0,2500381,338555606,1317104,1,49922738,75095
2,1,0,30,0,0,678351760,1,2500381,338555606,1317104,1,49922738,75095
2,0,1,120,60,0,431837075,8,0,524288000,764972,0,0,0
2,1,0,30,0,0,1747654202,2,2500381,338555606,1317104,1,49922738,75095
2,1,0,30,0,0,2043114400,3,2500381,338555606,1317104,1,49922738,75095
2,1,0,30,0,0,856656865,5,2500381,338555606,1317104,1,49922738,75095
2,1,0,30,0,0,2050625761,4,2500381,338555606,1317104,1,49922738,75095
2,1,0,30,0,0,1379404786,7,2500381,338555606,1317104,1,49922738,75095
2,1,0,30,0,0,1233708056,6,2500381,338555606,1317104,1,49922738,75095
2,1,0,30,0,0,1225849566,8,2500381,338555606,1317104,1,49922738,75095
2,1,0,30,2,0,384230848,0,500020,343209595,1317104,1,49918410,73217
2,1,0,30,0,0,254101373,9,2500381,338555606,1317104,1,49922738,75095
2,1,0,30,2,0,160194739,2,500020,343209595,1317104,1,49918410,73217
2,1,0,30,2,0,997378157,1,500020,343209595,1317104,1,49918410,73217
2,1,0,30,2,0,751897503,3,500020,343209595,1317104,1,49918410,73217
2,1,0,30,2,0,1794802316,4,500020,343209595,1317104,1,49918410,73217
2,1,0,30,2,0,755006725,5,500020,343209595,1317104,1,49918410,73217
2,1,0,30,2,0,1705078697,7,500020,343209595,1317104,1,49918410,73217
2,1,0,30,2,0,2127657643,8,500020,343209595,1317104,1,49918410,73217
2,1,0,30,2,0,156078445,6,500020,343209595,1317104,1,49918410,73217
2,1,0,30,5,0,1243251189,0,500035,343214468,1317104,1,49920846,71517
2,1,0,30,5,0,160916026,1,500035,343214468,1317104,1,49920846,71517
2,1,0,30,2,0,800202342,9,500020,343209595,1317104,1,49918410,73217
2,1,0,30,5,0,39802179,2,500035,343214468,1317104,1,49920846,71517
2,1,0,30,5,0,1281584789,3,500035,343214468,1317104,1,49920846,71517
2,1,0,30,5,0,460852958,4,500035,343214468,1317104,1,49920846,71517
2,1,0,30,5,0,1222182982,6,500035,343214468,1317104,1,49920846,71517
2,1,0,30,5,0,2121337685,8,500035,343214468,1317104,1,49920846,71517
2,1,0,30,5,0,1438994940,5,500035,343214468,1317104,1,49920846,71517
2,1,0,30,5,0,1951414407,7,500035,343214468,1317104,1,49920846,71517
2,1,0,30,5,0,576384364,9,500035,343214468,1317104,1,49920846,71517
2,1,0,30,10,0,828118650,2,500014,343231531,1317104,1,49922470,72455
2,1,0,30,10,0,2010133918,0,500014,343231531,1317104,1,49922470,72455
2,1,0,30,10,0,1420277403,4,500014,343231531,1317104,1,49922470,72455
2,1,0,30,10,0,1171826349,1,500014,343231531,1317104,1,49922470,72455
2,1,0,30,10,0,483814153,3,500014,343231531,1317104,1,49922470,72455
2,1,0,30,10,0,697907532,5,500014,343231531,1317104,1,49922470,72455
2,1,0,30,10,0,1971022633,6,500014,343231531,1317104,1,49922470,72455
2,1,0,30,10,0,1104944224,7,500014,343231531,1317104,1,49922470,72455
2,1,0,30,10,0,60491148,9,500014,343231531,1317104,1,49922470,72455
2,1,0,30,10,0,799718923,8,500014,343231531,1317104,1,49922470,72455
2,1,0,30,20,0,1447885778,0,500021,343240033,1317104,1,49922467,75925
2,1,0,30,20,0,1267119521,1,500021,343240033,1317104,1,49922467,75925
2,1,0,30,20,0,829621429,2,500021,343240033,1317104,1,49922467,75925
2,1,0,30,20,0,1836971472,5,500021,343240033,1317104,1,49922467,75925
2,1,0,30,20,0,753744909,3,500021,343240033,1317104,1,49922467,75925
2,1,0,30,20,0,1741567887,4,500021,343240033,1317104,1,49922467,75925
2,1,0,30,30,0,793629209,0,0,24333633,27544,0,3557998,7007
2,1,0,30,30,0,603923411,1,0,24333633,27544,0,3557998,7007
2,1,0,30,30,0,1389858576,3,0,24333633,27544,0,3557998,7007
2,1,0,30,30,0,2050649750,2,0,24333633,27544,0,3557998,7007
2,1,0,30,30,0,1065354117,4,0,24333633,27544,0,3557998,7007
2,1,0,30,30,0,29335155,5,0,24333633,27544,0,3557998,7007
2,1,0,30,30,0,1120064235,6,0,24333633,27544,0,3557998,7007
2,1,0,30,30,0,1011556076,8,0,24333633,27544,0,3557998,7007
2,1,0,30,30,0,1647439475,7,0,24333633,27544,0,3557998,7007
2,1,0,30,30,0,1918714457,9,0,24333633,27544,0,3557998,7007
2,1,0,30,20,0,372535899,7,500021,343240033,1317104,1,49922467,75925
2,1,0,30,20,0,1408434291,6,500021,343240033,1317104,1,49922467,75925
2,1,0,30,20,0,1721565695,8,500021,343240033,1317104,1,49922467,75925
2,1,0,30,20,0,409675904,9,500021,343240033,1317104,1,49922467,75925
2,1,0,60,0,0,1296847488,2,500021,304314277,1317104,1,49920690,69633
2,1,0,60,0,0,1146731886,0,500021,304314277,1317104,1,49920690,69633
2,1,0,60,0,0,1415729895,1,500021,304314277,1317104,1,49920690,69633
2,1,0,60,0,0,49116110,3,500021,304314277,1317104,1,49920690,69633
2,1,0,60,0,0,1123362233,4,500021,304314277,1317104,1,49920690,69633
2,1,0,60,0,0,1544264464,5,500021,304314277,1317104,1,49920690,69633
2,1,0,60,0,0,507771858,8,500021,304314277,1317104,1,49920690,69633
2,1,0,60,0,0,1998856257,9,500021,304314277,1317104,1,49920690,69633
2,1,0,60,0,0,266821961,7,500021,304314277,1317104,1,49920690,69633
2,1,0,60,0,0,1014911848,6,500021,304314277,1317104,1,49920690,69633
2,1,0,60,2,0,1317723211,0,500025,304946419,1317104,1,49921026,69595
2,1,0,60,2,0,685978550,1,500025,304946419,1317104,1,49921026,69595
2,1,0,60,2,0,504296774,4,500025,304946419,1317104,1,49921026,69595
2,1,0,60,2,0,1335640103,3,500025,304946419,1317104,1,49921026,69595
2,1,0,60,2,0,1267176863,5,500025,304946419,1317104,1,49921026,69595
2,1,0,60,2,0,1741251076,2,500025,304946419,1317104,1,49921026,69595
2,1,0,60,2,0,948540266,7,500025,304946419,1317104,1,49921026,69595
2,1,0,60,2,0,1578589030,6,500025,304946419,1317104,1,49921026,69595
2,1,0,60,2,0,941150163,8,500025,304946419,1317104,1,49921026,69595
2,1,0,60,2,0,573673552,9,500025,304946419,1317104,1,49921026,69595
2,1,0,60,5,0,2053775623,0,500157,306065761,1317104,1,49924152,72812
2,1,0,60,5,0,1604706474,3,500157,306065761,1317104,1,49924152,72812
2,1,0,60,5,0,1786043319,4,500157,306065761,1317104,1,49924152,72812
2,1,0,60,5,0,657926994,1,500157,306065761,1317104,1,49924152,72812
2,1,0,60,5,0,1954118497,2,500157,306065761,1317104,1,49924152,72812
2,1,0,60,5,0,2022191192,5,500157,306065761,1317104,1,49924152,72812
2,1,0,60,5,0,938070754,6,500157,306065761,1317104,1,49924152,72812
2,1,0,60,5,0,1062855922,7,500157,306065761,1317104,1,49924152,72812
2,1,0,60,5,0,351630288,8,500157,306065761,1317104,1,49924152,72812
2,1,0,60,5,0,1918767949,9,500157,306065761,1317104,1,49924152,72812
2,1,0,60,10,0,1553854176,0,500240,304423909,1317104,1,49921026,78510
2,1,0,60,10,0,335448617,1,500240,304423909,1317104,1,49921026,78510
2,1,0,60,10,0,868256753,4,500240,304423909,1317104,1,49921026,78510
2,1,0,60,10,0,481933114,2,500240,304423909,1317104,1,49921026,78510
2,1,0,60,10,0,265248799,3,500240,304423909,1317104,1,49921026,78510
2,1,0,60,10,0,706681697,6,500240,304423909,1317104,1,49921026,78510
2,1,0,60,10,0,643611097,5,500240,304423909,1317104,1,49921026,78510
2,1,0,60,10,0,1897690739,8,500240,304423909,1317104,1,49921026,78510
2,1,0,60,20,0,882192670,0,500096,304568851,1317104,1,49921362,74503
2,1,0,60,10,0,1409254497,7,500240,304423909,1317104,1,49921026,78510
2,1,0,60,10,0,499247083,9,500240,304423909,1317104,1,49921026,78510
2,1,0,60,20,0,2099500153,1,500096,304568851,1317104,1,49921362,74503
2,1,0,60,20,0,390591367,2,500096,304568851,1317104,1,49921362,74503
2,1,0,60,20,0,1913333579,3,500096,304568851,1317104,1,49921362,74503
2,1,0,60,20,0,1947476917,5,500096,304568851,1317104,1,49921362,74503
2,1,0,60,20,0,238953970,4,500096,304568851,1317104,1,49921362,74503
2,1,0,60,20,0,1784234958,7,500096,304568851,1317104,1,49921362,74503
2,1,0,60,20,0,566696611,6,500096,304568851,1317104,1,49921362,74503
2,1,0,60,20,0,1961934510,8,500096,304568851,1317104,1,49921362,74503
2,1,0,60,20,0,247977570,9,500096,304568851,1317104,1,49921362,74503
2,1,0,60,30,0,1323578190,1,500024,304678471,1317104,1,49921362,72896
2,1,0,60,30,0,93503397,2,500024,304678471,1317104,1,49921362,72896
2,1,0,60,30,0,1985899701,0,500024,304678471,1317104,1,49921362,72896
2,1,0,60,30,0,1092885428,4,500024,304678471,1317104,1,49921362,72896
2,1,0,60,30,0,1700586760,3,500024,304678471,1317104,1,49921362,72896
2,1,0,60,60,0,1479740208,0,0,24339723,27544,0,3558540,7893
2,1,0,60,60,0,273846739,1,0,24339723,27544,0,3558540,7893
2,1,0,60,60,0,258795967,2,0,24339723,27544,0,3558540,7893
2,1,0,60,30,0,935878994,6,500024,304678471,1317104,1,49921362,72896
2,1,0,60,60,0,296434961,3,0,24339723,27544,0,3558540,7893
2,1,0,60,60,0,2027530378,4,0,24339723,27544,0,3558540,7893
2,1,0,60,30,0,313659437,7,500024,304678471,1317104,1,49921362,72896
2,1,0,60,30,0,12951344,5,500024,304678471,1317104,1,49921362,72896
2,1,0,60,60,0,136300252,5,0,24339723,27544,0,3558540,7893
2,1,0,60,60,0,1756070122,7,0,24339723,27544,0,3558540,7893
2,1,0,60,60,0,1233045201,6,0,24339723,27544,0,3558540,7893
2,1,0,60,60,0,773013901,8,0,24339723,27544,0,3558540,7893
2,1,0,60,60,0,581662546,9,0,24339723,27544,0,3558540,7893
2,1,0,60,30,0,194518221,8,500024,304678471,1317104,1,49921362,72896
2,1,0,60,30,0,1819766421,9,500024,304678471,1317104,1,49921362,72896
2,1,0,120,0,0,1926452312,3,2500287,78772747,1317104,1,4406564,4406564
2,1,0,120,0,0,1805440796,0,2500287,78772747,1317104,1,4406564,4406564
2,1,0,120,0,0,1642737456,2,2500287,78772747,1317104,1,4406564,4406564
2,1,0,120,0,0,1608297407,1,2500287,78772747,1317104,1,4406564,4406564
2,1,0,120,0,0,1621334484,4,2500287,78772747,1317104,1,4406564,4406564
2,1,0,120,0,0,1613385303,5,2500287,78772747,1317104,1,4406564,4406564
2,1,0,120,0,0,344671094,6,2500287,78772747,1317104,1,4406564,4406564
2,1,0,120,0,0,1493660313,8,2500287,78772747,1317104,1,4406564,4406564
2,1,0,120,0,0,571186857,7,2500287,78772747,1317104,1,4406564,4406564
2,1,0,120,0,0,509525588,9,2500287,78772747,1317104,1,4406564,4406564
2,1,0,120,2,0,766538381,0,500039,78810505,1317104,1,15699284,15699284
2,1,0,120,2,0,546951552,2,500039,78810505,1317104,1,15699284,15699284
2,1,0,120,2,0,1688173960,1,500039,78810505,1317104,1,15699284,15699284
2,1,0,120,2,0,956447193,3,500039,78810505,1317104,1,15699284,15699284
2,1,0,120,2,0,97647459,5,500039,78810505,1317104,1,15699284,15699284
2,1,0,120,2,0,1281459294,6,500039,78810505,1317104,1,15699284,15699284
2,1,0,120,2,0,14917670,4,500039,78810505,1317104,1,15699284,15699284
2,1,0,120,2,0,1988586594,7,500039,78810505,1317104,1,15699284,15699284
2,1,0,120,2,0,1628980027,9,500039,78810505,1317104,1,15699284,15699284
2,1,0,120,5,0,986399651,0,500053,78847045,1317104,1,31525240,0
2,1,0,120,2,0,1821616017,8,500039,78810505,1317104,1,15699284,15699284
2,1,0,120,5,0,1063056115,1,500053,78847045,1317104,1,31525240,0
2,1,0,120,5,0,1978370498,2,500053,78847045,1317104,1,31525240,0
2,1,0,120,5,0,666241244,4,500053,78847045,1317104,1,31525240,0
2,1,0,120,5,0,1183906581,5,500053,78847045,1317104,1,31525240,0
2,1,0,120,5,0,809517372,6,500053,78847045,1317104,1,31525240,0
2,1,0,120,5,0,1486744752,3,500053,78847045,1317104,1,31525240,0
2,1,0,120,5,0,484664056,7,500053,78847045,1317104,1,31525240,0
2,1,0,120,5,0,138372291,8,500053,78847045,1317104,1,31525240,0
2,1,0,120,10,0,67198189,0,500310,78918907,1317104,1,31700632,0
2,1,0,120,10,0,885113834,2,500310,78918907,1317104,1,31700632,0
2,1,0,120,5,0,1800624665,9,500053,78847045,1317104,1,31525240,0
2,1,0,120,10,0,289012242,3,500310,78918907,1317104,1,31700632,0
2,1,0,120,10,0,1033653860,1,500310,78918907,1317104,1,31700632,0
2,1,0,120,10,0,433348075,4,500310,78918907,1317104,1,31700632,0
2,1,0,120,10,0,144208994,5,500310,78918907,1317104,1,31700632,0
2,1,0,120,10,0,1917449772,6,500310,78918907,1317104,1,31700632,0
2,1,0,120,10,0,1051125170,8,500310,78918907,1317104,1,31700632,0
2,1,0,120,10,0,189995314,9,500310,78918907,1317104,1,31700632,0
2,1,0,120,20,0,1885330933,1,500185,79065067,1317104,1,16547012,16547012
2,1,0,120,10,0,209063208,7,500310,78918907,1317104,1,31700632,0
2,1,0,120,20,0,1727716512,0,500185,79065067,1317104,1,16547012,16547012
2,1,0,120,20,0,1006479526,2,500185,79065067,1317104,1,16547012,16547012
2,1,0,120,20,0,242425303,4,500185,79065067,1317104,1,16547012,16547012
2,1,0,120,20,0,601877719,5,500185,79065067,1317104,1,16547012,16547012
2,1,0,120,20,0,1005716063,7,500185,79065067,1317104,1,16547012,16547012
2,1,0,120,20,0,933164135,3,500185,79065067,1317104,1,16547012,16547012
2,1,0,120,20,0,1369680934,8,500185,79065067,1317104,1,16547012,16547012
2,1,0,120,20,0,1242377075,6,500185,79065067,1317104,1,16547012,16547012
2,1,0,120,20,0,1377246195,9,500185,79065067,1317104,1,16547012,16547012
2,1,0,120,30,0,1296068379,1,500004,79178341,1317104,1,16970876,16970876
2,1,0,120,30,0,1017495081,0,500004,79178341,1317104,1,16970876,16970876
2,1,0,120,30,0,949371357,3,500004,79178341,1317104,1,16970876,16970876
2,1,0,120,30,0,615298850,2,500004,79178341,1317104,1,16970876,16970876
2,1,0,120,30,0,1776227561,4,500004,79178341,1317104,1,16970876,16970876
2,1,0,120,30,0,1181777110,6,500004,79178341,1317104,1,16970876,16970876
2,1,0,120,30,0,1290641764,5,500004,79178341,1317104,1,16970876,16970876
2,1,0,120,30,0,261811056,7,500004,79178341,1317104,1,16970876,16970876
2,1,0,120,30,0,752191321,8,500004,79178341,1317104,1,16970876,16970876
2,1,0,120,60,0,2128675098,0,500117,79575421,1317104,1,18705356,18705356
2,1,0,120,30,0,1834812535,9,500004,79178341,1317104,1,16970876,16970876
2,1,0,120,60,0,1637046672,3,500117,79575421,1317104,1,18705356,18705356
2,1,0,120,60,0,1368954072,4,500117,79575421,1317104,1,18705356,18705356
2,1,0,120,60,0,201365642,1,500117,79575421,1317104,1,18705356,18705356
2,1,0,120,60,0,1788100692,5,500117,79575421,1317104,1,18705356,18705356
2,1,0,120,60,0,1479250414,2,500117,79575421,1317104,1,18705356,18705356
2,1,0,120,60,0,1753459822,6,500117,79575421,1317104,1,18705356,18705356
2,1,2,30,0,0,789754192,0,1501206,62748234,1317104,1,10163802,2750770
2,1,2,30,0,0,2033747850,1,1501206,62748234,1317104,1,10163802,2750770
2,1,0,120,60,0,1288011277,8,500117,79575421,1317104,1,18705356,18705356
2,1,2,30,0,0,1034950478,2,1501206,62748234,1317104,1,10163802,2750770
2,1,0,120,60,0,640884760,7,500117,79575421,1317104,1,18705356,18705356
2,1,2,30,0,0,967847466,3,1501206,62748234,1317104,1,10163802,2750770
2,1,2,30,0,0,1988677919,6,1501206,62748234,1317104,1,10163802,2750770
2,1,2,30,0,0,619986018,5,1501206,62748234,1317104,1,10163802,2750770
2,1,2,30,0,0,1291653057,4,1501206,62748234,1317104,1,10163802,2750770
2,1,2,30,0,0,247492925,7,1501206,62748234,1317104,1,10163802,2750770
2,1,0,120,60,0,1616884203,9,500117,79575421,1317104,1,18705356,18705356
2,1,2,30,0,0,1772436303,8,1501206,62748234,1317104,1,10163802,2750770
2,1,2,30,2,0,575923974,0,1500601,66101490,1317104,1,10027288,86304
2,1,2,30,2,0,1668247132,1,1500601,66101490,1317104,1,10027288,86304
2,1,2,30,0,0,1788887661,9,1501206,62748234,1317104,1,10163802,2750770
2,1,2,30,2,0,1095197958,3,1500601,66101490,1317104,1,10027288,86304
2,1,2,30,2,0,1043069385,2,1500601,66101490,1317104,1,10027288,86304
2,1,2,30,2,0,873324617,4,1500601,66101490,1317104,1,10027288,86304
2,1,2,30,2,0,339604915,6,1500601,66101490,1317104,1,10027288,86304
2,1,2,30,2,0,1418468740,5,1500601,66101490,1317104,1,10027288,86304
2,1,2,30,2,0,1593765711,8,1500601,66101490,1317104,1,10027288,86304
2,1,2,30,2,0,1931819683,7,1500601,66101490,1317104,1,10027288,86304
2,1,2,30,2,0,397129827,9,1500601,66101490,1317104,1,10027288,86304
2,1,2,30,5,0,818112342,0,1500616,64730839,1317104,1,10183351,3313505
2,1,2,30,5,0,221348142,1,1500616,64730839,1317104,1,10183351,3313505
2,1,2,30,5,0,1153033730,2,1500616,64730839,1317104,1,10183351,3313505
2,1,2,30,5,0,1619924126,3,1500616,64730839,1317104,1,10183351,3313505
2,1,2,30,5,0,312606333,5,1500616,64730839,1317104,1,10183351,3313505
2,1,2,30,5,0,808155185,6,1500616,64730839,1317104,1,10183351,3313505
2,1,2,30,5,0,169855455,4,1500616,64730839,1317104,1,10183351,3313505
2,1,2,30,5,0,932078864,7,1500616,64730839,1317104,1,10183351,3313505
2,1,2,30,10,0,1430070821,0,1500920,65083739,1317104,1,10198358,3245284
2,1,2,30,5,0,2058982440,8,1500616,64730839,1317104,1,10183351,3313505
2,1,2,30,10,0,1302182635,1,1500920,65083739,1317104,1,10198358,3245284
2,1,2,30,5,0,897171779,9,1500616,64730839,1317104,1,10183351,3313505
2,1,2,30,10,0,65857791,2,1500920,65083739,1317104,1,10198358,3245284
2,1,2,30,10,0,909707455,3,1500920,65083739,1317104,1,10198358,3245284
2,1,2,30,10,0,2056949493,6,1500920,65083739,1317104,1,10198358,3245284
2,1,2,30,10,0,503869216,5,1500920,65083739,1317104,1,10198358,3245284
2,1,2,30,10,0,1703521697,9,1500920,65083739,1317104,1,10198358,3245284
2,1,2,30,10,0,816145550,4,1500920,65083739,1317104,1,10198358,3245284
2,1,2,30,10,0,878377268,8,1500920,65083739,1317104,1,10198358,3245284
2,1,2,30,10,0,1041929790,7,1500920,65083739,1317104,1,10198358,3245284
2,1,2,30,20,0,1027918636,0,1500602,66270350,1317104,1,10201810,3003529
2,1,2,30,20,0,1381325941,1,1500602,66270350,1317104,1,10201810,3003529
2,1,2,30,20,0,1215730003,2,1500602,66270350,1317104,1,10201810,3003529
2,1,2,30,20,0,1634929736,3,1500602,66270350,1317104,1,10201810,3003529
2,1,2,30,20,0,1543008060,5,1500602,66270350,1317104,1,10201810,3003529
2,1,2,30,20,0,2002530485,4,1500602,66270350,1317104,1,10201810,3003529
2,1,2,30,30,0,2001472250,0,0,3501703,41316,0,535909,4052
2,1,2,30,20,0,1123398645,7,1500602,66270350,1317104,1,10201810,3003529
2,1,2,30,30,0,2016446001,2,0,3501703,41316,0,535909,4052
2,1,2,30,30,0,423519117,1,0,3501703,41316,0,535909,4052
2,1,2,30,30,0,1375391482,3,0,3501703,41316,0,535909,4052
2,1,2,30,30,0,1592165525,5,0,3501703,41316,0,535909,4052
2,1,2,30,30,0,872425923,4,0,3501703,41316,0,535909,4052
2,1,2,30,20,0,1324663629,6,1500602,66270350,1317104,1,10201810,3003529
2,1,2,30,30,0,196346343,8,0,3501703,41316,0,535909,4052
2,1,2,30,30,0,1343989841,6,0,3501703,41316,0,535909,4052
2,1,2,30,30,0,1777816561,7,0,3501703,41316,0,535909,4052
2,1,2,30,30,0,950365001,9,0,3501703,41316,0,535909,4052
2,1,2,30,20,0,1544661869,8,1500602,66270350,1317104,1,10201810,3003529
2,1,2,30,20,0,2135789708,9,1500602,66270350,1317104,1,10201810,3003529
2,1,2,60,0,0,1120016279,2,1500926,66458334,1317104,1,10033306,80929
2,1,2,60,0,0,69663945,1,1500926,66458334,1317104,1,10033306,80929
2,1,2,60,0,0,1267841227,4,1500926,66458334,1317104,1,10033306,80929
2,1,2,60,0,0,626733282,0,1500926,66458334,1317104,1,10033306,80929
2,1,2,60,0,0,1793484162,3,1500926,66458334,1317104,1,10033306,80929
2,1,2,60,0,0,654602021,5,1500926,66458334,1317104,1,10033306,80929
2,1,2,60,0,0,842637307,6,1500926,66458334,1317104,1,10033306,80929
2,1,2,60,0,0,1416760621,7,1500926,66458334,1317104,1,10033306,80929
2,1,2,60,0,0,987922467,8,1500926,66458334,1317104,1,10033306,80929
2,1,2,60,2,0,1055402371,0,1500178,69297438,1317104,1,10198456,2653774
2,1,2,60,2,0,1449827559,2,1500178,69297438,1317104,1,10198456,2653774
2,1,2,60,2,0,2144483523,1,1500178,69297438,1317104,1,10198456,2653774
2,1,2,60,0,0,1631399401,9,1500926,66458334,1317104,1,10033306,80929
2,1,2,60,2,0,2098611616,4,1500178,69297438,1317104,1,10198456,2653774
2,1,2,60,2,0,1105209993,3,1500178,69297438,1317104,1,10198456,2653774
2,1,2,60,2,0,2107091983,5,1500178,69297438,1317104,1,10198456,2653774
2,1,2,60,2,0,1512585138,8,1500178,69297438,1317104,1,10198456,2653774
2,1,2,60,2,0,1979245480,6,1500178,69297438,1317104,1,10198456,2653774
2,1,2,60,2,0,722558006,7,1500178,69297438,1317104,1,10198456,2653774
2,1,2,60,5,0,2097302637,1,15504218,63789506,1317104,1,10174086,2974081
2,1,2,60,2,0,726990714,9,1500178,69297438,1317104,1,10198456,2653774
2,1,2,60,5,0,601117291,0,15504218,63789506,1317104,1,10174086,2974081
2,1,2,60,5,0,145271935,4,15504218,63789506,1317104,1,10174086,2974081
2,1,2,60,5,0,252252252,3,15504218,63789506,1317104,1,10174086,2974081
2,1,2,60,5,0,790479137,2,15504218,63789506,1317104,1,10174086,2974081
2,1,2,60,5,0,208367732,6,15504218,63789506,1317104,1,10174086,2974081
2,1,2,60,5,0,319246679,5,15504218,63789506,1317104,1,10174086,2974081
2,1,2,60,5,0,27418321,7,15504218,63789506,1317104,1,10174086,2974081
2,1,2,60,10,0,993998848,0,1500597,64847867,1317104,1,10192913,1014239
2,1,2,60,5,0,590521614,9,15504218,63789506,1317104,1,10174086,2974081
2,1,2,60,5,0,1771211118,8,15504218,63789506,1317104,1,10174086,2974081
2,1,2,60,10,0,39262289,3,1500597,64847867,1317104,1,10192913,1014239
2,1,2,60,10,0,648667392,2,1500597,64847867,1317104,1,10192913,1014239
2,1,2,60,10,0,291920078,1,1500597,64847867,1317104,1,10192913,1014239
2,1,2,60,10,0,1958546579,5,1500597,64847867,1317104,1,10192913,1014239
2,1,2,60,10,0,939393836,4,1500597,64847867,1317104,1,10192913,1014239
2,1,2,60,10,0,1602884797,6,1500597,64847867,1317104,1,10192913,1014239
2,1,2,60,10,0,2095318649,9,1500597,64847867,1317104,1,10192913,1014239
2,1,2,60,10,0,259631271,7,1500597,64847867,1317104,1,10192913,1014239
2,1,2,60,10,0,2075346043,8,1500597,64847867,1317104,1,10192913,1014239
2,1,2,60,20,0,28399849,1,1500753,64433346,1317104,1,10126059,1807190
2,1,2,60,20,0,50899550,3,1500753,64433346,1317104,1,10126059,1807190
2,1,2,60,20,0,1180002487,5,1500753,64433346,1317104,1,10126059,1807190
2,1,2,60,20,0,67567428,0,1500753,64433346,1317104,1,10126059,1807190
2,1,2,60,20,0,1766685440,2,1500753,64433346,1317104,1,10126059,1807190
2,1,2,60,20,0,71838242,4,1500753,64433346,1317104,1,10126059,1807190
2,1,2,60,20,0,1231317910,6,1500753,64433346,1317104,1,10126059,1807190
2,1,2,60,20,0,73626894,7,1500753,64433346,1317104,1,10126059,1807190
2,1,2,60,20,0,1849297832,8,1500753,64433346,1317104,1,10126059,1807190
2,1,2,60,30,0,413665007,1,1500929,64304214,1317104,1,10021872,80007
2,1,2,60,30,0,459632043,0,1500929,64304214,1317104,1,10021872,80007
2,1,2,60,20,0,769945233,9,1500753,64433346,1317104,1,10126059,1807190
2,1,2,60,30,0,639509845,2,1500929,64304214,1317104,1,10021872,80007
2,1,2,60,30,0,824341906,4,1500929,64304214,1317104,1,10021872,80007
2,1,2,60,30,0,1084127872,5,1500929,64304214,1317104,1,10021872,80007
2,1,2,60,30,0,1034953269,3,1500929,64304214,1317104,1,10021872,80007
2,1,2,60,60,0,1602244331,0,0,3504143,41316,0,536180,4912
2,1,2,60,60,0,1743874444,1,0,3504143,41316,0,536180,4912
2,1,2,60,60,0,1971380304,2,0,3504143,41316,0,536180,4912
2,1,2,60,60,0,1044569947,3,0,3504143,41316,0,536180,4912
2,1,2,60,60,0,970049535,4,0,3504143,41316,0,536180,4912
2,1,2,60,60,0,1288381269,5,0,3504143,41316,0,536180,4912
2,1,2,60,60,0,346247039,6,0,3504143,41316,0,536180,4912
2,1,2,60,60,0,136083924,7,0,3504143,41316,0,536180,4912
2,1,2,60,60,0,401581601,8,0,3504143,41316,0,536180,4912
2,1,2,60,60,0,1740657035,9,0,3504143,41316,0,536180,4912
2,1,2,60,30,0,1522312933,6,1500929,64304214,1317104,1,10021872,80007
2,1,2,60,30,0,1148151005,7,1500929,64304214,1317104,1,10021872,80007
2,1,2,60,30,0,1704657157,8,1500929,64304214,1317104,1,10021872,80007
2,1,2,60,30,0,339385087,9,1500929,64304214,1317104,1,10021872,80007
2,1,2,120,0,0,2044426338,2,8503423,64277752,1317104,1,10037641,78570
2,1,2,120,0,0,1628926576,0,8503423,64277752,1317104,1,10037641,78570
2,1,2,120,0,0,40588163,4,8503423,64277752,1317104,1,10037641,78570
2,1,2,120,0,0,241011818,3,8503423,64277752,1317104,1,10037641,78570
2,1,2,120,0,0,1619930972,1,8503423,64277752,1317104,1,10037641,78570
2,1,2,120,0,0,2146875428,7,8503423,64277752,1317104,1,10037641,78570
2,1,2,120,0,0,736086849,5,8503423,64277752,1317104,1,10037641,78570
2,1,2,120,0,0,355134188,6,8503423,64277752,1317104,1,10037641,78570
2,1,2,120,0,0,1422796478,9,8503423,64277752,1317104,1,10037641,78570
2,1,2,120,0,0,1863627766,8,8503423,64277752,1317104,1,10037641,78570
2,1,2,120,2,0,409575959,0,1500944,64873030,1317104,1,10190489,2705846
2,1,2,120,2,0,182758417,1,1500944,64873030,1317104,1,10190489,2705846
2,1,2,120,2,0,2042258186,4,1500944,64873030,1317104,1,10190489,2705846
2,1,2,120,2,0,1164344392,5,1500944,64873030,1317104,1,10190489,2705846
2,1,2,120,2,0,908029328,3,1500944,64873030,1317104,1,10190489,2705846
2,1,2,120,2,0,986839603,2,1500944,64873030,1317104,1,10190489,2705846
2,1,2,120,2,0,199982132,6,1500944,64873030,1317104,1,10190489,2705846
2,1,2,120,2,0,1204192904,8,1500944,64873030,1317104,1,10190489,2705846
2,1,2,120,2,0,319322484,7,1500944,64873030,1317104,1,10190489,2705846
2,1,2,120,5,0,770321709,0,1500958,63384798,1317104,1,10173692,1683239
2,1,2,120,5,0,1350701477,1,1500958,63384798,1317104,1,10173692,1683239
2,1,2,120,5,0,67251004,2,1500958,63384798,1317104,1,10173692,1683239
2,1,2,120,2,0,141312095,9,1500944,64873030,1317104,1,10190489,2705846
2,1,2,120,5,0,619298045,4,1500958,63384798,1317104,1,10173692,1683239
2,1,2,120,5,0,1285384455,7,1500958,63384798,1317104,1,10173692,1683239
2,1,2,120,5,0,330444012,6,1500958,63384798,1317104,1,10173692,1683239
2,1,2,120,5,0,889737338,3,1500958,63384798,1317104,1,10173692,1683239
2,1,2,120,5,0,697718498,8,1500958,63384798,1317104,1,10173692,1683239
2,1,2,120,5,0,1710668371,5,1500958,63384798,1317104,1,10173692,1683239
2,1,2,120,10,0,1424768819,1,1501215,64249030,1317104,1,10179394,2261477
2,1,2,120,5,0,1032820212,9,1500958,63384798,1317104,1,10173692,1683239
2,1,2,120,10,0,1671414897,0,1501215,64249030,1317104,1,10179394,2261477
2,1,2,120,10,0,336844365,4,1501215,64249030,1317104,1,10179394,2261477
2,1,2,120,10,0,1648606935,2,1501215,64249030,1317104,1,10179394,2261477
2,1,2,120,10,0,601083212,3,1501215,64249030,1317104,1,10179394,2261477
2,1,2,120,10,0,230624431,6,1501215,64249030,1317104,1,10179394,2261477
2,1,2,120,10,0,1485455239,5,1501215,64249030,1317104,1,10179394,2261477
2,1,2,120,10,0,1877279755,8,1501215,64249030,1317104,1,10179394,2261477
2,1,2,120,10,0,419557255,7,1501215,64249030,1317104,1,10179394,2261477
2,1,2,120,20,0,326495888,0,1500843,64695372,1317104,1,10183361,3312775
2,1,2,120,10,0,997050893,9,1501215,64249030,1317104,1,10179394,2261477
2,1,2,120,20,0,1462834697,1,1500843,64695372,1317104,1,10183361,3312775
2,1,2,120,20,0,1703826594,2,1500843,64695372,1317104,1,10183361,3312775
2,1,2,120,20,0,127241247,4,1500843,64695372,1317104,1,10183361,3312775
2,1,2,120,20,0,1173930637,5,1500843,64695372,1317104,1,10183361,3312775
2,1,2,120,20,0,1401777036,3,1500843,64695372,1317104,1,10183361,3312775
2,1,2,120,20,0,2107125807,7,1500843,64695372,1317104,1,10183361,3312775
2,1,2,120,20,0,1935098341,6,1500843,64695372,1317104,1,10183361,3312775
2,1,2,120,20,0,1528197464,9,1500843,64695372,1317104,1,10183361,3312775
2,1,2,120,20,0,979846924,8,1500843,64695372,1317104,1,10183361,3312775
2,1,2,120,30,0,1854772804,1,1500585,66096866,1317104,1,10024365,82762
2,1,2,120,30,0,1612446667,0,1500585,66096866,1317104,1,10024365,82762
2,1,2,120,30,0,1632399901,3,1500585,66096866,1317104,1,10024365,82762
2,1,2,120,30,0,797737957,2,1500585,66096866,1317104,1,10024365,82762
2,1,2,120,30,0,368053428,4,1500585,66096866,1317104,1,10024365,82762
2,1,2,120,30,0,1058493748,6,1500585,66096866,1317104,1,10024365,82762
2,1,2,120,30,0,1268645208,5,1500585,66096866,1317104,1,10024365,82762
2,1,2,120,30,0,352350576,8,1500585,66096866,1317104,1,10024365,82762
2,1,2,120,30,0,315708805,7,1500585,66096866,1317104,1,10024365,82762
2,1,2,120,30,0,1150931110,9,1500585,66096866,1317104,1,10024365,82762
2,1,2,120,60,0,1632087531,1,1501022,66158451,1317104,1,10021061,83030
2,1,2,120,60,0,662614186,2,1501022,66158451,1317104,1,10021061,83030
2,1,2,120,60,0,1673413661,3,1501022,66158451,1317104,1,10021061,83030
2,1,2,120,60,0,1360122653,4,1501022,66158451,1317104,1,10021061,83030
2,1,2,120,60,0,662373991,0,1501022,66158451,1317104,1,10021061,83030
2,2,1,30,0,0,1910126009,0,1500256,204432841,1638720,1,30237499,155650
2,1,2,120,60,0,1549195708,5,1501022,66158451,1317104,1,10021061,83030
2,1,2,120,60,0,457632732,6,1501022,66158451,1317104,1,10021061,83030
2,1,2,120,60,0,393077279,7,1501022,66158451,1317104,1,10021061,83030
2,2,1,30,0,0,1545833869,1,1500256,204432841,1638720,1,30237499,155650
2,2,1,30,0,0,1158638062,2,1500256,204432841,1638720,1,30237499,155650
2,2,1,30,0,0,439080604,3,1500256,204432841,1638720,1,30237499,155650
2,1,2,120,60,0,22313296,8,1501022,66158451,1317104,1,10021061,83030
2,2,1,30,0,0,569113257,4,1500256,204432841,1638720,1,30237499,155650
2,1,2,120,60,0,1323998648,9,1501022,66158451,1317104,1,10021061,83030
2,2,1,30,0,0,804841598,6,1500256,204432841,1638720,1,30237499,155650
2,2,1,30,0,0,374938761,5,1500256,204432841,1638720,1,30237499,155650
2,2,1,30,0,0,1851042925,7,1500256,204432841,1638720,1,30237499,155650
2,2,1,30,0,0,1752536389,9,1500256,204432841,1638720,1,30237499,155650
2,2,1,30,2,0,443639751,0,1500587,204532646,1638720,1,30236564,141030
2,2,1,30,0,0,1927768913,8,1500256,204432841,1638720,1,30237499,155650
2,2,1,30,2,0,1520050282,3,1500587,204532646,1638720,1,30236564,141030
2,2,1,30,2,0,384909986,2,1500587,204532646,1638720,1,30236564,141030
2,2,1,30,2,0,399707954,4,1500587,204532646,1638720,1,30236564,141030
2,2,1,30,2,0,112794026,1,1500587,204532646,1638720,1,30236564,141030
2,2,1,30,2,0,1393417638,5,1500587,204532646,1638720,1,30236564,141030
2,2,1,30,2,0,1253474844,8,1500587,204532646,1638720,1,30236564,141030
2,2,1,30,2,0,53002550,7,1500587,204532646,1638720,1,30236564,141030
2,2,1,30,2,0,1654584280,6,1500587,204532646,1638720,1,30236564,141030
2,2,1,30,5,0,1665586415,0,1500549,204901023,1638720,1,30239686,162699
2,2,1,30,2,0,1777300707,9,1500587,204532646,1638720,1,30236564,141030
2,2,1,30,5,0,363781647,1,1500549,204901023,1638720,1,30239686,162699
2,2,1,30,5,0,728353118,3,1500549,204901023,1638720,1,30239686,162699
2,2,1,30,5,0,1635231601,4,1500549,204901023,1638720,1,30239686,162699
2,2,1,30,5,0,1042571199,2,1500549,204901023,1638720,1,30239686,162699
2,2,1,30,5,0,596313527,6,1500549,204901023,1638720,1,30239686,162699
2,2,1,30,5,0,1154998170,7,1500549,204901023,1638720,1,30239686,162699
2,2,1,30,5,0,728004476,5,1500549,204901023,1638720,1,30239686,162699
2,2,1,30,5,0,1152798401,9,1500549,204901023,1638720,1,30239686,162699
2,2,1,30,5,0,1293348937,8,1500549,204901023,1638720,1,30239686,162699
2,2,1,30,10,0,626785308,1,500345,205306934,1638720,1,30252184,154778
2,2,1,30,10,0,271730355,2,500345,205306934,1638720,1,30252184,154778
2,2,1,30,10,0,2117951204,0,500345,205306934,1638720,1,30252184,154778
2,2,1,30,10,0,718150313,3,500345,205306934,1638720,1,30252184,154778
2,2,1,30,10,0,1866920369,4,500345,205306934,1638720,1,30252184,154778
2,2,1,30,10,0,1808620775,6,500345,205306934,1638720,1,30252184,154778
2,2,1,30,10,0,1185247208,5,500345,205306934,1638720,1,30252184,154778
2,2,1,30,10,0,1287426116,7,500345,205306934,1638720,1,30252184,154778
2,2,1,30,10,0,330374745,9,500345,205306934,1638720,1,30252184,154778
2,2,1,30,10,0,2079757650,8,500345,205306934,1638720,1,30252184,154778
2,2,1,30,20,0,1551019709,0,1500354,203991412,1638720,1,30020678,1140120
2,2,1,30,20,0,1081042134,1,1500354,203991412,1638720,1,30020678,1140120
2,2,1,30,20,0,1059096258,2,1500354,203991412,1638720,1,30020678,1140120
2,2,1,30,20,0,1966500767,5,1500354,203991412,1638720,1,30020678,1140120
2,2,1,30,20,0,2129455245,3,1500354,203991412,1638720,1,30020678,1140120
2,2,1,30,20,0,459442845,6,1500354,203991412,1638720,1,30020678,1140120
2,2,1,30,20,0,839873216,4,1500354,203991412,1638720,1,30020678,1140120
2,2,1,30,20,0,1308496151,8,1500354,203991412,1638720,1,30020678,1140120
2,2,1,30,20,0,581923103,7,1500354,203991412,1638720,1,30020678,1140120
2,2,1,30,20,0,29065628,9,1500354,203991412,1638720,1,30020678,1140120
2,2,1,30,30,0,1426862057,1,1502211,202717593,1638720,1,30029736,1647390
2,2,1,30,30,0,1699484121,0,1502211,202717593,1638720,1,30029736,1647390
2,2,1,30,30,0,1631614931,2,1502211,202717593,1638720,1,30029736,1647390
2,2,1,30,30,0,1890743044,4,1502211,202717593,1638720,1,30029736,1647390
2,2,1,30,30,0,1437681124,5,1502211,202717593,1638720,1,30029736,1647390
2,2,1,30,30,0,1415370893,3,1502211,202717593,1638720,1,30029736,1647390
2,2,1,30,30,0,584650163,7,1502211,202717593,1638720,1,30029736,1647390
2,2,1,30,30,0,1849482575,6,1502211,202717593,1638720,1,30029736,1647390
2,2,1,30,30,0,1377246344,9,1502211,202717593,1638720,1,30029736,1647390
2,2,1,30,30,0,1290359719,8,1502211,202717593,1638720,1,30029736,1647390
2,2,1,60,0,0,862650571,0,2500150,204926277,1638720,1,30223438,123977
2,2,1,60,0,0,762946257,3,2500150,204926277,1638720,1,30223438,123977
2,2,1,60,0,0,2057331177,1,2500150,204926277,1638720,1,30223438,123977
2,2,1,60,0,0,1349406919,2,2500150,204926277,1638720,1,30223438,123977
2,2,1,60,0,0,1710425977,4,2500150,204926277,1638720,1,30223438,123977
2,2,1,60,0,0,1370685826,5,2500150,204926277,1638720,1,30223438,123977
2,2,1,60,0,0,1251760286,6,2500150,204926277,1638720,1,30223438,123977
2,2,1,60,0,0,2108860330,7,2500150,204926277,1638720,1,30223438,123977
2,2,1,60,0,0,1399670743,9,2500150,204926277,1638720,1,30223438,123977
2,2,1,60,0,0,1041204430,8,2500150,204926277,1638720,1,30223438,123977
2,2,1,60,2,0,1615145225,0,2501850,203649625,1638720,1,30217190,131872
2,2,1,60,2,0,1567729816,3,2501850,203649625,1638720,1,30217190,131872
2,2,1,60,2,0,489144474,4,2501850,203649625,1638720,1,30217190,131872
2,2,1,60,2,0,1203879959,1,2501850,203649625,1638720,1,30217190,131872
2,2,1,60,2,0,858134663,5,2501850,203649625,1638720,1,30217190,131872
2,2,1,60,2,0,1687643539,2,2501850,203649625,1638720,1,30217190,131872
2,2,1,60,2,0,772781491,6,2501850,203649625,1638720,1,30217190,131872
2,2,1,60,2,0,115603785,7,2501850,203649625,1638720,1,30217190,131872
2,2,1,60,2,0,1982652348,8,2501850,203649625,1638720,1,30217190,131872
2,2,1,60,5,0,1883149695,0,1500831,205464763,1638720,1,30216877,121471
2,2,1,60,2,0,900432998,9,2501850,203649625,1638720,1,30217190,131872
2,2,1,60,5,0,297034217,2,1500831,205464763,1638720,1,30216877,121471
2,2,1,60,5,0,1251258015,1,1500831,205464763,1638720,1,30216877,121471
2,2,1,60,5,0,1757249751,3,1500831,205464763,1638720,1,30216877,121471
2,2,1,60,5,0,2144490990,4,1500831,205464763,1638720,1,30216877,121471
2,2,1,60,5,0,597769760,5,1500831,205464763,1638720,1,30216877,121471
2,2,1,60,5,0,1085259583,8,1500831,205464763,1638720,1,30216877,121471
2,2,1,60,5,0,1300656317,6,1500831,205464763,1638720,1,30216877,121471
2,2,1,60,5,0,1039472999,7,1500831,205464763,1638720,1,30216877,121471
2,2,1,60,10,0,1817320723,0,1500160,205511150,1638720,1,30212815,119191
2,2,1,60,5,0,662040130,9,1500831,205464763,1638720,1,30216877,121471
2,2,1,60,10,0,1619163247,1,1500160,205511150,1638720,1,30212815,119191
2,2,1,60,10,0,2058297345,4,1500160,205511150,1638720,1,30212815,119191
2,2,1,60,10,0,1928726872,3,1500160,205511150,1638720,1,30212815,119191
2,2,1,60,10,0,317677825,2,1500160,205511150,1638720,1,30212815,119191
2,2,1,60,10,0,1796587803,6,1500160,205511150,1638720,1,30212815,119191
2,2,1,60,10,0,1544167403,8,1500160,205511150,1638720,1,30212815,119191
2,2,1,60,10,0,1721444792,5,1500160,205511150,1638720,1,30212815,119191
2,2,1,60,10,0,364994639,9,1500160,205511150,1638720,1,30212815,119191
2,2,1,60,10,0,157905153,7,1500160,205511150,1638720,1,30212815,119191
2,2,1,60,20,0,469738105,0,500769,206188503,1638720,1,30211878,113526
2,2,1,60,20,0,1066143895,1,500769,206188503,1638720,1,30211878,113526
2,2,1,60,20,0,1524751277,2,500769,206188503,1638720,1,30211878,113526
2,2,1,60,20,0,714418371,3,500769,206188503,1638720,1,30211878,113526
2,2,1,60,20,0,1716345122,5,500769,206188503,1638720,1,30211878,113526
2,2,1,60,20,0,190252832,4,500769,206188503,1638720,1,30211878,113526
2,2,1,60,20,0,1424196985,6,500769,206188503,1638720,1,30211878,113526
2,2,1,60,20,0,1848792488,7,500769,206188503,1638720,1,30211878,113526
2,2,1,60,30,0,423511939,0,1500710,205639097,1638720,1,30214065,112695
2,2,1,60,20,0,45302356,9,500769,206188503,1638720,1,30211878,113526
2,2,1,60,20,0,455028401,8,500769,206188503,1638720,1,30211878,113526
2,2,1,60,30,0,949324089,3,1500710,205639097,1638720,1,30214065,112695
2,2,1,60,30,0,953487391,2,1500710,205639097,1638720,1,30214065,112695
2,2,1,60,30,0,1111272861,1,1500710,205639097,1638720,1,30214065,112695
2,2,1,60,30,0,1914604319,4,1500710,205639097,1638720,1,30214065,112695
2,2,1,60,30,0,1606831312,5,1500710,205639097,1638720,1,30214065,112695
2,2,1,60,30,0,1679908454,6,1500710,205639097,1638720,1,30214065,112695
2,2,1,60,30,0,647444557,8,1500710,205639097,1638720,1,30214065,112695
2,2,1,60,60,0,105495798,0,1506706,202828655,1638720,1,30021616,1643162
2,2,1,60,30,0,1988841342,7,1500710,205639097,1638720,1,30214065,112695
2,2,1,60,30,0,1481623643,9,1500710,205639097,1638720,1,30214065,112695
2,2,1,60,60,0,2073486033,1,1506706,202828655,1638720,1,30021616,1643162
2,2,1,60,60,0,449036081,2,1506706,202828655,1638720,1,30021616,1643162
2,2,1,60,60,0,1268871731,3,1506706,202828655,1638720,1,30021616,1643162
2,2,1,60,60,0,498513988,6,1506706,202828655,1638720,1,30021616,1643162
2,2,1,60,60,0,368743555,5,1506706,202828655,1638720,1,30021616,1643162
2,2,1,60,60,0,1786600854,4,1506706,202828655,1638720,1,30021616,1643162
2,2,1,60,60,0,1496060167,8,1506706,202828655,1638720,1,30021616,1643162
2,2,1,60,60,0,608490241,7,1506706,202828655,1638720,1,30021616,1643162
2,2,1,60,60,0,1339558843,9,1506706,202828655,1638720,1,30021616,1643162
2,2,1,120,0,0,1473460179,0,1500658,204262704,1638720,1,30230309,142041
2,2,1,120,0,0,1955638763,1,1500658,204262704,1638720,1,30230309,142041
2,2,1,120,0,0,888488384,2,1500658,204262704,1638720,1,30230309,142041
2,2,1,120,0,0,2074151376,3,1500658,204262704,1638720,1,30230309,142041
2,2,1,120,0,0,1495938377,4,1500658,204262704,1638720,1,30230309,142041
2,2,1,120,0,0,2045102506,5,1500658,204262704,1638720,1,30230309,142041
2,2,1,120,0,0,1881908383,7,1500658,204262704,1638720,1,30230309,142041
2,2,1,120,0,0,419287737,6,1500658,204262704,1638720,1,30230309,142041
2,2,1,120,0,0,1943245911,8,1500658,204262704,1638720,1,30230309,142041
2,2,1,120,2,0,288511612,0,1500415,204269726,1638720,1,30229684,142921
2,2,1,120,0,0,1369705770,9,1500658,204262704,1638720,1,30230309,142041
2,2,1,120,2,0,1289624427,1,1500415,204269726,1638720,1,30229684,142921
2,2,1,120,2,0,494287462,3,1500415,204269726,1638720,1,30229684,142921
2,2,1,120,2,0,191912243,2,1500415,204269726,1638720,1,30229684,142921
2,2,1,120,2,0,97002315,4,1500415,204269726,1638720,1,30229684,142921
2,2,1,120,2,0,469709122,6,1500415,204269726,1638720,1,30229684,142921
2,2,1,120,2,0,1473508573,5,1500415,204269726,1638720,1,30229684,142921
2,2,1,120,2,0,705895455,7,1500415,204269726,1638720,1,30229684,142921
2,2,1,120,2,0,1047598131,8,1500415,204269726,1638720,1,30229684,142921
2,2,1,120,5,0,687777633,0,1500984,204590280,1638720,1,30234996,141290
2,2,1,120,2,0,749270915,9,1500415,204269726,1638720,1,30229684,142921
2,2,1,120,5,0,1984507492,3,1500984,204590280,1638720,1,30234996,141290
2,2,1,120,5,0,995811976,4,1500984,204590280,1638720,1,30234996,141290
2,2,1,120,5,0,1421589752,1,1500984,204590280,1638720,1,30234996,141290
2,2,1,120,5,0,1831242551,2,1500984,204590280,1638720,1,30234996,141290
2,2,1,120,5,0,792214339,6,1500984,204590280,1638720,1,30234996,141290
2,2,1,120,5,0,1739665472,5,1500984,204590280,1638720,1,30234996,141290
2,2,1,120,10,0,125379850,0,1500786,204671827,1638720,1,30093782,890882
2,2,1,120,5,0,800525739,7,1500984,204590280,1638720,1,30234996,141290
2,2,1,120,5,0,1856003347,8,1500984,204590280,1638720,1,30234996,141290
2,2,1,120,5,0,1699013395,9,1500984,204590280,1638720,1,30234996,141290
2,2,1,120,10,0,1930909978,2,1500786,204671827,1638720,1,30093782,890882
2,2,1,120,10,0,847501988,1,1500786,204671827,1638720,1,30093782,890882
2,2,1,120,10,0,1844915411,3,1500786,204671827,1638720,1,30093782,890882
2,2,1,120,10,0,922542252,6,1500786,204671827,1638720,1,30093782,890882
2,2,1,120,10,0,1670036982,4,1500786,204671827,1638720,1,30093782,890882
2,2,1,120,10,0,19112776,5,1500786,204671827,1638720,1,30093782,890882
2,2,1,120,10,0,1195481928,8,1500786,204671827,1638720,1,30093782,890882
2,2,1,120,20,0,437021700,0,500326,205610569,1638720,1,30226248,125982
2,2,1,120,10,0,883837629,7,1500786,204671827,1638720,1,30093782,890882
2,2,1,120,20,0,802986386,1,500326,205610569,1638720,1,30226248,125982
2,2,1,120,20,0,1571069113,2,500326,205610569,1638720,1,30226248,125982
2,2,1,120,10,0,268709250,9,1500786,204671827,1638720,1,30093782,890882
2,2,1,120,20,0,1400094541,3,500326,205610569,1638720,1,30226248,125982
2,2,1,120,20,0,489432865,6,500326,205610569,1638720,1,30226248,125982
2,2,1,120,20,0,846427583,4,500326,205610569,1638720,1,30226248,125982
2,2,1,120,20,0,1126799232,7,500326,205610569,1638720,1,30226248,125982
2,2,1,120,20,0,1965164102,5,500326,205610569,1638720,1,30226248,125982
2,2,1,120,20,0,2102317678,8,500326,205610569,1638720,1,30226248,125982
2,2,1,120,20,0,1346060408,9,500326,205610569,1638720,1,30226248,125982
2,2,1,120,30,0,1669192918,0,1500935,206656970,1638720,1,30217189,113926
2,2,1,120,30,0,1685963666,1,1500935,206656970,1638720,1,30217189,113926
2,2,1,120,30,0,1494324956,3,1500935,206656970,1638720,1,30217189,113926
2,2,1,120,30,0,490623034,2,1500935,206656970,1638720,1,30217189,113926
2,2,1,120,30,0,1511763726,4,1500935,206656970,1638720,1,30217189,113926
2,2,1,120,30,0,1277515811,7,1500935,206656970,1638720,1,30217189,113926
2,2,1,120,30,0,1966496239,5,1500935,206656970,1638720,1,30217189,113926
2,2,1,120,30,0,741000011,6,1500935,206656970,1638720,1,30217189,113926
2,2,1,120,30,0,364006941,8,1500935,206656970,1638720,1,30217189,113926
2,2,1,120,30,0,575301286,9,1500935,206656970,1638720,1,30217189,113926
2,2,1,120,60,0,1345122542,0,1500693,206010295,1638720,1,30209066,122592
2,2,1,120,60,0,506211965,1,1500693,206010295,1638720,1,30209066,122592
2,2,1,120,60,0,502291736,4,1500693,206010295,1638720,1,30209066,122592
2,2,1,120,60,0,1024662077,2,1500693,206010295,1638720,1,30209066,122592
2,2,1,120,60,0,1311597141,3,1500693,206010295,1638720,1,30209066,122592
2,2,1,120,60,0,1603337351,6,1500693,206010295,1638720,1,30209066,122592
2,2,1,120,60,0,786170238,5,1500693,206010295,1638720,1,30209066,122592
2,2,1,120,60,0,607130330,7,1500693,206010295,1638720,1,30209066,122592
2,2,1,120,60,0,1668437028,8,1500693,206010295,1638720,1,30209066,122592
2,2,1,120,60,0,1796323275,9,1500693,206010295,1638720,1,30209066,122592
3,0,2,30,0,0,1648021756,1,0,3812153,34237967,0,0,0
3,0,2,30,0,0,1816937739,2,0,3812153,34237967,0,0,0
3,0,2,30,0,0,744037800,5,0,3812153,34237967,0,0,0
3,0,2,30,0,0,592135522,0,0,3812153,34237967,0,0,0
3,0,2,30,0,0,2090232661,4,0,3812153,34237967,0,0,0
3,0,2,30,0,0,797806061,3,0,3812153,34237967,0,0,0
3,0,2,30,0,0,716681967,6,0,3812153,34237967,0,0,0
3,0,2,30,2,0,803582272,0,0,2581627,30669307,0,0,0
3,0,2,30,2,0,1351110867,1,0,2581627,30669307,0,0,0
3,0,2,30,0,0,1240535933,8,0,3812153,34237967,0,0,0
3,0,2,30,0,0,2102996505,7,0,3812153,34237967,0,0,0
3,0,2,30,0,0,602569046,9,0,3812153,34237967,0,0,0
3,0,2,30,2,0,230258601,3,0,2581627,30669307,0,0,0
3,0,2,30,2,0,1937034431,2,0,2581627,30669307,0,0,0
3,0,2,30,2,0,1542061491,4,0,2581627,30669307,0,0,0
3,0,2,30,2,0,41160563,5,0,2581627,30669307,0,0,0
3,0,2,30,2,0,586412136,7,0,2581627,30669307,0,0,0
3,0,2,30,2,0,2081379485,6,0,2581627,30669307,0,0,0
3,0,2,30,5,0,2125879326,0,5640859,4131761,26411155,1,116116,678763
3,0,2,30,5,0,1757218651,1,5640859,4131761,26411155,1,116116,678763
3,0,2,30,2,0,838070464,8,0,2581627,30669307,0,0,0
3,0,2,30,2,0,1649027664,9,0,2581627,30669307,0,0,0
3,0,2,30,5,0,2111946589,2,5640859,4131761,26411155,1,116116,678763
3,0,2,30,5,0,1785119108,3,5640859,4131761,26411155,1,116116,678763
3,0,2,30,5,0,1906328733,4,5640859,4131761,26411155,1,116116,678763
3,0,2,30,5,0,718348264,6,5640859,4131761,26411155,1,116116,678763
3,0,2,30,5,0,2098948446,5,5640859,4131761,26411155,1,116116,678763
3,0,2,30,5,0,132545712,8,5640859,4131761,26411155,1,116116,678763
3,0,2,30,5,0,355067637,7,5640859,4131761,26411155,1,116116,678763
3,0,2,30,10,0,1254516608,0,0,2786334,30147488,0,0,0
3,0,2,30,5,0,947167036,9,5640859,4131761,26411155,1,116116,678763
3,0,2,30,10,0,140424329,1,0,2786334,30147488,0,0,0
3,0,2,30,10,0,965695131,3,0,2786334,30147488,0,0,0
3,0,2,30,10,0,1239829538,4,0,2786334,30147488,0,0,0
3,0,2,30,10,0,1180484299,2,0,2786334,30147488,0,0,0
3,0,2,30,10,0,722452036,5,0,2786334,30147488,0,0,0
3,0,2,30,10,0,2127354612,7,0,2786334,30147488,0,0,0
3,0,2,30,10,0,1964180409,6,0,2786334,30147488,0,0,0
3,0,2,30,20,0,1150574089,0,0,1504939,29811760,0,0,0
3,0,2,30,10,0,490513828,9,0,2786334,30147488,0,0,0
3,0,2,30,20,0,1575659319,1,0,1504939,29811760,0,0,0
3,0,2,30,10,0,486237535,8,0,2786334,30147488,0,0,0
3,0,2,30,20,0,178715833,2,0,1504939,29811760,0,0,0
3,0,2,30,20,0,938630454,4,0,1504939,29811760,0,0,0
3,0,2,30,20,0,1895655026,3,0,1504939,29811760,0,0,0
3,0,2,30,30,0,1931585714,0,0,962282,11268,0,148414,24638
3,0,2,30,30,0,1128782794,1,0,962282,11268,0,148414,24638
3,0,2,30,30,0,1497126699,2,0,962282,11268,0,148414,24638
3,0,2,30,30,0,373589152,3,0,962282,11268,0,148414,24638
3,0,2,30,30,0,1885790857,4,0,962282,11268,0,148414,24638
3,0,2,30,30,0,504169141,5,0,962282,11268,0,148414,24638
3,0,2,30,30,0,1017675569,6,0,962282,11268,0,148414,24638
3,0,2,30,30,0,901419863,7,0,962282,11268,0,148414,24638
3,0,2,30,30,0,1505947987,8,0,962282,11268,0,148414,24638
3,0,2,30,30,0,1838963536,9,0,962282,11268,0,148414,24638
3,0,2,30,20,0,1826025489,5,0,1504939,29811760,0,0,0
3,0,2,30,20,0,439875261,6,0,1504939,29811760,0,0,0
3,0,2,30,20,0,1063140236,7,0,1504939,29811760,0,0,0
3,0,2,30,20,0,1278650124,8,0,1504939,29811760,0,0,0
3,0,2,30,20,0,138428506,9,0,1504939,29811760,0,0,0
3,0,2,60,0,0,712885628,0,0,3305743,29936198,0,0,0
3,0,2,60,0,0,598009614,1,0,3305743,29936198,0,0,0
3,0,2,60,0,0,254939955,4,0,3305743,29936198,0,0,0
3,0,2,60,0,0,887424665,2,0,3305743,29936198,0,0,0
3,0,2,60,0,0,888812214,3,0,3305743,29936198,0,0,0
3,0,2,60,0,0,1506741005,5,0,3305743,29936198,0,0,0
3,0,2,60,0,0,1390081665,8,0,3305743,29936198,0,0,0
3,0,2,60,0,0,723175276,7,0,3305743,29936198,0,0,0
3,0,2,60,0,0,1256856463,9,0,3305743,29936198,0,0,0
3,0,2,60,0,0,1207250969,6,0,3305743,29936198,0,0,0
3,0,2,60,2,0,1242676804,0,0,1824055,29674092,0,2436,10768
3,0,2,60,2,0,1148229704,1,0,1824055,29674092,0,2436,10768
3,0,2,60,2,0,408988968,2,0,1824055,29674092,0,2436,10768
3,0,2,60,2,0,582349911,3,0,1824055,29674092,0,2436,10768
3,0,2,60,2,0,1191095508,6,0,1824055,29674092,0,2436,10768
3,0,2,60,2,0,254630933,5,0,1824055,29674092,0,2436,10768
3,0,2,60,2,0,544980513,7,0,1824055,29674092,0,2436,10768
3,0,2,60,2,0,1767792297,4,0,1824055,29674092,0,2436,10768
3,0,2,60,2,0,1072355594,9,0,1824055,29674092,0,2436,10768
3,0,2,60,2,0,569902893,8,0,1824055,29674092,0,2436,10768
3,0,2,60,5,0,628110811,0,0,827874,56993293,0,82,345
3,0,2,60,5,0,1063239503,2,0,827874,56993293,0,82,345
3,0,2,60,5,0,1383394833,1,0,827874,56993293,0,82,345
3,0,2,60,5,0,2102209245,4,0,827874,56993293,0,82,345
3,0,2,60,5,0,1686636869,3,0,827874,56993293,0,82,345
3,0,2,60,5,0,610622521,5,0,827874,56993293,0,82,345
3,0,2,60,10,0,324339920,0,0,1627454,27243807,0,4872,24360
3,0,2,60,5,0,1611352885,8,0,827874,56993293,0,82,345
3,0,2,60,5,0,1779083221,7,0,827874,56993293,0,82,345
3,0,2,60,5,0,1154131362,6,0,827874,56993293,0,82,345
3,0,2,60,10,0,399839065,1,0,1627454,27243807,0,4872,24360
3,0,2,60,10,0,1730230896,2,0,1627454,27243807,0,4872,24360
3,0,2,60,5,0,1941289685,9,0,827874,56993293,0,82,345
3,0,2,60,10,0,1194970235,3,0,1627454,27243807,0,4872,24360
3,0,2,60,10,0,2096135091,6,0,1627454,27243807,0,4872,24360
3,0,2,60,10,0,1585148616,4,0,1627454,27243807,0,4872,24360
3,0,2,60,10,0,1952902914,5,0,1627454,27243807,0,4872,24360
3,0,2,60,10,0,10621799,8,0,1627454,27243807,0,4872,24360
3,0,2,60,10,0,400040376,9,0,1627454,27243807,0,4872,24360
3,0,2,60,10,0,1405696743,7,0,1627454,27243807,0,4872,24360
3,0,2,60,20,0,1538554904,1,0,2560407,32921655,0,151,896
3,0,2,60,20,0,1969024554,0,0,2560407,32921655,0,151,896
3,0,2,60,20,0,1708176663,3,0,2560407,32921655,0,151,896
3,0,2,60,20,0,1845303066,5,0,2560407,32921655,0,151,896
3,0,2,60,20,0,272003213,2,0,2560407,32921655,0,151,896
3,0,2,60,20,0,935572425,4,0,2560407,32921655,0,151,896
3,0,2,60,20,0,909895115,6,0,2560407,32921655,0,151,896
3,0,2,60,20,0,2124784519,7,0,2560407,32921655,0,151,896
3,0,2,60,20,0,1153356934,8,0,2560407,32921655,0,151,896
3,0,2,60,20,0,1386695233,9,0,2560407,32921655,0,151,896
3,0,2,60,30,0,1218023007,0,0,3060328,30519001,0,0,0
3,0,2,60,30,0,1450647350,1,0,3060328,30519001,0,0,0
3,0,2,60,30,0,2084510429,3,0,3060328,30519001,0,0,0
3,0,2,60,30,0,560898021,2,0,3060328,30519001,0,0,0
3,0,2,60,30,0,1476350425,4,0,3060328,30519001,0,0,0
3,0,2,60,60,0,533594595,0,0,964701,11268,0,147873,15008
3,0,2,60,60,0,678534043,1,0,964701,11268,0,147873,15008
3,0,2,60,60,0,1895308730,2,0,964701,11268,0,147873,15008
3,0,2,60,60,0,1960730480,3,0,964701,11268,0,147873,15008
3,0,2,60,60,0,2903074,4,0,964701,11268,0,147873,15008
3,0,2,60,60,0,1837384013,5,0,964701,11268,0,147873,15008
3,0,2,60,60,0,868950062,6,0,964701,11268,0,147873,15008
3,0,2,60,60,0,566562369,7,0,964701,11268,0,147873,15008
3,0,2,60,60,0,1296502486,8,0,964701,11268,0,147873,15008
3,0,2,60,60,0,682802977,9,0,964701,11268,0,147873,15008
3,0,2,60,30,0,197323378,6,0,3060328,30519001,0,0,0
3,0,2,120,0,0,1176904638,0,0,524288000,764972,0,0,0
3,0,2,60,30,0,207916194,5,0,3060328,30519001,0,0,0
3,0,2,120,0,0,400892179,1,0,524288000,764972,0,0,0
3,0,2,60,30,0,1973888646,8,0,3060328,30519001,0,0,0
3,0,2,120,0,0,1548058189,2,0,524288000,764972,0,0,0
3,0,2,60,30,0,427670241,7,0,3060328,30519001,0,0,0
3,0,2,120,0,0,1075413763,3,0,524288000,764972,0,0,0
3,0,2,120,0,0,353993484,4,0,524288000,764972,0,0,0
3,0,2,120,0,0,1597056829,5,0,524288000,764972,0,0,0
3,0,2,60,30,0,69927882,9,0,3060328,30519001,0,0,0
3,0,2,120,0,0,222424647,7,0,524288000,764972,0,0,0
3,0,2,120,0,0,1702274064,8,0,524288000,764972,0,0,0
3,0,2,120,0,0,710924824,6,0,524288000,764972,0,0,0
3,0,2,120,0,0,1312152192,9,0,524288000,764972,0,0,0
3,0,2,120,2,0,1005640129,0,0,524288000,764972,0,0,0
3,0,2,120,2,0,391697534,2,0,524288000,764972,0,0,0
3,0,2,120,2,0,1843532841,1,0,524288000,764972,0,0,0
3,0,2,120,2,0,408810792,3,0,524288000,764972,0,0,0
3,0,2,120,2,0,4665657,4,0,524288000,764972,0,0,0
3,0,2,120,2,0,916636971,5,0,524288000,764972,0,0,0
3,0,2,120,2,0,334744286,7,0,524288000,764972,0,0,0
3,0,2,120,2,0,569941254,8,0,524288000,764972,0,0,0
3,0,2,120,2,0,971482353,9,0,524288000,764972,0,0,0
3,0,2,120,5,0,1911547690,0,0,524288000,764972,0,0,0
3,0,2,120,2,0,2047869247,6,0,524288000,764972,0,0,0
3,0,2,120,5,0,1475639733,3,0,524288000,764972,0,0,0
3,0,2,120,5,0,39887139,1,0,524288000,764972,0,0,0
3,0,2,120,5,0,517946362,4,0,524288000,764972,0,0,0
3,0,2,120,5,0,1813824517,5,0,524288000,764972,0,0,0
3,0,2,120,5,0,34628465,2,0,524288000,764972,0,0,0
3,0,2,120,5,0,567687951,6,0,524288000,764972,0,0,0
3,0,2,120,5,0,2051706927,7,0,524288000,764972,0,0,0
3,0,2,120,5,0,304205279,8,0,524288000,764972,0,0,0
3,0,2,120,5,0,983319304,9,0,524288000,764972,0,0,0
3,0,2,120,10,0,1645272822,0,0,524288000,764972,0,0,0
3,0,2,120,10,0,1345834347,4,0,524288000,764972,0,0,0
3,0,2,120,10,0,443247229,3,0,524288000,764972,0,0,0
3,0,2,120,10,0,383674057,1,0,524288000,764972,0,0,0
3,0,2,120,10,0,1578665411,5,0,524288000,764972,0,0,0
3,0,2,120,10,0,439921366,2,0,524288000,764972,0,0,0
3,0,2,120,10,0,1285291868,6,0,524288000,764972,0,0,0
3,0,2,120,10,0,1643774394,8,0,524288000,764972,0,0,0
3,0,2,120,10,0,588965831,7,0,524288000,764972,0,0,0
3,0,2,120,10,0,571858688,9,0,524288000,764972,0,0,0
3,0,2,120,20,0,36398723,2,0,524288000,764972,0,0,0
3,0,2,120,20,0,613549255,0,0,524288000,764972,0,0,0
3,0,2,120,20,0,293825615,1,0,524288000,764972,0,0,0
3,0,2,120,20,0,704875220,3,0,524288000,764972,0,0,0
3,0,2,120,20,0,1890212621,4,0,524288000,764972,0,0,0
3,0,2,120,20,0,915066176,6,0,524288000,764972,0,0,0
3,0,2,120,20,0,1508339770,5,0,524288000,764972,0,0,0
3,0,2,120,20,0,1768280529,8,0,524288000,764972,0,0,0
3,0,2,120,20,0,1900024225,9,0,524288000,764972,0,0,0
3,0,2,120,30,0,933058809,0,0,524288000,764972,0,0,0
3,0,2,120,20,0,650146942,7,0,524288000,764972,0,0,0
3,0,2,120,30,0,372322246,1,0,524288000,764972,0,0,0
3,0,2,120,30,0,431494396,2,0,524288000,764972,0,0,0
3,0,2,120,30,0,601351841,3,0,524288000,764972,0,0,0
3,0,2,120,30,0,528956230,4,0,524288000,764972,0,0,0
3,0,2,120,30,0,1509834067,6,0,524288000,764972,0,0,0
3,0,2,120,30,0,1844210621,7,0,524288000,764972,0,0,0
3,0,2,120,30,0,1649404491,5,0,524288000,764972,0,0,0
3,0,2,120,30,0,1350782959,8,0,524288000,764972,0,0,0
3,0,2,120,30,0,600566083,9,0,524288000,764972,0,0,0
3,0,2,120,60,0,1065869250,3,0,2589778,33973242,0,0,0
3,0,2,120,60,0,361845490,2,0,2589778,33973242,0,0,0
3,0,2,120,60,0,1223725552,4,0,2589778,33973242,0,0,0
3,0,2,120,60,0,1189567020,1,0,2589778,33973242,0,0,0
3,0,2,120,60,0,115209930,5,0,2589778,33973242,0,0,0
3,0,2,120,60,0,1064234397,0,0,2589778,33973242,0,0,0
3,2,0,30,0,0,1269343434,0,2500535,338953040,1638720,1,50345475,73347
3,2,0,30,0,0,234372626,1,2500535,338953040,1638720,1,50345475,73347
3,2,0,30,0,0,1027962091,2,2500535,338953040,1638720,1,50345475,73347
3,2,0,30,0,0,2125526570,3,2500535,338953040,1638720,1,50345475,73347
3,2,0,30,0,0,1657365938,4,2500535,338953040,1638720,1,50345475,73347
3,2,0,30,0,0,484230338,5,2500535,338953040,1638720,1,50345475,73347
3,2,0,30,0,0,1035438246,6,2500535,338953040,1638720,1,50345475,73347
3,2,0,30,0,0,2145690670,7,2500535,338953040,1638720,1,50345475,73347
3,0,2,120,60,0,1295574037,6,0,2589778,33973242,0,0,0
3,2,0,30,0,0,304994238,8,2500535,338953040,1638720,1,50345475,73347
3,2,0,30,2,0,1550904983,0,1768798,343438287,1712160,1,50345478,70997
3,0,2,120,60,0,810230640,8,0,2589778,33973242,0,0,0
3,2,0,30,0,0,51827414,9,2500535,338953040,1638720,1,50345475,73347
3,2,0,30,2,0,1359239702,1,1768798,343438287,1712160,1,50345478,70997
3,0,2,120,60,0,882382645,7,0,2589778,33973242,0,0,0
3,2,0,30,2,0,566862173,2,1768798,343438287,1712160,1,50345478,70997
3,2,0,30,2,0,1807595119,4,1768798,343438287,1712160,1,50345478,70997
3,2,0,30,2,0,1569434583,5,1768798,343438287,1712160,1,50345478,70997
3,2,0,30,2,0,1661457617,3,1768798,343438287,1712160,1,50345478,70997
3,0,2,120,60,0,1682557807,9,0,2589778,33973242,0,0,0
3,2,0,30,2,0,742042844,6,1768798,343438287,1712160,1,50345478,70997
3,2,0,30,2,0,2022992405,7,1768798,343438287,1712160,1,50345478,70997
3,2,0,30,5,0,290050198,0,1752441,343414413,1738080,1,50345793,70402
3,2,0,30,2,0,71680424,9,1768798,343438287,1712160,1,50345478,70997
3,2,0,30,2,0,313497572,8,1768798,343438287,1712160,1,50345478,70997
3,2,0,30,5,0,926608888,3,1752441,343414413,1738080,1,50345793,70402
3,2,0,30,5,0,59242317,1,1752441,343414413,1738080,1,50345793,70402
3,2,0,30,5,0,1126077199,2,1752441,343414413,1738080,1,50345793,70402
3,2,0,30,5,0,171055058,4,1752441,343414413,1738080,1,50345793,70402
3,2,0,30,5,0,1709289717,6,1752441,343414413,1738080,1,50345793,70402
3,2,0,30,5,0,259711746,5,1752441,343414413,1738080,1,50345793,70402
3,2,0,30,5,0,1230455714,7,1752441,343414413,1738080,1,50345793,70402
3,2,0,30,5,0,1819241774,9,1752441,343414413,1738080,1,50345793,70402
3,2,0,30,5,0,1784266819,8,1752441,343414413,1738080,1,50345793,70402
3,2,0,30,10,0,1727768349,0,2709857,336579848,1638720,1,50345165,66401
3,2,0,30,10,0,354024760,1,2709857,336579848,1638720,1,50345165,66401
3,2,0,30,10,0,655757505,2,2709857,336579848,1638720,1,50345165,66401
3,2,0,30,10,0,1191714875,3,2709857,336579848,1638720,1,50345165,66401
3,2,0,30,10,0,359046710,4,2709857,336579848,1638720,1,50345165,66401
3,2,0,30,10,0,339395013,6,2709857,336579848,1638720,1,50345165,66401
3,2,0,30,10,0,872726570,7,2709857,336579848,1638720,1,50345165,66401
3,2,0,30,10,0,1331039957,5,2709857,336579848,1638720,1,50345165,66401
3,2,0,30,10,0,667339697,8,2709857,336579848,1638720,1,50345165,66401
3,2,0,30,20,0,283962143,1,2610587,336689504,1638720,1,50349227,71449
3,2,0,30,20,0,1332167822,2,2610587,336689504,1638720,1,50349227,71449
3,2,0,30,10,0,1403381840,9,2709857,336579848,1638720,1,50345165,66401
3,2,0,30,20,0,1678179022,0,2610587,336689504,1638720,1,50349227,71449
3,2,0,30,20,0,1878988236,3,2610587,336689504,1638720,1,50349227,71449
3,2,0,30,20,0,1024939794,4,2610587,336689504,1638720,1,50349227,71449
3,2,0,30,20,0,370281126,7,2610587,336689504,1638720,1,50349227,71449
3,2,0,30,20,0,1050032570,6,2610587,336689504,1638720,1,50349227,71449
3,2,0,30,20,0,248704157,5,2610587,336689504,1638720,1,50349227,71449
3,2,0,30,30,0,1947217245,0,1720452,343934582,1638720,1,50349227,71152
3,2,0,30,20,0,1866092821,8,2610587,336689504,1638720,1,50349227,71449
3,2,0,30,20,0,498158588,9,2610587,336689504,1638720,1,50349227,71449
3,2,0,30,30,0,236346130,1,1720452,343934582,1638720,1,50349227,71152
3,2,0,30,30,0,754393408,3,1720452,343934582,1638720,1,50349227,71152
3,2,0,30,30,0,1328390707,2,1720452,343934582,1638720,1,50349227,71152
3,2,0,30,30,0,513003815,4,1720452,343934582,1638720,1,50349227,71152
3,2,0,30,30,0,589320181,6,1720452,343934582,1638720,1,50349227,71152
3,2,0,30,30,0,54395639,5,1720452,343934582,1638720,1,50349227,71152
3,2,0,30,30,0,48750473,7,1720452,343934582,1638720,1,50349227,71152
3,2,0,30,30,0,703655804,8,1720452,343934582,1638720,1,50349227,71152
3,2,0,30,30,0,2132077306,9,1720452,343934582,1638720,1,50349227,71152
3,2,0,60,0,0,1113457241,1,2500468,337854971,1638720,1,50350167,67890
3,2,0,60,0,0,1489087190,0,2500468,337854971,1638720,1,50350167,67890
3,2,0,60,0,0,717100421,2,2500468,337854971,1638720,1,50350167,67890
3,2,0,60,0,0,1597167064,3,2500468,337854971,1638720,1,50350167,67890
3,2,0,60,0,0,545162815,4,2500468,337854971,1638720,1,50350167,67890
3,2,0,60,0,0,1154334685,5,2500468,337854971,1638720,1,50350167,67890
3,2,0,60,0,0,1843934986,9,2500468,337854971,1638720,1,50350167,67890
3,2,0,60,0,0,507049745,6,2500468,337854971,1638720,1,50350167,67890
3,2,0,60,0,0,126084156,7,2500468,337854971,1638720,1,50350167,67890
3,2,0,60,0,0,1438861395,8,2500468,337854971,1638720,1,50350167,67890
3,2,0,60,2,0,1168147769,0,2697128,336515196,1638720,1,50349542,67364
3,2,0,60,2,0,274328104,1,2697128,336515196,1638720,1,50349542,67364
3,2,0,60,2,0,331013265,3,2697128,336515196,1638720,1,50349542,67364
3,2,0,60,2,0,1955059570,5,2697128,336515196,1638720,1,50349542,67364
3,2,0,60,2,0,1129360134,2,2697128,336515196,1638720,1,50349542,67364
3,2,0,60,2,0,1546720356,6,2697128,336515196,1638720,1,50349542,67364
3,2,0,60,2,0,2130937594,4,2697128,336515196,1638720,1,50349542,67364
3,2,0,60,2,0,238109164,7,2697128,336515196,1638720,1,50349542,67364
3,2,0,60,2,0,2145808627,8,2697128,336515196,1638720,1,50349542,67364
3,2,0,60,2,0,716750131,9,2697128,336515196,1638720,1,50349542,67364
3,2,0,60,5,0,675641216,1,2703478,336925734,1638720,1,50349542,70280
3,2,0,60,5,0,1579206999,0,2703478,336925734,1638720,1,50349542,70280
3,2,0,60,5,0,441973220,3,2703478,336925734,1638720,1,50349542,70280
3,2,0,60,5,0,1095715220,2,2703478,336925734,1638720,1,50349542,70280
3,2,0,60,5,0,495354059,4,2703478,336925734,1638720,1,50349542,70280
3,2,0,60,5,0,980989514,5,2703478,336925734,1638720,1,50349542,70280
3,2,0,60,5,0,11031667,6,2703478,336925734,1638720,1,50349542,70280
3,2,0,60,5,0,52776893,8,2703478,336925734,1638720,1,50349542,70280
3,2,0,60,5,0,189141363,7,2703478,336925734,1638720,1,50349542,70280
3,2,0,60,5,0,1050340486,9,2703478,336925734,1638720,1,50349542,70280
3,2,0,60,10,0,1563267151,2,1717767,343743409,1717920,1,50348914,63121
3,2,0,60,10,0,2026213491,1,1717767,343743409,1717920,1,50348914,63121
3,2,0,60,10,0,197489159,0,1717767,343743409,1717920,1,50348914,63121
3,2,0,60,10,0,644608746,4,1717767,343743409,1717920,1,50348914,63121
3,2,0,60,10,0,1644884312,3,1717767,343743409,1717920,1,50348914,63121
3,2,0,60,10,0,768631342,5,1717767,343743409,1717920,1,50348914,63121
3,2,0,60,10,0,151885397,6,1717767,343743409,1717920,1,50348914,63121
3,2,0,60,10,0,1801177461,7,1717767,343743409,1717920,1,50348914,63121
3,2,0,60,10,0,964285941,8,1717767,343743409,1717920,1,50348914,63121
3,2,0,60,10,0,1382129132,9,1717767,343743409,1717920,1,50348914,63121
3,2,0,60,20,0,1374110948,2,1583412,344738772,1804320,1,50344850,73289
3,2,0,60,20,0,1066282253,0,1583412,344738772,1804320,1,50344850,73289
3,2,0,60,20,0,1787808459,1,1583412,344738772,1804320,1,50344850,73289
3,2,0,60,20,0,1165044057,3,1583412,344738772,1804320,1,50344850,73289
3,2,0,60,20,0,334522402,4,1583412,344738772,1804320,1,50344850,73289
3,2,0,60,20,0,1601198885,5,1583412,344738772,1804320,1,50344850,73289
3,2,0,60,20,0,512823094,6,1583412,344738772,1804320,1,50344850,73289
3,2,0,60,20,0,226225156,7,1583412,344738772,1804320,1,50344850,73289
3,2,0,60,20,0,958572516,9,1583412,344738772,1804320,1,50344850,73289
3,2,0,60,20,0,770278136,8,1583412,344738772,1804320,1,50344850,73289
3,2,0,60,30,0,197261797,0,1588117,344761241,1808640,1,50344853,68289
3,2,0,60,30,0,296036788,2,1588117,344761241,1808640,1,50344853,68289
3,2,0,60,30,0,1997564262,3,1588117,344761241,1808640,1,50344853,68289
3,2,0,60,30,0,1721959126,1,1588117,344761241,1808640,1,50344853,68289
3,2,0,60,30,0,1334436786,5,1588117,344761241,1808640,1,50344853,68289
3,2,0,60,30,0,1212498755,4,1588117,344761241,1808640,1,50344853,68289
3,2,0,60,30,0,1405746777,6,1588117,344761241,1808640,1,50344853,68289
3,2,0,60,30,0,371022983,7,1588117,344761241,1808640,1,50344853,68289
3,2,0,60,30,0,1961709893,8,1588117,344761241,1808640,1,50344853,68289
3,2,0,60,30,0,34227351,9,1588117,344761241,1808640,1,50344853,68289
3,2,0,60,60,0,861876057,1,2586209,334534083,1638720,1,50349230,70352
3,2,0,60,60,0,1584496586,0,2586209,334534083,1638720,1,50349230,70352
3,2,0,60,60,0,1252391379,2,2586209,334534083,1638720,1,50349230,70352
3,2,0,60,60,0,1041890333,4,2586209,334534083,1638720,1,50349230,70352
3,2,0,60,60,0,1305280521,3,2586209,334534083,1638720,1,50349230,70352
3,2,0,60,60,0,1992549954,5,2586209,334534083,1638720,1,50349230,70352
3,2,0,60,60,0,2118967967,7,2586209,334534083,1638720,1,50349230,70352
3,2,0,60,60,0,1581723170,6,2586209,334534083,1638720,1,50349230,70352
3,2,0,60,60,0,839332926,8,2586209,334534083,1638720,1,50349230,70352
3,2,0,60,60,0,1052811909,9,2586209,334534083,1638720,1,50349230,70352
3,2,0,120,0,0,646677686,0,2500946,338282418,1638720,1,50348914,74585
3,2,0,120,0,0,27392783,1,2500946,338282418,1638720,1,50348914,74585
3,2,0,120,0,0,1761091683,2,2500946,338282418,1638720,1,50348914,74585
3,2,0,120,0,0,102693781,3,2500946,338282418,1638720,1,50348914,74585
3,2,0,120,0,0,1000717686,4,2500946,338282418,1638720,1,50348914,74585
3,2,0,120,0,0,1487878460,5,2500946,338282418,1638720,1,50348914,74585
3,2,0,120,0,0,41209408,6,2500946,338282418,1638720,1,50348914,74585
3,2,0,120,0,0,1438888667,7,2500946,338282418,1638720,1,50348914,74585
3,2,0,120,0,0,1616088091,9,2500946,338282418,1638720,1,50348914,74585
3,2,0,120,2,0,1320748157,0,1721416,343732136,1971360,1,50349230,71961
3,2,0,120,0,0,6279398,8,2500946,338282418,1638720,1,50348914,74585
3,2,0,120,2,0,446457642,1,1721416,343732136,1971360,1,50349230,71961
3,2,0,120,2,0,1022922016,3,1721416,343732136,1971360,1,50349230,71961
3,2,0,120,2,0,1803095297,4,1721416,343732136,1971360,1,50349230,71961
3,2,0,120,2,0,881303105,2,1721416,343732136,1971360,1,50349230,71961
3,2,0,120,2,0,2113247935,5,1721416,343732136,1971360,1,50349230,71961
3,2,0,120,2,0,611489444,7,1721416,343732136,1971360,1,50349230,71961
3,2,0,120,2,0,1201840395,8,1721416,343732136,1971360,1,50349230,71961
3,2,0,120,2,0,257247382,6,1721416,343732136,1971360,1,50349230,71961
3,2,0,120,2,0,399546384,9,1721416,343732136,1971360,1,50349230,71961
3,2,0,120,5,0,188550198,0,1700447,343957059,1779840,1,50351099,74132
3,2,0,120,5,0,1774065466,2,1700447,343957059,1779840,1,50351099,74132
3,2,0,120,5,0,994167107,1,1700447,343957059,1779840,1,50351099,74132
3,2,0,120,5,0,1969062219,4,1700447,343957059,1779840,1,50351099,74132
3,2,0,120,5,0,364653118,5,1700447,343957059,1779840,1,50351099,74132
3,2,0,120,5,0,1599840853,3,1700447,343957059,1779840,1,50351099,74132
3,2,0,120,5,0,573437604,7,1700447,343957059,1779840,1,50351099,74132
3,2,0,120,5,0,410500102,6,1700447,343957059,1779840,1,50351099,74132
3,2,0,120,5,0,1693725910,8,1700447,343957059,1779840,1,50351099,74132
3,2,0,120,5,0,321394470,9,1700447,343957059,1779840,1,50351099,74132
3,2,0,120,10,0,267502879,0,2756148,335200573,1638720,1,50349227,74282
3,2,0,120,10,0,1868237222,1,2756148,335200573,1638720,1,50349227,74282
3,2,0,120,10,0,1252738994,4,2756148,335200573,1638720,1,50349227,74282
3,2,0,120,10,0,561387824,2,2756148,335200573,1638720,1,50349227,74282
3,2,0,120,10,0,1016926858,3,2756148,335200573,1638720,1,50349227,74282
3,2,0,120,10,0,1120947541,5,2756148,335200573,1638720,1,50349227,74282
3,2,0,120,10,0,1352952965,6,2756148,335200573,1638720,1,50349227,74282
3,2,0,120,10,0,1687718878,7,2756148,335200573,1638720,1,50349227,74282
3,2,0,120,10,0,1366047498,9,2756148,335200573,1638720,1,50349227,74282
3,2,0,120,20,0,1168041588,1,2755897,336900413,1638720,1,50349224,72542
3,2,0,120,10,0,1401239832,8,2756148,335200573,1638720,1,50349227,74282
3,2,0,120,20,0,1003352579,2,2755897,336900413,1638720,1,50349224,72542
3,2,0,120,20,0,1944580162,0,2755897,336900413,1638720,1,50349224,72542
3,2,0,120,20,0,320780067,3,2755897,336900413,1638720,1,50349224,72542
3,2,0,120,20,0,870644102,4,2755897,336900413,1638720,1,50349224,72542
3,2,0,120,20,0,667483244,7,2755897,336900413,1638720,1,50349224,72542
3,2,0,120,20,0,584595923,5,2755897,336900413,1638720,1,50349224,72542
3,2,0,120,20,0,705985174,9,2755897,336900413,1638720,1,50349224,72542
3,2,0,120,20,0,468034755,6,2755897,336900413,1638720,1,50349224,72542
3,2,0,120,20,0,453796587,8,2755897,336900413,1638720,1,50349224,72542
3,2,0,120,30,0,1930874468,0,2763549,336198821,1638720,1,50348914,69141
3,2,0,120,30,0,2001691476,1,2763549,336198821,1638720,1,50348914,69141
3,2,0,120,30,0,1348762713,2,2763549,336198821,1638720,1,50348914,69141
3,2,0,120,30,0,518560332,4,2763549,336198821,1638720,1,50348914,69141
3,2,0,120,30,0,1745958114,3,2763549,336198821,1638720,1,50348914,69141
3,2,0,120,30,0,1538832840,5,2763549,336198821,1638720,1,50348914,69141
3,2,0,120,30,0,891790792,6,2763549,336198821,1638720,1,50348914,69141
3,2,0,120,30,0,1940969078,7,2763549,336198821,1638720,1,50348914,69141
3,2,0,120,30,0,1990058467,9,2763549,336198821,1638720,1,50348914,69141
3,2,0,120,30,0,1324171556,8,2763549,336198821,1638720,1,50348914,69141
3,2,0,120,60,0,1138200363,0,2710523,336533461,1638720,1,50349230,69129
3,2,0,120,60,0,388354759,2,2710523,336533461,1638720,1,50349230,69129
3,2,0,120,60,0,515024824,1,2710523,336533461,1638720,1,50349230,69129
3,2,0,120,60,0,676952884,3,2710523,336533461,1638720,1,50349230,69129
3,2,0,120,60,0,1306593403,4,2710523,336533461,1638720,1,50349230,69129
3,2,0,120,60,0,173215225,5,2710523,336533461,1638720,1,50349230,69129
3,2,0,120,60,0,1407863065,7,2710523,336533461,1638720,1,50349230,69129
3,2,0,120,60,0,637045876,8,2710523,336533461,1638720,1,50349230,69129
3,2,0,120,60,0,923507241,6,2710523,336533461,1638720,1,50349230,69129
3,2,0,120,60,0,391756438,9,2710523,336533461,1638720,1,50349230,69129
3,0,1,30,0,0,1066091571,0,6500450,192226631,764972,1,28342393,2508496
3,0,1,30,0,0,1527903519,1,6500450,192226631,764972,1,28342393,2508496
3,0,1,30,0,0,1701857002,2,6500450,192226631,764972,1,28342393,2508496
3,0,1,30,0,0,210241300,3,6500450,192226631,764972,1,28342393,2508496
3,0,1,30,0,0,1283511098,4,6500450,192226631,764972,1,28342393,2508496
3,0,1,30,0,0,746756255,6,6500450,192226631,764972,1,28342393,2508496
3,0,1,30,0,0,1117407868,5,6500450,192226631,764972,1,28342393,2508496
3,0,1,30,0,0,1736851379,8,6500450,192226631,764972,1,28342393,2508496
3,0,1,30,0,0,133496549,7,6500450,192226631,764972,1,28342393,2508496
3,0,1,30,0,0,1942189222,9,6500450,192226631,764972,1,28342393,2508496
3,0,1,30,2,0,1073108894,0,7533181,186043722,1297072,1,30060674,120672
3,0,1,30,2,0,406841968,1,7533181,186043722,1297072,1,30060674,120672
3,0,1,30,2,0,1984460654,2,7533181,186043722,1297072,1,30060674,120672
3,0,1,30,2,0,437688716,3,7533181,186043722,1297072,1,30060674,120672
3,0,1,30,2,0,600406558,4,7533181,186043722,1297072,1,30060674,120672
3,0,1,30,2,0,264867118,7,7533181,186043722,1297072,1,30060674,120672
3,0,1,30,2,0,954720281,8,7533181,186043722,1297072,1,30060674,120672
3,0,1,30,2,0,51354601,6,7533181,186043722,1297072,1,30060674,120672
3,0,1,30,2,0,521637779,5,7533181,186043722,1297072,1,30060674,120672
3,0,1,30,2,0,561417687,9,7533181,186043722,1297072,1,30060674,120672
3,0,1,30,5,0,1720485787,1,7545705,192848860,1317104,1,30070689,118915
3,0,1,30,5,0,850974890,0,7545705,192848860,1317104,1,30070689,118915
3,0,1,30,5,0,1111626210,4,7545705,192848860,1317104,1,30070689,118915
3,0,1,30,5,0,360946585,3,7545705,192848860,1317104,1,30070689,118915
3,0,1,30,5,0,322067505,5,7545705,192848860,1317104,1,30070689,118915
3,0,1,30,5,0,1598757527,2,7545705,192848860,1317104,1,30070689,118915
3,0,1,30,5,0,93631055,6,7545705,192848860,1317104,1,30070689,118915
3,0,1,30,5,0,849331223,8,7545705,192848860,1317104,1,30070689,118915
3,0,1,30,5,0,1904523027,9,7545705,192848860,1317104,1,30070689,118915
3,0,1,30,10,0,553155490,0,8537598,185827470,1469903,1,30057758,119666
3,0,1,30,5,0,276905285,7,7545705,192848860,1317104,1,30070689,118915
3,0,1,30,10,0,1423995953,2,8537598,185827470,1469903,1,30057758,119666
3,0,1,30,10,0,395045224,1,8537598,185827470,1469903,1,30057758,119666
3,0,1,30,10,0,183379287,4,8537598,185827470,1469903,1,30057758,119666
3,0,1,30,10,0,1979958124,5,8537598,185827470,1469903,1,30057758,119666
3,0,1,30,10,0,526252306,3,8537598,185827470,1469903,1,30057758,119666
3,0,1,30,10,0,721508131,7,8537598,185827470,1469903,1,30057758,119666
3,0,1,30,10,0,217487269,6,8537598,185827470,1469903,1,30057758,119666
3,0,1,30,20,0,126625486,1,7519196,181941353,1308395,1,30068526,133850
3,0,1,30,20,0,2130846652,0,7519196,181941353,1308395,1,30068526,133850
3,0,1,30,10,0,1696506450,9,8537598,185827470,1469903,1,30057758,119666
3,0,1,30,20,0,1643810426,2,7519196,181941353,1308395,1,30068526,133850
3,0,1,30,10,0,1860392455,8,8537598,185827470,1469903,1,30057758,119666
3,0,1,30,20,0,1520174713,5,7519196,181941353,1308395,1,30068526,133850
3,0,1,30,20,0,742201314,4,7519196,181941353,1308395,1,30068526,133850
3,0,1,30,20,0,922198636,6,7519196,181941353,1308395,1,30068526,133850
3,0,1,30,30,0,1915604499,0,0,3055855,10377,0,456864,4545
3,0,1,30,30,0,638367047,1,0,3055855,10377,0,456864,4545
3,0,1,30,30,0,148818209,2,0,3055855,10377,0,456864,4545
3,0,1,30,30,0,1055637578,3,0,3055855,10377,0,456864,4545
3,0,1,30,30,0,1267467039,4,0,3055855,10377,0,456864,4545
3,0,1,30,30,0,2142723159,5,0,3055855,10377,0,456864,4545
3,0,1,30,30,0,1769493025,6,0,3055855,10377,0,456864,4545
3,0,1,30,30,0,2057422183,7,0,3055855,10377,0,456864,4545
3,0,1,30,30,0,261903104,8,0,3055855,10377,0,456864,4545
3,0,1,30,30,0,376761189,9,0,3055855,10377,0,456864,4545
3,0,1,30,20,0,1832508021,3,7519196,181941353,1308395,1,30068526,133850
3,0,1,30,20,0,803807914,7,7519196,181941353,1308395,1,30068526,133850
3,0,1,30,20,0,1181037719,8,7519196,181941353,1308395,1,30068526,133850
3,0,1,30,20,0,1201966146,9,7519196,181941353,1308395,1,30068526,133850
3,0,1,60,0,0,1645038111,1,6501379,151831882,764972,1,28198568,2929837
3,0,1,60,0,0,1201628712,0,6501379,151831882,764972,1,28198568,2929837
3,0,1,60,0,0,589424206,2,6501379,151831882,764972,1,28198568,2929837
3,0,1,60,0,0,1070081452,5,6501379,151831882,764972,1,28198568,2929837
3,0,1,60,0,0,1800599868,3,6501379,151831882,764972,1,28198568,2929837
3,0,1,60,0,0,856664739,4,6501379,151831882,764972,1,28198568,2929837
3,0,1,60,0,0,83880626,6,6501379,151831882,764972,1,28198568,2929837
3,0,1,60,0,0,1642816742,7,6501379,151831882,764972,1,28198568,2929837
3,0,1,60,0,0,1542374768,8,6501379,151831882,764972,1,28198568,2929837
3,0,1,60,0,0,2060228976,9,6501379,151831882,764972,1,28198568,2929837
3,0,1,60,2,0,2081682554,0,8511461,164061612,1308395,1,30068797,110778
3,0,1,60,2,0,1381280467,2,8511461,164061612,1308395,1,30068797,110778
3,0,1,60,2,0,1477615282,1,8511461,164061612,1308395,1,30068797,110778
3,0,1,60,2,0,1668084889,3,8511461,164061612,1308395,1,30068797,110778
3,0,1,60,2,0,1161512446,4,8511461,164061612,1308395,1,30068797,110778
3,0,1,60,2,0,772303297,5,8511461,164061612,1308395,1,30068797,110778
3,0,1,60,2,0,111939600,6,8511461,164061612,1308395,1,30068797,110778
3,0,1,60,2,0,1369568735,7,8511461,164061612,1308395,1,30068797,110778
3,0,1,60,2,0,940684569,8,8511461,164061612,1308395,1,30068797,110778
3,0,1,60,5,0,1206596621,0,8529573,181203783,1324726,1,30070418,135467
3,0,1,60,2,0,125857393,9,8511461,164061612,1308395,1,30068797,110778
3,0,1,60,5,0,251647421,1,8529573,181203783,1324726,1,30070418,135467
3,0,1,60,5,0,2025869016,2,8529573,181203783,1324726,1,30070418,135467
3,0,1,60,5,0,685583357,5,8529573,181203783,1324726,1,30070418,135467
3,0,1,60,5,0,430073711,6,8529573,181203783,1324726,1,30070418,135467
3,0,1,60,5,0,1535162577,3,8529573,181203783,1324726,1,30070418,135467
3,0,1,60,5,0,999705716,4,8529573,181203783,1324726,1,30070418,135467
3,0,1,60,5,0,1035743379,8,8529573,181203783,1324726,1,30070418,135467
3,0,1,60,5,0,1064537936,7,8529573,181203783,1324726,1,30070418,135467
3,0,1,60,10,0,240125829,0,7545977,191215089,1277040,1,30070150,117387
3,0,1,60,5,0,1144724751,9,8529573,181203783,1324726,1,30070418,135467
3,0,1,60,10,0,942365574,1,7545977,191215089,1277040,1,30070150,117387
3,0,1,60,10,0,1668262032,2,7545977,191215089,1277040,1,30070150,117387
3,0,1,60,10,0,1523874287,3,7545977,191215089,1277040,1,30070150,117387
3,0,1,60,10,0,756345332,5,7545977,191215089,1277040,1,30070150,117387
3,0,1,60,10,0,1015979384,6,7545977,191215089,1277040,1,30070150,117387
3,0,1,60,10,0,1365818354,7,7545977,191215089,1277040,1,30070150,117387
3,0,1,60,10,0,746087503,4,7545977,191215089,1277040,1,30070150,117387
3,0,1,60,20,0,610324690,1,7537905,186335432,1325923,1,30061760,119204
3,0,1,60,20,0,1510463320,0,7537905,186335432,1325923,1,30061760,119204
3,0,1,60,10,0,1540961801,8,7545977,191215089,1277040,1,30070150,117387
3,0,1,60,10,0,121146276,9,7545977,191215089,1277040,1,30070150,117387
3,0,1,60,20,0,2114097693,3,7537905,186335432,1325923,1,30061760,119204
3,0,1,60,20,0,1327372855,4,7537905,186335432,1325923,1,30061760,119204
3,0,1,60,20,0,2106408413,6,7537905,186335432,1325923,1,30061760,119204
3,0,1,60,20,0,754010571,5,7537905,186335432,1325923,1,30061760,119204
3,0,1,60,20,0,808457424,2,7537905,186335432,1325923,1,30061760,119204
3,0,1,60,20,0,387652480,8,7537905,186335432,1325923,1,30061760,119204
3,0,1,60,30,0,999109703,0,7520247,186894341,1323364,1,30069338,115325
3,0,1,60,30,0,939777262,1,7520247,186894341,1323364,1,30069338,115325
3,0,1,60,20,0,163053047,7,7537905,186335432,1325923,1,30061760,119204
3,0,1,60,20,0,241239647,9,7537905,186335432,1325923,1,30061760,119204
3,0,1,60,30,0,85590073,2,7520247,186894341,1323364,1,30069338,115325
3,0,1,60,30,0,2052947074,3,7520247,186894341,1323364,1,30069338,115325
3,0,1,60,30,0,2935589,4,7520247,186894341,1323364,1,30069338,115325
3,0,1,60,60,0,1389803385,0,0,3049796,10377,0,457134,5422
3,0,1,60,60,0,255790920,1,0,3049796,10377,0,457134,5422
3,0,1,60,60,0,94115188,2,0,3049796,10377,0,457134,5422
3,0,1,60,60,0,634418273,3,0,3049796,10377,0,457134,5422
3,0,1,60,60,0,608393560,4,0,3049796,10377,0,457134,5422
3,0,1,60,60,0,476400290,5,0,3049796,10377,0,457134,5422
3,0,1,60,60,0,1567189960,6,0,3049796,10377,0,457134,5422
3,0,1,60,30,0,865282924,6,7520247,186894341,1323364,1,30069338,115325
3,0,1,60,60,0,311520864,7,0,3049796,10377,0,457134,5422
3,0,1,60,60,0,1604560177,8,0,3049796,10377,0,457134,5422
3,0,1,60,30,0,1424786638,5,7520247,186894341,1323364,1,30069338,115325
3,0,1,60,60,0,1699070000,9,0,3049796,10377,0,457134,5422
3,0,1,60,30,0,560448350,7,7520247,186894341,1323364,1,30069338,115325
3,0,1,60,30,0,1463548951,8,7520247,186894341,1323364,1,30069338,115325
3,0,1,60,30,0,762184337,9,7520247,186894341,1323364,1,30069338,115325
3,0,1,120,0,0,1296071464,2,0,524288000,764972,0,0,0
3,0,1,120,0,0,1385570227,3,0,524288000,764972,0,0,0
3,0,1,120,0,0,586055431,4,0,524288000,764972,0,0,0
3,0,1,120,0,0,676474018,5,0,524288000,764972,0,0,0
3,0,1,120,0,0,433929868,0,0,524288000,764972,0,0,0
3,0,1,120,0,0,1445518797,1,0,524288000,764972,0,0,0
3,0,1,120,0,0,1876335418,6,0,524288000,764972,0,0,0
3,0,1,120,0,0,1362721798,8,0,524288000,764972,0,0,0
3,0,1,120,0,0,748194762,9,0,524288000,764972,0,0,0
3,0,1,120,2,0,1532554057,0,0,524288000,764972,0,0,0
3,0,1,120,0,0,2092508149,7,0,524288000,764972,0,0,0
3,0,1,120,2,0,958796521,1,0,524288000,764972,0,0,0
3,0,1,120,2,0,753129506,2,0,524288000,764972,0,0,0
3,0,1,120,2,0,1625147377,3,0,524288000,764972,0,0,0
3,0,1,120,2,0,1264942028,5,0,524288000,764972,0,0,0
3,0,1,120,2,0,1317795722,4,0,524288000,764972,0,0,0
3,0,1,120,2,0,546957087,6,0,524288000,764972,0,0,0
3,0,1,120,2,0,763251269,7,0,524288000,764972,0,0,0
3,0,1,120,2,0,1681915310,9,0,524288000,764972,0,0,0
3,0,1,120,2,0,7721941,8,0,524288000,764972,0,0,0
3,0,1,120,5,0,139082827,0,0,524288000,764972,0,0,0
3,0,1,120,5,0,782035199,1,0,524288000,764972,0,0,0
3,0,1,120,5,0,447150027,4,0,524288000,764972,0,0,0
3,0,1,120,5,0,1366731217,2,0,524288000,764972,0,0,0
3,0,1,120,5,0,2131098613,5,0,524288000,764972,0,0,0
3,0,1,120,5,0,948737873,3,0,524288000,764972,0,0,0
3,0,1,120,5,0,604058666,6,0,524288000,764972,0,0,0
3,0,1,120,5,0,1422357563,7,0,524288000,764972,0,0,0
3,0,1,120,5,0,334176969,8,0,524288000,764972,0,0,0
3,0,1,120,10,0,1489538120,0,0,524288000,764972,0,0,0
3,0,1,120,10,0,1372322277,1,0,524288000,764972,0,0,0
3,0,1,120,5,0,1022184735,9,0,524288000,764972,0,0,0
3,0,1,120,10,0,721070971,2,0,524288000,764972,0,0,0
3,0,1,120,10,0,381075297,3,0,524288000,764972,0,0,0
3,0,1,120,10,0,1442032976,4,0,524288000,764972,0,0,0
3,0,1,120,10,0,1918260963,5,0,524288000,764972,0,0,0
3,0,1,120,10,0,48943839,6,0,524288000,764972,0,0,0
3,0,1,120,10,0,900587144,8,0,524288000,764972,0,0,0
3,0,1,120,10,0,1139078760,7,0,524288000,764972,0,0,0
3,0,1,120,10,0,1071769843,9,0,524288000,764972,0,0,0
3,0,1,120,20,0,291176364,0,0,524288000,764972,0,0,0
3,0,1,120,20,0,1102337464,2,0,524288000,764972,0,0,0
3,0,1,120,20,0,1505305132,1,0,524288000,764972,0,0,0
3,0,1,120,20,0,5502537,4,0,524288000,764972,0,0,0
3,0,1,120,20,0,464005062,3,0,524288000,764972,0,0,0
3,0,1,120,20,0,1657587204,6,0,524288000,764972,0,0,0
3,0,1,120,20,0,206791755,5,0,524288000,764972,0,0,0
3,0,1,120,20,0,1802396869,8,0,524288000,764972,0,0,0
3,0,1,120,20,0,1882141157,7,0,524288000,764972,0,0,0
3,0,1,120,20,0,714418166,9,0,524288000,764972,0,0,0
3,0,1,120,30,0,2117771015,1,0,524288000,764972,0,0,0
3,0,1,120,30,0,1778198758,0,0,524288000,764972,0,0,0
3,0,1,120,30,0,1508526390,3,0,524288000,764972,0,0,0
3,0,1,120,30,0,1612105539,4,0,524288000,764972,0,0,0
3,0,1,120,30,0,435632331,5,0,524288000,764972,0,0,0
3,0,1,120,30,0,1626558140,2,0,524288000,764972,0,0,0
3,0,1,120,30,0,2059390655,6,0,524288000,764972,0,0,0
3,0,1,120,30,0,1938264714,9,0,524288000,764972,0,0,0
3,0,1,120,30,0,698604397,8,0,524288000,764972,0,0,0
3,0,1,120,60,0,316579418,0,8528691,149225434,1360924,1,29442694,2506596
3,0,1,120,30,0,968870456,7,0,524288000,764972,0,0,0
3,0,1,120,60,0,1266622851,2,8528691,149225434,1360924,1,29442694,2506596
3,0,1,120,60,0,143506818,1,8528691,149225434,1360924,1,29442694,2506596
3,0,1,120,60,0,86234365,3,8528691,149225434,1360924,1,29442694,2506596
3,0,1,120,60,0,449790661,6,8528691,149225434,1360924,1,29442694,2506596
3,0,1,120,60,0,1368878709,4,8528691,149225434,1360924,1,29442694,2506596
3,0,1,120,60,0,1121534958,5,8528691,149225434,1360924,1,29442694,2506596
3,0,1,120,60,0,318688299,7,8528691,149225434,1360924,1,29442694,2506596
3,0,1,120,60,0,1468055063,8,8528691,149225434,1360924,1,29442694,2506596
3,0,1,120,60,0,730596287,9,8528691,149225434,1360924,1,29442694,2506596
3,1,0,30,0,0,691079537,1,500301,343742411,1835432,1,49918681,73901
3,1,0,30,0,0,1612579345,0,500301,343742411,1835432,1,49918681,73901
3,1,0,30,0,0,322132937,2,500301,343742411,1835432,1,49918681,73901
3,1,0,30,0,0,399881571,3,500301,343742411,1835432,1,49918681,73901
3,1,0,30,0,0,1451486688,4,500301,343742411,1835432,1,49918681,73901
3,1,0,30,0,0,2073338701,5,500301,343742411,1835432,1,49918681,73901
3,1,0,30,0,0,708657549,8,500301,343742411,1835432,1,49918681,73901
3,1,0,30,0,0,1852519609,7,500301,343742411,1835432,1,49918681,73901
3,1,0,30,0,0,133114792,6,500301,343742411,1835432,1,49918681,73901
3,1,0,30,0,0,1864876473,9,500301,343742411,1835432,1,49918681,73901
3,1,0,30,2,0,230020161,1,1542132,339789555,1317104,1,49918681,74147
3,1,0,30,2,0,434898985,2,1542132,339789555,1317104,1,49918681,74147
3,1,0,30,2,0,674755608,0,1542132,339789555,1317104,1,49918681,74147
3,1,0,30,2,0,1422040412,3,1542132,339789555,1317104,1,49918681,74147
3,1,0,30,2,0,882832553,4,1542132,339789555,1317104,1,49918681,74147
3,1,0,30,2,0,815976168,5,1542132,339789555,1317104,1,49918681,74147
3,1,0,30,2,0,1209132386,8,1542132,339789555,1317104,1,49918681,74147
3,1,0,30,2,0,1757843634,6,1542132,339789555,1317104,1,49918681,74147
3,1,0,30,2,0,1139303499,7,1542132,339789555,1317104,1,49918681,74147
3,1,0,30,2,0,1277326067,9,1542132,339789555,1317104,1,49918681,74147
3,1,0,30,5,0,411955771,1,1520099,340407081,1317104,1,49918681,78703
3,1,0,30,5,0,1020262123,0,1520099,340407081,1317104,1,49918681,78703
3,1,0,30,5,0,213182609,2,1520099,340407081,1317104,1,49918681,78703
3,1,0,30,5,0,2108606793,4,1520099,340407081,1317104,1,49918681,78703
3,1,0,30,5,0,659663750,5,1520099,340407081,1317104,1,49918681,78703
3,1,0,30,5,0,1687502175,3,1520099,340407081,1317104,1,49918681,78703
3,1,0,30,5,0,234096568,6,1520099,340407081,1317104,1,49918681,78703
3,1,0,30,5,0,16387764,8,1520099,340407081,1317104,1,49918681,78703
3,1,0,30,5,0,1836553621,9,1520099,340407081,1317104,1,49918681,78703
3,1,0,30,5,0,1549748436,7,1520099,340407081,1317104,1,49918681,78703
3,1,0,30,10,0,1265080225,1,1578227,339858969,1317104,1,49922738,69336
3,1,0,30,10,0,376360931,0,1578227,339858969,1317104,1,49922738,69336
3,1,0,30,10,0,2062994753,2,1578227,339858969,1317104,1,49922738,69336
3,1,0,30,10,0,416555576,4,1578227,339858969,1317104,1,49922738,69336
3,1,0,30,10,0,888856289,6,1578227,339858969,1317104,1,49922738,69336
3,1,0,30,10,0,857596764,3,1578227,339858969,1317104,1,49922738,69336
3,1,0,30,10,0,733718685,7,1578227,339858969,1317104,1,49922738,69336
3,1,0,30,10,0,110533960,5,1578227,339858969,1317104,1,49922738,69336
3,1,0,30,10,0,351912852,9,1578227,339858969,1317104,1,49922738,69336
3,1,0,30,20,0,496107065,1,1522016,340514253,1317104,1,49922467,74819
3,1,0,30,20,0,2033970459,0,1522016,340514253,1317104,1,49922467,74819
3,1,0,30,10,0,1253320675,8,1578227,339858969,1317104,1,49922738,69336
3,1,0,30,20,0,1324367744,2,1522016,340514253,1317104,1,49922467,74819
3,1,0,30,20,0,2022691021,4,1522016,340514253,1317104,1,49922467,74819
3,1,0,30,20,0,1707109267,3,1522016,340514253,1317104,1,49922467,74819
3,1,0,30,30,0,1593521006,0,0,26617216,28796,0,3944388,11560
3,1,0,30,20,0,1138185235,6,1522016,340514253,1317104,1,49922467,74819
3,1,0,30,30,0,1638294596,1,0,26617216,28796,0,3944388,11560
3,1,0,30,30,0,1586568081,2,0,26617216,28796,0,3944388,11560
3,1,0,30,30,0,801367625,3,0,26617216,28796,0,3944388,11560
3,1,0,30,30,0,191628232,5,0,26617216,28796,0,3944388,11560
3,1,0,30,30,0,1914590233,4,0,26617216,28796,0,3944388,11560
3,1,0,30,30,0,1130847576,6,0,26617216,28796,0,3944388,11560
3,1,0,30,20,0,391429896,7,1522016,340514253,1317104,1,49922467,74819
3,1,0,30,20,0,2100654796,5,1522016,340514253,1317104,1,49922467,74819
3,1,0,30,30,0,1888670721,7,0,26617216,28796,0,3944388,11560
3,1,0,30,30,0,1997408731,8,0,26617216,28796,0,3944388,11560
3,1,0,30,30,0,1131297865,9,0,26617216,28796,0,3944388,11560
3,1,0,30,20,0,794058803,9,1522016,340514253,1317104,1,49922467,74819
3,1,0,30,20,0,1664416298,8,1522016,340514253,1317104,1,49922467,74819
3,1,0,60,0,0,1153464986,1,500021,304314277,1851708,1,49926402,75874
3,1,0,60,0,0,971703178,0,500021,304314277,1851708,1,49926402,75874
3,1,0,60,0,0,264739091,2,500021,304314277,1851708,1,49926402,75874
3,1,0,60,0,0,368110105,5,500021,304314277,1851708,1,49926402,75874
3,1,0,60,0,0,649101302,3,500021,304314277,1851708,1,49926402,75874
3,1,0,60,0,0,415334610,4,500021,304314277,1851708,1,49926402,75874
3,1,0,60,0,0,1778059107,7,500021,304314277,1851708,1,49926402,75874
3,1,0,60,0,0,1476572736,6,500021,304314277,1851708,1,49926402,75874
3,1,0,60,0,0,977159856,8,500021,304314277,1851708,1,49926402,75874
3,1,0,60,0,0,261923195,9,500021,304314277,1851708,1,49926402,75874
3,1,0,60,2,0,1662608027,0,1572667,311375977,1317104,1,49922043,73381
3,1,0,60,2,0,1798011065,1,1572667,311375977,1317104,1,49922043,73381
3,1,0,60,2,0,2039355231,2,1572667,311375977,1317104,1,49922043,73381
3,1,0,60,2,0,339109365,6,1572667,311375977,1317104,1,49922043,73381
3,1,0,60,2,0,1283560032,5,1572667,311375977,1317104,1,49922043,73381
3,1,0,60,2,0,1012074766,3,1572667,311375977,1317104,1,49922043,73381
3,1,0,60,2,0,2045530940,4,1572667,311375977,1317104,1,49922043,73381
3,1,0,60,2,0,1695671834,7,1572667,311375977,1317104,1,49922043,73381
3,1,0,60,2,0,149157745,8,1572667,311375977,1317104,1,49922043,73381
3,1,0,60,5,0,1928610987,1,1559900,322562899,1317104,1,49925595,71450
3,1,0,60,2,0,633282877,9,1572667,311375977,1317104,1,49922043,73381
3,1,0,60,5,0,516606697,0,1559900,322562899,1317104,1,49925595,71450
3,1,0,60,5,0,742509523,2,1559900,322562899,1317104,1,49925595,71450
3,1,0,60,5,0,910061300,4,1559900,322562899,1317104,1,49925595,71450
3,1,0,60,5,0,717967293,3,1559900,322562899,1317104,1,49925595,71450
3,1,0,60,5,0,827752234,5,1559900,322562899,1317104,1,49925595,71450
3,1,0,60,5,0,1818381356,8,1559900,322562899,1317104,1,49925595,71450
3,1,0,60,5,0,183291591,7,1559900,322562899,1317104,1,49925595,71450
3,1,0,60,5,0,541964762,6,1559900,322562899,1317104,1,49925595,71450
3,1,0,60,5,0,336590217,9,1559900,322562899,1317104,1,49925595,71450
3,1,0,60,10,0,1869999754,0,1543577,340275537,1317104,1,49922744,74656
3,1,0,60,10,0,635132230,2,1543577,340275537,1317104,1,49922744,74656
3,1,0,60,10,0,867236691,1,1543577,340275537,1317104,1,49922744,74656
3,1,0,60,10,0,1373313591,4,1543577,340275537,1317104,1,49922744,74656
3,1,0,60,10,0,1107613491,3,1543577,340275537,1317104,1,49922744,74656
3,1,0,60,10,0,287814151,5,1543577,340275537,1317104,1,49922744,74656
3,1,0,60,10,0,1666873181,7,1543577,340275537,1317104,1,49922744,74656
3,1,0,60,10,0,1706626708,8,1543577,340275537,1317104,1,49922744,74656
3,1,0,60,10,0,373780031,6,1543577,340275537,1317104,1,49922744,74656
3,1,0,60,20,0,1186273502,0,1506942,340240203,1317104,1,49922741,75432
3,1,0,60,10,0,1400703953,9,1543577,340275537,1317104,1,49922744,74656
3,1,0,60,20,0,53102106,2,1506942,340240203,1317104,1,49922741,75432
3,1,0,60,20,0,1802141793,3,1506942,340240203,1317104,1,49922741,75432
3,1,0,60,20,0,1967770105,1,1506942,340240203,1317104,1,49922741,75432
3,1,0,60,20,0,1780016559,5,1506942,340240203,1317104,1,49922741,75432
3,1,0,60,20,0,483264745,4,1506942,340240203,1317104,1,49922741,75432
3,1,0,60,20,0,642708893,6,1506942,340240203,1317104,1,49922741,75432
3,1,0,60,20,0,430372878,8,1506942,340240203,1317104,1,49922741,75432
3,1,0,60,20,0,636513034,7,1506942,340240203,1317104,1,49922741,75432
3,1,0,60,30,0,433750626,0,1565069,340128160,1317104,1,49918410,75138
3,1,0,60,30,0,1228759446,1,1565069,340128160,1317104,1,49918410,75138
3,1,0,60,20,0,453698094,9,1506942,340240203,1317104,1,49922741,75432
3,1,0,60,30,0,1476906868,2,1565069,340128160,1317104,1,49918410,75138
3,1,0,60,30,0,1764759274,3,1565069,340128160,1317104,1,49918410,75138
3,1,0,60,30,0,2085570788,6,1565069,340128160,1317104,1,49918410,75138
3,1,0,60,30,0,2031719772,7,1565069,340128160,1317104,1,49918410,75138
3,1,0,60,30,0,160913827,8,1565069,340128160,1317104,1,49918410,75138
3,1,0,60,60,0,1182894728,0,0,24039163,27544,0,3558810,13961
3,1,0,60,60,0,1730759996,1,0,24039163,27544,0,3558810,13961
3,1,0,60,30,0,1645159179,5,1565069,340128160,1317104,1,49918410,75138
3,1,0,60,60,0,1725373847,3,0,24039163,27544,0,3558810,13961
3,1,0,60,60,0,617842513,2,0,24039163,27544,0,3558810,13961
3,1,0,60,60,0,1423756197,6,0,24039163,27544,0,3558810,13961
3,1,0,60,60,0,166569717,4,0,24039163,27544,0,3558810,13961
3,1,0,60,60,0,1020395327,7,0,24039163,27544,0,3558810,13961
3,1,0,60,60,0,1699916883,5,0,24039163,27544,0,3558810,13961
3,1,0,60,30,0,1134458188,4,1565069,340128160,1317104,1,49918410,75138
3,1,0,60,60,0,211703120,8,0,24039163,27544,0,3558810,13961
3,1,0,60,60,0,2041046587,9,0,24039163,27544,0,3558810,13961
3,1,0,60,30,0,739592196,9,1565069,340128160,1317104,1,49918410,75138
3,1,0,120,0,0,1153561013,0,500047,78772747,1824164,1,23832728,0
3,1,0,120,0,0,1451123758,3,500047,78772747,1824164,1,23832728,0
3,1,0,120,0,0,1301611123,4,500047,78772747,1824164,1,23832728,0
3,1,0,120,0,0,1335517080,5,500047,78772747,1824164,1,23832728,0
3,1,0,120,0,0,86899610,2,500047,78772747,1824164,1,23832728,0
3,1,0,120,0,0,1599620611,1,500047,78772747,1824164,1,23832728,0
3,1,0,120,0,0,1204079697,6,500047,78772747,1824164,1,23832728,0
3,1,0,120,0,0,2111488438,7,500047,78772747,1824164,1,23832728,0
3,1,0,120,0,0,421840452,8,500047,78772747,1824164,1,23832728,0
3,1,0,120,0,0,979069637,9,500047,78772747,1824164,1,23832728,0
3,1,0,120,2,0,1290553691,1,1543346,85946501,1317104,1,12592128,0
3,1,0,120,2,0,577181411,0,1543346,85946501,1317104,1,12592128,0
3,1,0,120,2,0,1378118917,3,1543346,85946501,1317104,1,12592128,0
3,1,0,120,2,0,1157150012,4,1543346,85946501,1317104,1,12592128,0
3,1,0,120,2,0,1903145590,2,1543346,85946501,1317104,1,12592128,0
3,1,0,120,2,0,1790025237,5,1543346,85946501,1317104,1,12592128,0
3,1,0,120,2,0,383484123,6,1543346,85946501,1317104,1,12592128,0
3,1,0,120,2,0,1897158366,8,1543346,85946501,1317104,1,12592128,0
3,1,0,120,2,0,907915284,9,1543346,85946501,1317104,1,12592128,0
3,1,0,120,2,0,807177651,7,1543346,85946501,1317104,1,12592128,0
3,1,0,120,5,0,1748783374,0,1521362,97172405,1317104,1,220268,220268
3,1,0,120,5,0,2080741273,1,1521362,97172405,1317104,1,220268,220268
3,1,0,120,5,0,1605932109,2,1521362,97172405,1317104,1,220268,220268
3,1,0,120,5,0,682781467,4,1521362,97172405,1317104,1,220268,220268
3,1,0,120,5,0,281822724,5,1521362,97172405,1317104,1,220268,220268
3,1,0,120,5,0,241402174,3,1521362,97172405,1317104,1,220268,220268
3,1,0,120,5,0,1336263518,6,1521362,97172405,1317104,1,220268,220268
3,1,0,120,5,0,1732526008,7,1521362,97172405,1317104,1,220268,220268
3,1,0,120,5,0,582611532,8,1521362,97172405,1317104,1,220268,220268
3,1,0,120,10,0,746196273,0,1552806,115899706,1317104,1,2099924,2099924
3,1,0,120,10,0,827912699,1,1552806,115899706,1317104,1,2099924,2099924
3,1,0,120,10,0,862114934,2,1552806,115899706,1317104,1,2099924,2099924
3,1,0,120,5,0,124331395,9,1521362,97172405,1317104,1,220268,220268
3,1,0,120,10,0,247508299,3,1552806,115899706,1317104,1,2099924,2099924
3,1,0,120,10,0,1071552532,4,1552806,115899706,1317104,1,2099924,2099924
3,1,0,120,10,0,142039044,5,1552806,115899706,1317104,1,2099924,2099924
3,1,0,120,10,0,217150457,7,1552806,115899706,1317104,1,2099924,2099924
3,1,0,120,10,0,1960432117,6,1552806,115899706,1317104,1,2099924,2099924
3,1,0,120,20,0,1176724393,0,1506015,153393285,1317104,1,43107349,16673148
3,1,0,120,10,0,855169963,9,1552806,115899706,1317104,1,2099924,2099924
3,1,0,120,10,0,1547799171,8,1552806,115899706,1317104,1,2099924,2099924
3,1,0,120,20,0,1582059473,1,1506015,153393285,1317104,1,43107349,16673148
3,1,0,120,20,0,1993803105,2,1506015,153393285,1317104,1,43107349,16673148
3,1,0,120,20,0,1704854104,3,1506015,153393285,1317104,1,43107349,16673148
3,1,0,120,20,0,131267917,5,1506015,153393285,1317104,1,43107349,16673148
3,1,0,120,20,0,2099323053,8,1506015,153393285,1317104,1,43107349,16673148
3,1,0,120,20,0,532029870,4,1506015,153393285,1317104,1,43107349,16673148
3,1,0,120,20,0,1039116218,6,1506015,153393285,1317104,1,43107349,16673148
3,1,0,120,20,0,1599732557,7,1506015,153393285,1317104,1,43107349,16673148
3,1,0,120,20,0,1915999663,9,1506015,153393285,1317104,1,43107349,16673148
3,1,0,120,30,0,762716154,0,1564273,190793066,1317104,1,49927884,80110
3,1,0,120,30,0,2038315396,1,1564273,190793066,1317104,1,49927884,80110
3,1,0,120,30,0,702285630,4,1564273,190793066,1317104,1,49927884,80110
3,1,0,120,30,0,1502207340,2,1564273,190793066,1317104,1,49927884,80110
3,1,0,120,30,0,1478538226,3,1564273,190793066,1317104,1,49927884,80110
3,1,0,120,30,0,1110935906,5,1564273,190793066,1317104,1,49927884,80110
3,1,0,120,30,0,388230363,6,1564273,190793066,1317104,1,49927884,80110
3,1,0,120,30,0,117898946,8,1564273,190793066,1317104,1,49927884,80110
3,1,0,120,30,0,1224363672,7,1564273,190793066,1317104,1,49927884,80110
3,1,0,120,60,0,699681969,1,1548673,303141883,1317104,1,49924801,74346
3,1,0,120,60,0,213249628,0,1548673,303141883,1317104,1,49924801,74346
3,1,0,120,30,0,1660286914,9,1564273,190793066,1317104,1,49927884,80110
3,1,0,120,60,0,920491305,2,1548673,303141883,1317104,1,49924801,74346
3,1,0,120,60,0,966848837,4,1548673,303141883,1317104,1,49924801,74346
3,1,0,120,60,0,887902820,5,1548673,303141883,1317104,1,49924801,74346
3,1,0,120,60,0,950695647,3,1548673,303141883,1317104,1,49924801,74346
3,1,0,120,60,0,1155705163,6,1548673,303141883,1317104,1,49924801,74346
3,1,0,120,60,0,1758820024,7,1548673,303141883,1317104,1,49924801,74346
3,1,0,120,60,0,86124217,8,1548673,303141883,1317104,1,49924801,74346
3,1,2,30,0,0,2036231979,0,1500451,68932276,1317104,1,10201844,2869737
3,1,2,30,0,0,743891149,2,1500451,68932276,1317104,1,10201844,2869737
3,1,2,30,0,0,36351450,3,1500451,68932276,1317104,1,10201844,2869737
3,1,2,30,0,0,568284681,1,1500451,68932276,1317104,1,10201844,2869737
3,1,2,30,0,0,961084962,4,1500451,68932276,1317104,1,10201844,2869737
3,1,2,30,0,0,1084008690,5,1500451,68932276,1317104,1,10201844,2869737
3,1,2,30,0,0,1820236332,8,1500451,68932276,1317104,1,10201844,2869737
3,1,0,120,60,0,38216544,9,1548673,303141883,1317104,1,49924801,74346
3,1,2,30,0,0,1182741899,7,1500451,68932276,1317104,1,10201844,2869737
3,1,2,30,0,0,1311939403,6,1500451,68932276,1317104,1,10201844,2869737
3,1,2,30,0,0,1616949739,9,1500451,68932276,1317104,1,10201844,2869737
3,1,2,30,2,0,1082326234,2,9695218,62106911,1317104,1,10191106,2016736
3,1,2,30,2,0,937200760,3,9695218,62106911,1317104,1,10191106,2016736
3,1,2,30,2,0,2004452735,4,9695218,62106911,1317104,1,10191106,2016736
3,1,2,30,2,0,1497694598,0,9695218,62106911,1317104,1,10191106,2016736
3,1,2,30,2,0,1971381481,1,9695218,62106911,1317104,1,10191106,2016736
3,1,2,30,2,0,1297703275,5,9695218,62106911,1317104,1,10191106,2016736
3,1,2,30,2,0,31557592,8,9695218,62106911,1317104,1,10191106,2016736
3,1,2,30,2,0,1607304606,9,9695218,62106911,1317104,1,10191106,2016736
3,1,2,30,5,0,1214087964,0,23136654,51659930,6228700,1,10714663,8287334
3,1,2,30,2,0,1705757183,6,9695218,62106911,1317104,1,10191106,2016736
3,1,2,30,2,0,439427140,7,9695218,62106911,1317104,1,10191106,2016736
3,1,2,30,5,0,1281944343,1,23136654,51659930,6228700,1,10714663,8287334
3,1,2,30,5,0,2069050782,3,23136654,51659930,6228700,1,10714663,8287334
3,1,2,30,5,0,1444327294,5,23136654,51659930,6228700,1,10714663,8287334
3,1,2,30,5,0,464305421,2,23136654,51659930,6228700,1,10714663,8287334
3,1,2,30,5,0,1187486518,6,23136654,51659930,6228700,1,10714663,8287334
3,1,2,30,5,0,274178050,4,23136654,51659930,6228700,1,10714663,8287334
3,1,2,30,5,0,1396453077,7,23136654,51659930,6228700,1,10714663,8287334
3,1,2,30,5,0,1189211712,8,23136654,51659930,6228700,1,10714663,8287334
3,1,2,30,10,0,1032089545,3,14706173,54437772,2128400,1,10196680,2111550
3,1,2,30,5,0,1121617417,9,23136654,51659930,6228700,1,10714663,8287334
3,1,2,30,10,0,1283298067,0,14706173,54437772,2128400,1,10196680,2111550
3,1,2,30,10,0,243845356,4,14706173,54437772,2128400,1,10196680,2111550
3,1,2,30,10,0,809000407,1,14706173,54437772,2128400,1,10196680,2111550
3,1,2,30,10,0,643941414,2,14706173,54437772,2128400,1,10196680,2111550
3,1,2,30,10,0,1735589535,5,14706173,54437772,2128400,1,10196680,2111550
3,1,2,30,10,0,600992653,7,14706173,54437772,2128400,1,10196680,2111550
3,1,2,30,10,0,1372610291,6,14706173,54437772,2128400,1,10196680,2111550
3,1,2,30,20,0,1269612255,0,7691917,63058276,1317104,1,10201825,3974278
3,1,2,30,10,0,109329542,8,14706173,54437772,2128400,1,10196680,2111550
3,1,2,30,10,0,2136200004,9,14706173,54437772,2128400,1,10196680,2111550
3,1,2,30,20,0,1114227340,1,7691917,63058276,1317104,1,10201825,3974278
3,1,2,30,20,0,1737739017,3,7691917,63058276,1317104,1,10201825,3974278
3,1,2,30,20,0,815679418,6,7691917,63058276,1317104,1,10201825,3974278
3,1,2,30,20,0,1797725951,2,7691917,63058276,1317104,1,10201825,3974278
3,1,2,30,30,0,1539733450,0,0,954394,16637,0,148233,4061
3,1,2,30,30,0,1289326948,1,0,954394,16637,0,148233,4061
3,1,2,30,20,0,1473891248,7,7691917,63058276,1317104,1,10201825,3974278
3,1,2,30,20,0,1667628074,4,7691917,63058276,1317104,1,10201825,3974278
3,1,2,30,30,0,730087155,2,0,954394,16637,0,148233,4061
3,1,2,30,30,0,777972586,3,0,954394,16637,0,148233,4061
3,1,2,30,30,0,1261792922,4,0,954394,16637,0,148233,4061
3,1,2,30,30,0,419201975,5,0,954394,16637,0,148233,4061
3,1,2,30,30,0,2021988477,6,0,954394,16637,0,148233,4061
3,1,2,30,30,0,549515893,7,0,954394,16637,0,148233,4061
3,1,2,30,20,0,151693971,5,7691917,63058276,1317104,1,10201825,3974278
3,1,2,30,30,0,1110901233,8,0,954394,16637,0,148233,4061
3,1,2,30,30,0,786272577,9,0,954394,16637,0,148233,4061
3,1,2,30,20,0,955042637,8,7691917,63058276,1317104,1,10201825,3974278
3,1,2,30,20,0,2043267129,9,7691917,63058276,1317104,1,10201825,3974278
3,1,2,60,0,0,1441530442,0,1500885,64804364,1317104,1,9774194,3230221
3,1,2,60,0,0,383539822,1,1500885,64804364,1317104,1,9774194,3230221
3,1,2,60,0,0,954571559,2,1500885,64804364,1317104,1,9774194,3230221
3,1,2,60,0,0,1525930586,3,1500885,64804364,1317104,1,9774194,3230221
3,1,2,60,0,0,959186138,4,1500885,64804364,1317104,1,9774194,3230221
3,1,2,60,0,0,1318921193,5,1500885,64804364,1317104,1,9774194,3230221
3,1,2,60,0,0,1805915915,6,1500885,64804364,1317104,1,9774194,3230221
3,1,2,60,0,0,1596363878,8,1500885,64804364,1317104,1,9774194,3230221
3,1,2,60,0,0,1422996266,7,1500885,64804364,1317104,1,9774194,3230221
3,1,2,60,0,0,1119093377,9,1500885,64804364,1317104,1,9774194,3230221
3,1,2,60,2,0,1262939955,0,6923243,60798306,1317104,1,10056888,6660059
3,1,2,60,2,0,1991836726,1,6923243,60798306,1317104,1,10056888,6660059
3,1,2,60,2,0,505867569,2,6923243,60798306,1317104,1,10056888,6660059
3,1,2,60,2,0,2020939193,3,6923243,60798306,1317104,1,10056888,6660059
3,1,2,60,2,0,305869263,5,6923243,60798306,1317104,1,10056888,6660059
3,1,2,60,2,0,230540762,4,6923243,60798306,1317104,1,10056888,6660059
3,1,2,60,2,0,514605529,8,6923243,60798306,1317104,1,10056888,6660059
3,1,2,60,2,0,835559278,7,6923243,60798306,1317104,1,10056888,6660059
3,1,2,60,5,0,1774282158,1,11939527,58588203,1422272,1,10202809,3594051
3,1,2,60,2,0,1639256813,9,6923243,60798306,1317104,1,10056888,6660059
3,1,2,60,2,0,2028168087,6,6923243,60798306,1317104,1,10056888,6660059
3,1,2,60,5,0,1281428200,0,11939527,58588203,1422272,1,10202809,3594051
3,1,2,60,5,0,232194392,2,11939527,58588203,1422272,1,10202809,3594051
3,1,2,60,5,0,647588523,3,11939527,58588203,1422272,1,10202809,3594051
3,1,2,60,5,0,860267314,5,11939527,58588203,1422272,1,10202809,3594051
3,1,2,60,5,0,1471755952,6,11939527,58588203,1422272,1,10202809,3594051
3,1,2,60,5,0,1965254350,8,11939527,58588203,1422272,1,10202809,3594051
3,1,2,60,5,0,1757465583,7,11939527,58588203,1422272,1,10202809,3594051
3,1,2,60,5,0,589979266,4,11939527,58588203,1422272,1,10202809,3594051
3,1,2,60,10,0,1358856601,0,13658307,55102443,1732768,1,10200350,3146215
3,1,2,60,5,0,615143045,9,11939527,58588203,1422272,1,10202809,3594051
3,1,2,60,10,0,774626412,1,13658307,55102443,1732768,1,10200350,3146215
3,1,2,60,10,0,347082594,2,13658307,55102443,1732768,1,10200350,3146215
3,1,2,60,10,0,2094143791,3,13658307,55102443,1732768,1,10200350,3146215
3,1,2,60,10,0,1428632583,4,13658307,55102443,1732768,1,10200350,3146215
3,1,2,60,10,0,249166485,7,13658307,55102443,1732768,1,10200350,3146215
3,1,2,60,10,0,1941553836,9,13658307,55102443,1732768,1,10200350,3146215
3,1,2,60,10,0,20244331,8,13658307,55102443,1732768,1,10200350,3146215
3,1,2,60,10,0,1346103176,6,13658307,55102443,1732768,1,10200350,3146215
3,1,2,60,10,0,759454456,5,13658307,55102443,1732768,1,10200350,3146215
3,1,2,60,20,0,1174793230,0,11678081,57572956,1317104,1,10006777,3740451
3,1,2,60,20,0,899290419,1,11678081,57572956,1317104,1,10006777,3740451
3,1,2,60,20,0,680473653,3,11678081,57572956,1317104,1,10006777,3740451
3,1,2,60,20,0,724156214,2,11678081,57572956,1317104,1,10006777,3740451
3,1,2,60,20,0,2102717570,4,11678081,57572956,1317104,1,10006777,3740451
3,1,2,60,20,0,378134712,5,11678081,57572956,1317104,1,10006777,3740451
3,1,2,60,20,0,555794362,6,11678081,57572956,1317104,1,10006777,3740451
3,1,2,60,30,0,1842650262,0,19763049,55856767,4389512,1,10760686,3427679
3,1,2,60,20,0,1862776335,7,11678081,57572956,1317104,1,10006777,3740451
3,1,2,60,20,0,1844300709,8,11678081,57572956,1317104,1,10006777,3740451
3,1,2,60,20,0,1732561822,9,11678081,57572956,1317104,1,10006777,3740451
3,1,2,60,30,0,2050418568,1,19763049,55856767,4389512,1,10760686,3427679
3,1,2,60,30,0,1646331504,2,19763049,55856767,4389512,1,10760686,3427679
3,1,2,60,30,0,20053819,3,19763049,55856767,4389512,1,10760686,3427679
3,1,2,60,30,0,162028997,4,19763049,55856767,4389512,1,10760686,3427679
3,1,2,60,60,0,76949178,0,0,952795,16637,0,148150,4074
3,1,2,60,60,0,17711717,1,0,952795,16637,0,148150,4074
3,1,2,60,60,0,1068687175,2,0,952795,16637,0,148150,4074
3,1,2,60,60,0,971803809,3,0,952795,16637,0,148150,4074
3,1,2,60,60,0,1478971008,4,0,952795,16637,0,148150,4074
3,1,2,60,60,0,1340426053,5,0,952795,16637,0,148150,4074
3,1,2,60,60,0,553753599,6,0,952795,16637,0,148150,4074
3,1,2,60,60,0,441128454,7,0,952795,16637,0,148150,4074
3,1,2,60,60,0,1647336743,8,0,952795,16637,0,148150,4074
3,1,2,60,60,0,1314754322,9,0,952795,16637,0,148150,4074
3,1,2,60,30,0,1602458325,6,19763049,55856767,4389512,1,10760686,3427679
3,1,2,60,30,0,856477685,5,19763049,55856767,4389512,1,10760686,3427679
3,1,2,60,30,0,1383894864,8,19763049,55856767,4389512,1,10760686,3427679
3,1,2,60,30,0,60460757,7,19763049,55856767,4389512,1,10760686,3427679
3,1,2,60,30,0,818520766,9,19763049,55856767,4389512,1,10760686,3427679
3,1,2,120,0,0,280405602,1,9504208,65225749,1317104,1,10202284,1558366
3,1,2,120,0,0,1249095871,4,9504208,65225749,1317104,1,10202284,1558366
3,1,2,120,0,0,196358835,2,9504208,65225749,1317104,1,10202284,1558366
3,1,2,120,0,0,717346250,0,9504208,65225749,1317104,1,10202284,1558366
3,1,2,120,0,0,1958188576,5,9504208,65225749,1317104,1,10202284,1558366
3,1,2,120,0,0,1280768911,3,9504208,65225749,1317104,1,10202284,1558366
3,1,2,120,0,0,1450990916,6,9504208,65225749,1317104,1,10202284,1558366
3,1,2,120,2,0,2105301413,0,13653863,54767396,1732768,1,10202100,2633202
3,1,2,120,0,0,1862577974,7,9504208,65225749,1317104,1,10202284,1558366
3,1,2,120,0,0,1472026313,9,9504208,65225749,1317104,1,10202284,1558366
3,1,2,120,2,0,1542970785,1,13653863,54767396,1732768,1,10202100,2633202
3,1,2,120,0,0,574621243,8,9504208,65225749,1317104,1,10202284,1558366
3,1,2,120,2,0,809283659,2,13653863,54767396,1732768,1,10202100,2633202
3,1,2,120,2,0,1732553940,4,13653863,54767396,1732768,1,10202100,2633202
3,1,2,120,2,0,82140117,5,13653863,54767396,1732768,1,10202100,2633202
3,1,2,120,2,0,963452923,7,13653863,54767396,1732768,1,10202100,2633202
3,1,2,120,2,0,708169264,3,13653863,54767396,1732768,1,10202100,2633202
3,1,2,120,2,0,981049082,6,13653863,54767396,1732768,1,10202100,2633202
3,1,2,120,2,0,563524533,8,13653863,54767396,1732768,1,10202100,2633202
3,1,2,120,5,0,725783958,1,0,7063543,12882663,0,3789,16399
3,1,2,120,5,0,94116768,0,0,7063543,12882663,0,3789,16399
3,1,2,120,5,0,528976690,2,0,7063543,12882663,0,3789,16399
3,1,2,120,2,0,907055132,9,13653863,54767396,1732768,1,10202100,2633202
3,1,2,120,5,0,1574498300,3,0,7063543,12882663,0,3789,16399
3,1,2,120,5,0,160474695,4,0,7063543,12882663,0,3789,16399
3,1,2,120,5,0,1611439217,5,0,7063543,12882663,0,3789,16399
3,1,2,120,5,0,208679403,7,0,7063543,12882663,0,3789,16399
3,1,2,120,5,0,464343720,9,0,7063543,12882663,0,3789,16399
3,1,2,120,5,0,1098606132,6,0,7063543,12882663,0,3789,16399
3,1,2,120,10,0,84790270,0,15662865,55099967,2194754,1,10202418,3331745
3,1,2,120,5,0,205988231,8,0,7063543,12882663,0,3789,16399
3,1,2,120,10,0,207167992,1,15662865,55099967,2194754,1,10202418,3331745
3,1,2,120,10,0,497313534,2,15662865,55099967,2194754,1,10202418,3331745
3,1,2,120,10,0,1790037430,3,15662865,55099967,2194754,1,10202418,3331745
3,1,2,120,10,0,1633177480,5,15662865,55099967,2194754,1,10202418,3331745
3,1,2,120,10,0,1085502712,7,15662865,55099967,2194754,1,10202418,3331745
3,1,2,120,10,0,2037516736,8,15662865,55099967,2194754,1,10202418,3331745
3,1,2,120,10,0,1908315331,4,15662865,55099967,2194754,1,10202418,3331745
3,1,2,120,10,0,657675888,9,15662865,55099967,2194754,1,10202418,3331745
3,1,2,120,10,0,530836767,6,15662865,55099967,2194754,1,10202418,3331745
3,1,2,120,20,0,882593929,0,11680365,58716906,1411004,1,10202803,3455105
3,1,2,120,20,0,1293285336,2,11680365,58716906,1411004,1,10202803,3455105
3,1,2,120,20,0,39962746,1,11680365,58716906,1411004,1,10202803,3455105
3,1,2,120,20,0,1159543038,5,11680365,58716906,1411004,1,10202803,3455105
3,1,2,120,20,0,1807629146,3,11680365,58716906,1411004,1,10202803,3455105
3,1,2,120,20,0,433705141,4,11680365,58716906,1411004,1,10202803,3455105
3,1,2,120,20,0,589112843,6,11680365,58716906,1411004,1,10202803,3455105
3,1,2,120,20,0,1798842890,7,11680365,58716906,1411004,1,10202803,3455105
3,1,2,120,20,0,450603215,8,11680365,58716906,1411004,1,10202803,3455105
3,1,2,120,20,0,505666123,9,11680365,58716906,1411004,1,10202803,3455105
3,1,2,120,30,0,1214216328,0,7724387,63169480,1317104,1,10201604,3037296
3,1,2,120,30,0,489680170,1,7724387,63169480,1317104,1,10201604,3037296
3,1,2,120,30,0,456399159,2,7724387,63169480,1317104,1,10201604,3037296
3,1,2,120,30,0,2137772998,3,7724387,63169480,1317104,1,10201604,3037296
3,1,2,120,30,0,853180912,4,7724387,63169480,1317104,1,10201604,3037296
3,1,2,120,30,0,1129550258,6,7724387,63169480,1317104,1,10201604,3037296
3,1,2,120,30,0,857917067,5,7724387,63169480,1317104,1,10201604,3037296
3,1,2,120,60,0,1268523764,0,6706271,64384135,1317104,1,10201871,3540987
3,1,2,120,30,0,1537262560,8,7724387,63169480,1317104,1,10201604,3037296
3,1,2,120,30,0,866179751,7,7724387,63169480,1317104,1,10201604,3037296
3,1,2,120,30,0,1759889613,9,7724387,63169480,1317104,1,10201604,3037296
3,1,2,120,60,0,688799369,1,6706271,64384135,1317104,1,10201871,3540987
3,1,2,120,60,0,169246232,2,6706271,64384135,1317104,1,10201871,3540987
3,1,2,120,60,0,2131827254,3,6706271,64384135,1317104,1,10201871,3540987
3,1,2,120,60,0,892038856,4,6706271,64384135,1317104,1,10201871,3540987
3,1,2,120,60,0,2064435929,5,6706271,64384135,1317104,1,10201871,3540987
3,1,2,120,60,0,1419931729,6,6706271,64384135,1317104,1,10201871,3540987
3,1,2,120,60,0,11759631,8,6706271,64384135,1317104,1,10201871,3540987
3,1,2,120,60,0,1007192464,7,6706271,64384135,1317104,1,10201871,3540987
3,2,1,30,0,0,382264279,0,2500435,202204309,1638720,1,30246560,157814
3,1,2,120,60,0,54758244,9,6706271,64384135,1317104,1,10201871,3540987
3,2,1,30,0,0,474297175,1,2500435,202204309,1638720,1,30246560,157814
3,2,1,30,0,0,2122160665,2,2500435,202204309,1638720,1,30246560,157814
3,2,1,30,0,0,386902139,4,2500435,202204309,1638720,1,30246560,157814
3,2,1,30,0,0,435039291,6,2500435,202204309,1638720,1,30246560,157814
3,2,1,30,0,0,640570713,3,2500435,202204309,1638720,1,30246560,157814
3,2,1,30,0,0,1099048201,7,2500435,202204309,1638720,1,30246560,157814
3,2,1,30,0,0,322329612,5,2500435,202204309,1638720,1,30246560,157814
3,2,1,30,0,0,992825867,8,2500435,202204309,1638720,1,30246560,157814
3,2,1,30,0,0,1961731598,9,2500435,202204309,1638720,1,30246560,157814
3,2,1,30,2,0,1271405590,0,1768696,204372529,2147040,1,30243748,162857
3,2,1,30,2,0,1134408349,1,1768696,204372529,2147040,1,30243748,162857
3,2,1,30,2,0,1994056084,2,1768696,204372529,2147040,1,30243748,162857
3,2,1,30,2,0,215092803,3,1768696,204372529,2147040,1,30243748,162857
3,2,1,30,2,0,428676004,4,1768696,204372529,2147040,1,30243748,162857
3,2,1,30,2,0,750338556,5,1768696,204372529,2147040,1,30243748,162857
3,2,1,30,2,0,169412921,6,1768696,204372529,2147040,1,30243748,162857
3,2,1,30,2,0,1547110201,8,1768696,204372529,2147040,1,30243748,162857
3,2,1,30,2,0,1247976542,7,1768696,204372529,2147040,1,30243748,162857
3,2,1,30,5,0,1829635479,0,1752776,204202404,2160000,1,30258745,183684
3,2,1,30,5,0,408015311,2,1752776,204202404,2160000,1,30258745,183684
3,2,1,30,5,0,497791242,1,1752776,204202404,2160000,1,30258745,183684
3,2,1,30,2,0,1343066791,9,1768696,204372529,2147040,1,30243748,162857
3,2,1,30,5,0,197092148,3,1752776,204202404,2160000,1,30258745,183684
3,2,1,30,5,0,594399606,5,1752776,204202404,2160000,1,30258745,183684
3,2,1,30,5,0,41542315,4,1752776,204202404,2160000,1,30258745,183684
3,2,1,30,5,0,732344664,6,1752776,204202404,2160000,1,30258745,183684
3,2,1,30,5,0,1411587518,7,1752776,204202404,2160000,1,30258745,183684
3,2,1,30,5,0,1879969532,9,1752776,204202404,2160000,1,30258745,183684
3,2,1,30,5,0,1535568489,8,1752776,204202404,2160000,1,30258745,183684
3,2,1,30,10,0,399222877,1,3710702,198672647,1638720,1,29954750,1153809
3,2,1,30,10,0,1152380087,0,3710702,198672647,1638720,1,29954750,1153809
3,2,1,30,10,0,785418196,4,3710702,198672647,1638720,1,29954750,1153809
3,2,1,30,10,0,1471982906,3,3710702,198672647,1638720,1,29954750,1153809
3,2,1,30,10,0,1600399955,2,3710702,198672647,1638720,1,29954750,1153809
3,2,1,30,10,0,488904732,5,3710702,198672647,1638720,1,29954750,1153809
3,2,1,30,10,0,1721326325,6,3710702,198672647,1638720,1,29954750,1153809
3,2,1,30,10,0,1719061621,7,3710702,198672647,1638720,1,29954750,1153809
3,2,1,30,20,0,2054046672,1,3610983,198385813,1638720,1,29988804,1640312
3,2,1,30,10,0,1960818751,8,3710702,198672647,1638720,1,29954750,1153809
3,2,1,30,10,0,1167514229,9,3710702,198672647,1638720,1,29954750,1153809
3,2,1,30,20,0,1656635401,0,3610983,198385813,1638720,1,29988804,1640312
3,2,1,30,20,0,1811358735,2,3610983,198385813,1638720,1,29988804,1640312
3,2,1,30,20,0,716309186,3,3610983,198385813,1638720,1,29988804,1640312
3,2,1,30,20,0,251884343,6,3610983,198385813,1638720,1,29988804,1640312
3,2,1,30,20,0,569132884,5,3610983,198385813,1638720,1,29988804,1640312
3,2,1,30,20,0,485574228,4,3610983,198385813,1638720,1,29988804,1640312
3,2,1,30,20,0,684598046,7,3610983,198385813,1638720,1,29988804,1640312
3,2,1,30,20,0,445444412,8,3610983,198385813,1638720,1,29988804,1640312
3,2,1,30,30,0,778508164,2,1720343,203649856,2088000,1,30020678,1139481
3,2,1,30,20,0,1786825410,9,3610983,198385813,1638720,1,29988804,1640312
3,2,1,30,30,0,1881894932,1,1720343,203649856,2088000,1,30020678,1139481
3,2,1,30,30,0,2073072687,0,1720343,203649856,2088000,1,30020678,1139481
3,2,1,30,30,0,1631017155,3,1720343,203649856,2088000,1,30020678,1139481
3,2,1,30,30,0,1540170604,4,1720343,203649856,2088000,1,30020678,1139481
3,2,1,30,30,0,123764767,5,1720343,203649856,2088000,1,30020678,1139481
3,2,1,30,30,0,561160362,6,1720343,203649856,2088000,1,30020678,1139481
3,2,1,30,30,0,485062769,9,1720343,203649856,2088000,1,30020678,1139481
3,2,1,30,30,0,2096471391,8,1720343,203649856,2088000,1,30020678,1139481
3,2,1,30,30,0,2074811306,7,1720343,203649856,2088000,1,30020678,1139481
3,2,1,60,0,0,1766452453,0,3500974,203572238,1638720,1,30225938,133749
3,2,1,60,0,0,1123618706,4,3500974,203572238,1638720,1,30225938,133749
3,2,1,60,0,0,1349641712,5,3500974,203572238,1638720,1,30225938,133749
3,2,1,60,0,0,272026241,3,3500974,203572238,1638720,1,30225938,133749
3,2,1,60,0,0,1892740043,1,3500974,203572238,1638720,1,30225938,133749
3,2,1,60,0,0,197449658,2,3500974,203572238,1638720,1,30225938,133749
3,2,1,60,0,0,53086688,6,3500974,203572238,1638720,1,30225938,133749
3,2,1,60,0,0,962007876,7,3500974,203572238,1638720,1,30225938,133749
3,2,1,60,0,0,409061875,9,3500974,203572238,1638720,1,30225938,133749
3,2,1,60,0,0,1452990192,8,3500974,203572238,1638720,1,30225938,133749
3,2,1,60,2,0,1067630048,1,3697493,198887757,1638720,1,30217190,124346
3,2,1,60,2,0,1859067602,0,3697493,198887757,1638720,1,30217190,124346
3,2,1,60,2,0,2069872193,2,3697493,198887757,1638720,1,30217190,124346
3,2,1,60,2,0,1653032484,4,3697493,198887757,1638720,1,30217190,124346
3,2,1,60,2,0,1484982750,3,3697493,198887757,1638720,1,30217190,124346
3,2,1,60,2,0,638465996,5,3697493,198887757,1638720,1,30217190,124346
3,2,1,60,2,0,673997936,8,3697493,198887757,1638720,1,30217190,124346
3,2,1,60,2,0,234359689,6,3697493,198887757,1638720,1,30217190,124346
3,2,1,60,2,0,50014313,7,3697493,198887757,1638720,1,30217190,124346
3,2,1,60,2,0,2015580633,9,3697493,198887757,1638720,1,30217190,124346
3,2,1,60,5,0,2129594795,0,3704337,199403717,1638720,1,30216874,121337
3,2,1,60,5,0,710404224,1,3704337,199403717,1638720,1,30216874,121337
3,2,1,60,5,0,1377111768,4,3704337,199403717,1638720,1,30216874,121337
3,2,1,60,5,0,1034622484,5,3704337,199403717,1638720,1,30216874,121337
3,2,1,60,5,0,1421182517,6,3704337,199403717,1638720,1,30216874,121337
3,2,1,60,5,0,2111611923,3,3704337,199403717,1638720,1,30216874,121337
3,2,1,60,5,0,321543768,2,3704337,199403717,1638720,1,30216874,121337
3,2,1,60,5,0,1194675791,7,3704337,199403717,1638720,1,30216874,121337
3,2,1,60,5,0,216254664,8,3704337,199403717,1638720,1,30216874,121337
3,2,1,60,5,0,956517221,9,3704337,199403717,1638720,1,30216874,121337
3,2,1,60,10,0,1626236090,0,1718041,205241364,2160000,1,30209066,124819
3,2,1,60,10,0,1732061472,1,1718041,205241364,2160000,1,30209066,124819
3,2,1,60,10,0,1009317340,2,1718041,205241364,2160000,1,30209066,124819
3,2,1,60,10,0,338574832,3,1718041,205241364,2160000,1,30209066,124819
3,2,1,60,10,0,1971796256,4,1718041,205241364,2160000,1,30209066,124819
3,2,1,60,10,0,1924568778,6,1718041,205241364,2160000,1,30209066,124819
3,2,1,60,10,0,1907776673,5,1718041,205241364,2160000,1,30209066,124819
3,2,1,60,10,0,2140852855,8,1718041,205241364,2160000,1,30209066,124819
3,2,1,60,10,0,378042415,7,1718041,205241364,2160000,1,30209066,124819
3,2,1,60,10,0,1920142971,9,1718041,205241364,2160000,1,30209066,124819
3,2,1,60,20,0,509842017,1,1583550,205921858,2148480,1,30210004,122675
3,2,1,60,20,0,1357473928,0,1583550,205921858,2148480,1,30210004,122675
3,2,1,60,20,0,2136202250,2,1583550,205921858,2148480,1,30210004,122675
3,2,1,60,20,0,76317824,3,1583550,205921858,2148480,1,30210004,122675
3,2,1,60,20,0,440849718,4,1583550,205921858,2148480,1,30210004,122675
3,2,1,60,20,0,1732760138,5,1583550,205921858,2148480,1,30210004,122675
3,2,1,60,20,0,1770980600,6,1583550,205921858,2148480,1,30210004,122675
3,2,1,60,20,0,728926,8,1583550,205921858,2148480,1,30210004,122675
3,2,1,60,20,0,153896961,7,1583550,205921858,2148480,1,30210004,122675
3,2,1,60,20,0,390393407,9,1583550,205921858,2148480,1,30210004,122675
3,2,1,60,30,0,1308238270,0,1588294,205078294,2148480,1,30229375,132741
3,2,1,60,30,0,1959398103,2,1588294,205078294,2148480,1,30229375,132741
3,2,1,60,30,0,1463957634,3,1588294,205078294,2148480,1,30229375,132741
3,2,1,60,30,0,888419332,1,1588294,205078294,2148480,1,30229375,132741
3,2,1,60,30,0,1560544045,4,1588294,205078294,2148480,1,30229375,132741
3,2,1,60,30,0,233110260,5,1588294,205078294,2148480,1,30229375,132741
3,2,1,60,30,0,957425987,6,1588294,205078294,2148480,1,30229375,132741
3,2,1,60,30,0,1951890759,7,1588294,205078294,2148480,1,30229375,132741
3,2,1,60,60,0,1560338203,0,5593326,191050699,1638720,1,30024737,1639439
3,2,1,60,60,0,1943612110,1,5593326,191050699,1638720,1,30024737,1639439
3,2,1,60,60,0,489726608,2,5593326,191050699,1638720,1,30024737,1639439
3,2,1,60,30,0,2032093686,9,1588294,205078294,2148480,1,30229375,132741
3,2,1,60,30,0,1425811567,8,1588294,205078294,2148480,1,30229375,132741
3,2,1,60,60,0,418488804,3,5593326,191050699,1638720,1,30024737,1639439
3,2,1,60,60,0,9435833,5,5593326,191050699,1638720,1,30024737,1639439
3,2,1,60,60,0,952396600,4,5593326,191050699,1638720,1,30024737,1639439
3,2,1,60,60,0,1466117662,6,5593326,191050699,1638720,1,30024737,1639439
3,2,1,60,60,0,1254059868,8,5593326,191050699,1638720,1,30024737,1639439
3,2,1,60,60,0,1525310290,7,5593326,191050699,1638720,1,30024737,1639439
3,2,1,60,60,0,1605846862,9,5593326,191050699,1638720,1,30024737,1639439
3,2,1,120,0,0,603224661,4,2500517,201468984,1638720,1,30232812,134724
3,2,1,120,0,0,456650521,0,2500517,201468984,1638720,1,30232812,134724
3,2,1,120,0,0,705041929,2,2500517,201468984,1638720,1,30232812,134724
3,2,1,120,0,0,2114937010,3,2500517,201468984,1638720,1,30232812,134724
3,2,1,120,0,0,196615480,1,2500517,201468984,1638720,1,30232812,134724
3,2,1,120,0,0,1757546829,5,2500517,201468984,1638720,1,30232812,134724
3,2,1,120,0,0,841476312,8,2500517,201468984,1638720,1,30232812,134724
3,2,1,120,0,0,459396179,6,2500517,201468984,1638720,1,30232812,134724
3,2,1,120,2,0,518599264,0,1721318,204272713,2293920,1,30235936,149291
3,2,1,120,2,0,1687477596,1,1721318,204272713,2293920,1,30235936,149291
3,2,1,120,0,0,805492785,9,2500517,201468984,1638720,1,30232812,134724
3,2,1,120,0,0,1092164263,7,2500517,201468984,1638720,1,30232812,134724
3,2,1,120,2,0,925949882,2,1721318,204272713,2293920,1,30235936,149291
3,2,1,120,2,0,1962997637,3,1721318,204272713,2293920,1,30235936,149291
3,2,1,120,2,0,818529567,4,1721318,204272713,2293920,1,30235936,149291
3,2,1,120,2,0,1451413560,5,1721318,204272713,2293920,1,30235936,149291
3,2,1,120,2,0,462850341,6,1721318,204272713,2293920,1,30235936,149291
3,2,1,120,2,0,1780136605,7,1721318,204272713,2293920,1,30235936,149291
3,2,1,120,2,0,199717518,8,1721318,204272713,2293920,1,30235936,149291
3,2,1,120,2,0,529222385,9,1721318,204272713,2293920,1,30235936,149291
3,2,1,120,5,0,1934902523,0,1700472,204406234,2147040,1,30242810,143154
3,2,1,120,5,0,1964465977,1,1700472,204406234,2147040,1,30242810,143154
3,2,1,120,5,0,578257249,2,1700472,204406234,2147040,1,30242810,143154
3,2,1,120,5,0,2142452709,3,1700472,204406234,2147040,1,30242810,143154
3,2,1,120,5,0,208613457,5,1700472,204406234,2147040,1,30242810,143154
3,2,1,120,5,0,18629956,4,1700472,204406234,2147040,1,30242810,143154
3,2,1,120,5,0,2074176983,7,1700472,204406234,2147040,1,30242810,143154
3,2,1,120,5,0,1858906417,6,1700472,204406234,2147040,1,30242810,143154
3,2,1,120,5,0,745822208,9,1700472,204406234,2147040,1,30242810,143154
3,2,1,120,5,0,761078677,8,1700472,204406234,2147040,1,30242810,143154
3,2,1,120,10,0,444760892,1,3756879,197671596,1638720,1,29975993,1658032
3,2,1,120,10,0,551395583,0,3756879,197671596,1638720,1,29975993,1658032
3,2,1,120,10,0,1382308441,3,3756879,197671596,1638720,1,29975993,1658032
3,2,1,120,10,0,1652113468,4,3756879,197671596,1638720,1,29975993,1658032
3,2,1,120,10,0,1798151372,5,3756879,197671596,1638720,1,29975993,1658032
3,2,1,120,10,0,1663894274,2,3756879,197671596,1638720,1,29975993,1658032
3,2,1,120,10,0,1066177492,6,3756879,197671596,1638720,1,29975993,1658032
3,2,1,120,10,0,1175085349,7,3756879,197671596,1638720,1,29975993,1658032
3,2,1,120,10,0,1708838608,8,3756879,197671596,1638720,1,29975993,1658032
3,2,1,120,10,0,1472567340,9,3756879,197671596,1638720,1,29975993,1658032
3,2,1,120,20,0,1944957475,1,3756473,198710633,1638720,1,30019113,1375057
3,2,1,120,20,0,1263465731,0,3756473,198710633,1638720,1,30019113,1375057
3,2,1,120,20,0,572827654,2,3756473,198710633,1638720,1,30019113,1375057
3,2,1,120,20,0,593478613,3,3756473,198710633,1638720,1,30019113,1375057
3,2,1,120,20,0,1283822131,5,3756473,198710633,1638720,1,30019113,1375057
3,2,1,120,20,0,1772728313,4,3756473,198710633,1638720,1,30019113,1375057
3,2,1,120,20,0,933479178,7,3756473,198710633,1638720,1,30019113,1375057
3,2,1,120,20,0,1348236583,6,3756473,198710633,1638720,1,30019113,1375057
3,2,1,120,20,0,862812038,8,3756473,198710633,1638720,1,30019113,1375057
3,2,1,120,20,0,900709165,9,3756473,198710633,1638720,1,30019113,1375057
3,2,1,120,30,0,1248029429,0,3764130,198404136,1638720,1,30045049,1149771
3,2,1,120,30,0,763699730,3,3764130,198404136,1638720,1,30045049,1149771
3,2,1,120,30,0,1384617549,4,3764130,198404136,1638720,1,30045049,1149771
3,2,1,120,30,0,1483024614,1,3764130,198404136,1638720,1,30045049,1149771
3,2,1,120,30,0,569820733,2,3764130,198404136,1638720,1,30045049,1149771
3,2,1,120,30,0,495661785,5,3764130,198404136,1638720,1,30045049,1149771
3,2,1,120,30,0,1512849852,6,3764130,198404136,1638720,1,30045049,1149771
3,2,1,120,30,0,2063173119,7,3764130,198404136,1638720,1,30045049,1149771
3,2,1,120,30,0,1793054056,8,3764130,198404136,1638720,1,30045049,1149771
3,2,1,120,30,0,1228051310,9,3764130,198404136,1638720,1,30045049,1149771
3,2,1,120,60,0,54848947,1,3711447,199371354,1638720,1,30211253,107439
3,2,1,120,60,0,1814135645,0,3711447,199371354,1638720,1,30211253,107439
3,2,1,120,60,0,457287198,2,3711447,199371354,1638720,1,30211253,107439
3,2,1,120,60,0,108543028,3,3711447,199371354,1638720,1,30211253,107439
3,2,1,120,60,0,1635825546,4,3711447,199371354,1638720,1,30211253,107439
3,2,1,120,60,0,624173500,5,3711447,199371354,1638720,1,30211253,107439
3,2,1,120,60,0,227912437,6,3711447,199371354,1638720,1,30211253,107439
3,2,1,120,60,0,243115672,7,3711447,199371354,1638720,1,30211253,107439
3,2,1,120,60,0,858574346,8,3711447,199371354,1638720,1,30211253,107439
3,2,1,120,60,0,1146662918,9,3711447,199371354,1638720,1,30211253,107439
4,0,2,30,0,0,691212228,0,2500832,56935700,910204,1,9203485,3196607
4,0,2,30,0,0,1231004412,1,2500832,56935700,910204,1,9203485,3196607
4,0,2,30,0,0,1076151332,2,2500832,56935700,910204,1,9203485,3196607
4,0,2,30,0,0,628905148,3,2500832,56935700,910204,1,9203485,3196607
4,0,2,30,0,0,266428954,4,2500832,56935700,910204,1,9203485,3196607
4,0,2,30,0,0,1267619081,5,2500832,56935700,910204,1,9203485,3196607
4,0,2,30,0,0,876177193,6,2500832,56935700,910204,1,9203485,3196607
4,0,2,30,2,0,440148273,0,2501236,55967640,908952,1,8949103,3579871
4,0,2,30,0,0,1943878598,9,2500832,56935700,910204,1,9203485,3196607
4,0,2,30,2,0,963392891,1,2501236,55967640,908952,1,8949103,3579871
4,0,2,30,0,0,138754863,7,2500832,56935700,910204,1,9203485,3196607
4,0,2,30,2,0,1670255496,2,2501236,55967640,908952,1,8949103,3579871
4,0,2,30,0,0,1540529329,8,2500832,56935700,910204,1,9203485,3196607
4,0,2,30,2,0,1020464793,3,2501236,55967640,908952,1,8949103,3579871
4,0,2,30,2,0,1235398622,4,2501236,55967640,908952,1,8949103,3579871
4,0,2,30,2,0,1638884924,6,2501236,55967640,908952,1,8949103,3579871
4,0,2,30,2,0,1664534549,7,2501236,55967640,908952,1,8949103,3579871
4,0,2,30,2,0,201777040,5,2501236,55967640,908952,1,8949103,3579871
4,0,2,30,2,0,1789138357,8,2501236,55967640,908952,1,8949103,3579871
4,0,2,30,5,0,231078662,0,2500832,56935700,910204,1,9203485,3196607
4,0,2,30,5,0,1079501936,2,2500832,56935700,910204,1,9203485,3196607
4,0,2,30,2,0,1342838606,9,2501236,55967640,908952,1,8949103,3579871
4,0,2,30,5,0,872252973,3,2500832,56935700,910204,1,9203485,3196607
4,0,2,30,5,0,55685277,1,2500832,56935700,910204,1,9203485,3196607
4,0,2,30,5,0,1902944754,4,2500832,56935700,910204,1,9203485,3196607
4,0,2,30,5,0,968723414,5,2500832,56935700,910204,1,9203485,3196607
4,0,2,30,5,0,1579436068,6,2500832,56935700,910204,1,9203485,3196607
4,0,2,30,10,0,1927645417,0,2501252,55967640,908952,1,8949103,3579871
4,0,2,30,5,0,843828285,7,2500832,56935700,910204,1,9203485,3196607
4,0,2,30,5,0,831066348,8,2500832,56935700,910204,1,9203485,3196607
4,0,2,30,5,0,1263483694,9,2500832,56935700,910204,1,9203485,3196607
4,0,2,30,10,0,762038402,1,2501252,55967640,908952,1,8949103,3579871
4,0,2,30,10,0,319841893,2,2501252,55967640,908952,1,8949103,3579871
4,0,2,30,10,0,803058282,3,2501252,55967640,908952,1,8949103,3579871
4,0,2,30,10,0,512620717,5,2501252,55967640,908952,1,8949103,3579871
4,0,2,30,10,0,746444391,4,2501252,55967640,908952,1,8949103,3579871
4,0,2,30,10,0,174522691,7,2501252,55967640,908952,1,8949103,3579871
4,0,2,30,10,0,1620054076,6,2501252,55967640,908952,1,8949103,3579871
4,0,2,30,20,0,1134900434,0,2500728,56016179,910204,1,9031896,3770208
4,0,2,30,10,0,1198777962,9,2501252,55967640,908952,1,8949103,3579871
4,0,2,30,10,0,1840427040,8,2501252,55967640,908952,1,8949103,3579871
4,0,2,30,20,0,558631501,1,2500728,56016179,910204,1,9031896,3770208
4,0,2,30,20,0,691184145,2,2500728,56016179,910204,1,9031896,3770208
4,0,2,30,20,0,1095286033,3,2500728,56016179,910204,1,9031896,3770208
4,0,2,30,20,0,1419756364,5,2500728,56016179,910204,1,9031896,3770208
4,0,2,30,20,0,2002877824,6,2500728,56016179,910204,1,9031896,3770208
4,0,2,30,20,0,24245671,4,2500728,56016179,910204,1,9031896,3770208
4,0,2,30,30,0,218422454,1,47598310,51829515,726160,1,8076838,1138291
4,0,2,30,20,0,664885408,7,2500728,56016179,910204,1,9031896,3770208
4,0,2,30,30,0,1385685421,0,47598310,51829515,726160,1,8076838,1138291
4,0,2,30,30,0,1293450101,2,47598310,51829515,726160,1,8076838,1138291
4,0,2,30,30,0,2106900240,3,47598310,51829515,726160,1,8076838,1138291
4,0,2,30,30,0,1537965898,4,47598310,51829515,726160,1,8076838,1138291
4,0,2,30,20,0,171543543,8,2500728,56016179,910204,1,9031896,3770208
4,0,2,30,30,0,1365194028,6,47598310,51829515,726160,1,8076838,1138291
4,0,2,30,30,0,313020613,5,47598310,51829515,726160,1,8076838,1138291
4,0,2,30,20,0,660150996,9,2500728,56016179,910204,1,9031896,3770208
4,0,2,30,30,0,944729659,7,47598310,51829515,726160,1,8076838,1138291
4,0,2,30,30,0,789711774,8,47598310,51829515,726160,1,8076838,1138291
4,0,2,30,30,0,292815703,9,47598310,51829515,726160,1,8076838,1138291
4,0,2,60,0,0,394903139,3,2500881,55580663,861376,1,8852482,3764766
4,0,2,60,0,0,684491050,0,2500881,55580663,861376,1,8852482,3764766
4,0,2,60,0,0,950038526,5,2500881,55580663,861376,1,8852482,3764766
4,0,2,60,0,0,1500674245,4,2500881,55580663,861376,1,8852482,3764766
4,0,2,60,0,0,1732663107,2,2500881,55580663,861376,1,8852482,3764766
4,0,2,60,0,0,1786411073,1,2500881,55580663,861376,1,8852482,3764766
4,0,2,60,0,0,916347640,6,2500881,55580663,861376,1,8852482,3764766
4,0,2,60,0,0,1421919938,8,2500881,55580663,861376,1,8852482,3764766
4,0,2,60,0,0,1549614875,9,2500881,55580663,861376,1,8852482,3764766
4,0,2,60,0,0,1425428846,7,2500881,55580663,861376,1,8852482,3764766
4,0,2,60,2,0,1260892281,0,9517499,59639195,920220,1,9132828,4175663
4,0,2,60,2,0,938215334,1,9517499,59639195,920220,1,9132828,4175663
4,0,2,60,2,0,2039496086,2,9517499,59639195,920220,1,9132828,4175663
4,0,2,60,2,0,492727022,4,9517499,59639195,920220,1,9132828,4175663
4,0,2,60,2,0,37811610,3,9517499,59639195,920220,1,9132828,4175663
4,0,2,60,2,0,1486090002,5,9517499,59639195,920220,1,9132828,4175663
4,0,2,60,2,0,1914126243,6,9517499,59639195,920220,1,9132828,4175663
4,0,2,60,2,0,1047229693,8,9517499,59639195,920220,1,9132828,4175663
4,0,2,60,2,0,1032286260,7,9517499,59639195,920220,1,9132828,4175663
4,0,2,60,5,0,1637982876,1,9518191,59345925,920220,1,9066844,4673089
4,0,2,60,5,0,486937758,2,9518191,59345925,920220,1,9066844,4673089
4,0,2,60,2,0,171271484,9,9517499,59639195,920220,1,9132828,4175663
4,0,2,60,5,0,1378413965,0,9518191,59345925,920220,1,9066844,4673089
4,0,2,60,5,0,1657324532,3,9518191,59345925,920220,1,9066844,4673089
4,0,2,60,5,0,1214741296,5,9518191,59345925,920220,1,9066844,4673089
4,0,2,60,5,0,1102048042,4,9518191,59345925,920220,1,9066844,4673089
4,0,2,60,5,0,1610432533,7,9518191,59345925,920220,1,9066844,4673089
4,0,2,60,5,0,1913652314,8,9518191,59345925,920220,1,9066844,4673089
4,0,2,60,5,0,2090810307,9,9518191,59345925,920220,1,9066844,4673089
4,0,2,60,5,0,106110279,6,9518191,59345925,920220,1,9066844,4673089
4,0,2,60,10,0,188341455,0,7517547,59269446,920220,1,9046973,4530953
4,0,2,60,10,0,826834424,2,7517547,59269446,920220,1,9046973,4530953
4,0,2,60,10,0,1273174184,1,7517547,59269446,920220,1,9046973,4530953
4,0,2,60,10,0,1375732811,3,7517547,59269446,920220,1,9046973,4530953
4,0,2,60,10,0,353670997,4,7517547,59269446,920220,1,9046973,4530953
4,0,2,60,10,0,718955214,6,7517547,59269446,920220,1,9046973,4530953
4,0,2,60,10,0,412129737,5,7517547,59269446,920220,1,9046973,4530953
4,0,2,60,10,0,31484632,7,7517547,59269446,920220,1,9046973,4530953
4,0,2,60,10,0,905299540,9,7517547,59269446,920220,1,9046973,4530953
4,0,2,60,20,0,915580209,0,2500881,55580663,861376,1,8852482,3764766
4,0,2,60,20,0,1821965723,1,2500881,55580663,861376,1,8852482,3764766
4,0,2,60,10,0,281199333,8,7517547,59269446,920220,1,9046973,4530953
4,0,2,60,20,0,446362270,2,2500881,55580663,861376,1,8852482,3764766
4,0,2,60,20,0,882957524,3,2500881,55580663,861376,1,8852482,3764766
4,0,2,60,20,0,309755155,5,2500881,55580663,861376,1,8852482,3764766
4,0,2,60,20,0,1869331955,4,2500881,55580663,861376,1,8852482,3764766
4,0,2,60,20,0,102018113,7,2500881,55580663,861376,1,8852482,3764766
4,0,2,60,20,0,660370908,6,2500881,55580663,861376,1,8852482,3764766
4,0,2,60,20,0,1972357370,8,2500881,55580663,861376,1,8852482,3764766
4,0,2,60,30,0,162720486,0,7518420,59550737,920220,1,8980508,3053312
4,0,2,60,30,0,375899416,1,7518420,59550737,920220,1,8980508,3053312
4,0,2,60,20,0,1424706705,9,2500881,55580663,861376,1,8852482,3764766
4,0,2,60,30,0,314597900,2,7518420,59550737,920220,1,8980508,3053312
4,0,2,60,30,0,233079614,3,7518420,59550737,920220,1,8980508,3053312
4,0,2,60,30,0,764470510,4,7518420,59550737,920220,1,8980508,3053312
4,0,2,60,30,0,1110884543,8,7518420,59550737,920220,1,8980508,3053312
4,0,2,60,60,0,1666587357,0,7567398,63739829,1322112,1,9803768,2192327
4,0,2,60,30,0,1081936639,5,7518420,59550737,920220,1,8980508,3053312
4,0,2,60,30,0,302546464,6,7518420,59550737,920220,1,8980508,3053312
4,0,2,60,60,0,1937569973,1,7567398,63739829,1322112,1,9803768,2192327
4,0,2,60,30,0,977730531,7,7518420,59550737,920220,1,8980508,3053312
4,0,2,60,60,0,1859828364,3,7567398,63739829,1322112,1,9803768,2192327
4,0,2,60,60,0,1737091024,2,7567398,63739829,1322112,1,9803768,2192327
4,0,2,60,60,0,1358945892,4,7567398,63739829,1322112,1,9803768,2192327
4,0,2,60,60,0,1672897780,6,7567398,63739829,1322112,1,9803768,2192327
4,0,2,60,30,0,1750769451,9,7518420,59550737,920220,1,8980508,3053312
4,0,2,60,60,0,25335682,8,7567398,63739829,1322112,1,9803768,2192327
4,0,2,60,60,0,72546169,5,7567398,63739829,1322112,1,9803768,2192327
4,0,2,60,60,0,271603383,9,7567398,63739829,1322112,1,9803768,2192327
4,0,2,60,60,0,508119378,7,7567398,63739829,1322112,1,9803768,2192327
4,0,2,120,0,0,195493385,0,0,524288000,764972,0,0,0
4,0,2,120,0,0,1536310375,2,0,524288000,764972,0,0,0
4,0,2,120,0,0,1244838690,4,0,524288000,764972,0,0,0
4,0,2,120,0,0,1294291435,5,0,524288000,764972,0,0,0
4,0,2,120,0,0,455848684,3,0,524288000,764972,0,0,0
4,0,2,120,0,0,311769311,1,0,524288000,764972,0,0,0
4,0,2,120,0,0,371537098,6,0,524288000,764972,0,0,0
4,0,2,120,0,0,1209108201,7,0,524288000,764972,0,0,0
4,0,2,120,0,0,1638158847,9,0,524288000,764972,0,0,0
4,0,2,120,0,0,1879804739,8,0,524288000,764972,0,0,0
4,0,2,120,2,0,1696998516,0,0,524288000,764972,0,0,0
4,0,2,120,2,0,132367258,1,0,524288000,764972,0,0,0
4,0,2,120,2,0,671404204,3,0,524288000,764972,0,0,0
4,0,2,120,2,0,2035761595,2,0,524288000,764972,0,0,0
4,0,2,120,2,0,585753895,5,0,524288000,764972,0,0,0
4,0,2,120,2,0,944316108,4,0,524288000,764972,0,0,0
4,0,2,120,2,0,1679300279,6,0,524288000,764972,0,0,0
4,0,2,120,2,0,1266922864,7,0,524288000,764972,0,0,0
4,0,2,120,5,0,1602583329,0,0,524288000,764972,0,0,0
4,0,2,120,2,0,618799724,8,0,524288000,764972,0,0,0
4,0,2,120,2,0,1280142912,9,0,524288000,764972,0,0,0
4,0,2,120,5,0,607196157,2,0,524288000,764972,0,0,0
4,0,2,120,5,0,47889782,1,0,524288000,764972,0,0,0
4,0,2,120,5,0,529290976,3,0,524288000,764972,0,0,0
4,0,2,120,5,0,21602991,5,0,524288000,764972,0,0,0
4,0,2,120,5,0,1692568000,6,0,524288000,764972,0,0,0
4,0,2,120,5,0,179414276,4,0,524288000,764972,0,0,0
4,0,2,120,5,0,365617071,7,0,524288000,764972,0,0,0
4,0,2,120,5,0,1308638549,8,0,524288000,764972,0,0,0
4,0,2,120,10,0,1476831585,0,0,524288000,764972,0,0,0
4,0,2,120,5,0,902170293,9,0,524288000,764972,0,0,0
4,0,2,120,10,0,1772337553,2,0,524288000,764972,0,0,0
4,0,2,120,10,0,909403244,1,0,524288000,764972,0,0,0
4,0,2,120,10,0,611840071,3,0,524288000,764972,0,0,0
4,0,2,120,10,0,790242728,5,0,524288000,764972,0,0,0
4,0,2,120,10,0,691293717,4,0,524288000,764972,0,0,0
4,0,2,120,10,0,948277118,6,0,524288000,764972,0,0,0
4,0,2,120,10,0,1085517692,7,0,524288000,764972,0,0,0
4,0,2,120,10,0,834624758,8,0,524288000,764972,0,0,0
4,0,2,120,20,0,778926596,0,0,524288000,764972,0,0,0
4,0,2,120,10,0,492300084,9,0,524288000,764972,0,0,0
4,0,2,120,20,0,1981118951,2,0,524288000,764972,0,0,0
4,0,2,120,20,0,314153552,3,0,524288000,764972,0,0,0
4,0,2,120,20,0,1248343708,4,0,524288000,764972,0,0,0
4,0,2,120,20,0,233595980,1,0,524288000,764972,0,0,0
4,0,2,120,20,0,289320836,5,0,524288000,764972,0,0,0
4,0,2,120,20,0,421776124,7,0,524288000,764972,0,0,0
4,0,2,120,20,0,1076695131,6,0,524288000,764972,0,0,0
4,0,2,120,20,0,2092466848,9,0,524288000,764972,0,0,0
4,0,2,120,20,0,847902091,8,0,524288000,764972,0,0,0
4,0,2,120,30,0,1533897596,1,0,524288000,764972,0,0,0
4,0,2,120,30,0,550679848,2,0,524288000,764972,0,0,0
4,0,2,120,30,0,1420993922,0,0,524288000,764972,0,0,0
4,0,2,120,30,0,1007310926,3,0,524288000,764972,0,0,0
4,0,2,120,30,0,429690260,4,0,524288000,764972,0,0,0
4,0,2,120,30,0,1224654701,5,0,524288000,764972,0,0,0
4,0,2,120,30,0,1364880195,8,0,524288000,764972,0,0,0
4,0,2,120,30,0,831070024,7,0,524288000,764972,0,0,0
4,0,2,120,30,0,299826879,6,0,524288000,764972,0,0,0
4,0,2,120,60,0,1935509747,0,0,524288000,764972,0,0,0
4,0,2,120,30,0,2086758111,9,0,524288000,764972,0,0,0
4,0,2,120,60,0,1410235649,1,0,524288000,764972,0,0,0
4,0,2,120,60,0,1565487367,4,0,524288000,764972,0,0,0
4,0,2,120,60,0,1839566253,6,0,524288000,764972,0,0,0
4,0,2,120,60,0,1358640560,5,0,524288000,764972,0,0,0
4,0,2,120,60,0,1312866234,2,0,524288000,764972,0,0,0
4,0,2,120,60,0,654531367,3,0,524288000,764972,0,0,0
4,0,2,120,60,0,724301196,7,0,524288000,764972,0,0,0
4,2,0,30,0,0,1057314172,0,2500488,340295816,1638720,1,50327046,49288
4,0,2,120,60,0,1345247256,9,0,524288000,764972,0,0,0
4,0,2,120,60,0,20752792,8,0,524288000,764972,0,0,0
4,2,0,30,0,0,1873138608,2,2500488,340295816,1638720,1,50327046,49288
4,2,0,30,0,0,951445658,1,2500488,340295816,1638720,1,50327046,49288
4,2,0,30,0,0,1188330817,3,2500488,340295816,1638720,1,50327046,49288
4,2,0,30,0,0,1543980627,4,2500488,340295816,1638720,1,50327046,49288
4,2,0,30,0,0,576839151,5,2500488,340295816,1638720,1,50327046,49288
4,2,0,30,0,0,2061386599,7,2500488,340295816,1638720,1,50327046,49288
4,2,0,30,0,0,1912797925,9,2500488,340295816,1638720,1,50327046,49288
4,2,0,30,0,0,1424052026,6,2500488,340295816,1638720,1,50327046,49288
4,2,0,30,2,0,1540783437,0,1500368,342171423,1638720,1,50327046,50566
4,2,0,30,0,0,1987918631,8,2500488,340295816,1638720,1,50327046,49288
4,2,0,30,2,0,1311991364,1,1500368,342171423,1638720,1,50327046,50566
4,2,0,30,2,0,2091526171,2,1500368,342171423,1638720,1,50327046,50566
4,2,0,30,2,0,467432617,3,1500368,342171423,1638720,1,50327046,50566
4,2,0,30,2,0,352074333,5,1500368,342171423,1638720,1,50327046,50566
4,2,0,30,2,0,754927096,4,1500368,342171423,1638720,1,50327046,50566
4,2,0,30,2,0,601302589,7,1500368,342171423,1638720,1,50327046,50566
4,2,0,30,2,0,1205236284,6,1500368,342171423,1638720,1,50327046,50566
4,2,0,30,2,0,843668735,8,1500368,342171423,1638720,1,50327046,50566
4,2,0,30,2,0,1130584220,9,1500368,342171423,1638720,1,50327046,50566
4,2,0,30,5,0,323840346,1,1500350,342103935,1638720,1,50327668,49801
4,2,0,30,5,0,328403409,0,1500350,342103935,1638720,1,50327668,49801
4,2,0,30,5,0,80016490,2,1500350,342103935,1638720,1,50327668,49801
4,2,0,30,5,0,133978190,3,1500350,342103935,1638720,1,50327668,49801
4,2,0,30,5,0,1740039271,4,1500350,342103935,1638720,1,50327668,49801
4,2,0,30,5,0,913800164,5,1500350,342103935,1638720,1,50327668,49801
4,2,0,30,5,0,2027671011,8,1500350,342103935,1638720,1,50327668,49801
4,2,0,30,5,0,638373812,9,1500350,342103935,1638720,1,50327668,49801
4,2,0,30,5,0,157437641,6,1500350,342103935,1638720,1,50327668,49801
4,2,0,30,5,0,1119338568,7,1500350,342103935,1638720,1,50327668,49801
4,2,0,30,10,0,1571179066,0,1500345,342175680,1638720,1,50327358,54733
4,2,0,30,10,0,1685767569,1,1500345,342175680,1638720,1,50327358,54733
4,2,0,30,10,0,959094724,2,1500345,342175680,1638720,1,50327358,54733
4,2,0,30,10,0,1249831874,3,1500345,342175680,1638720,1,50327358,54733
4,2,0,30,10,0,575015625,4,1500345,342175680,1638720,1,50327358,54733
4,2,0,30,10,0,388926568,6,1500345,342175680,1638720,1,50327358,54733
4,2,0,30,10,0,1704179289,7,1500345,342175680,1638720,1,50327358,54733
4,2,0,30,10,0,1995876216,5,1500345,342175680,1638720,1,50327358,54733
4,2,0,30,10,0,1562790683,8,1500345,342175680,1638720,1,50327358,54733
4,2,0,30,10,0,45490921,9,1500345,342175680,1638720,1,50327358,54733
4,2,0,30,20,0,602887521,2,2500355,340709182,1638720,1,50327356,55335
4,2,0,30,20,0,1916502228,3,2500355,340709182,1638720,1,50327356,55335
4,2,0,30,20,0,712292620,1,2500355,340709182,1638720,1,50327356,55335
4,2,0,30,20,0,1025985237,0,2500355,340709182,1638720,1,50327356,55335
4,2,0,30,20,0,683855081,4,2500355,340709182,1638720,1,50327356,55335
4,2,0,30,20,0,769422699,5,2500355,340709182,1638720,1,50327356,55335
4,2,0,30,20,0,2076631329,7,2500355,340709182,1638720,1,50327356,55335
4,2,0,30,20,0,1541015125,8,2500355,340709182,1638720,1,50327356,55335
4,2,0,30,20,0,627920145,6,2500355,340709182,1638720,1,50327356,55335
4,2,0,30,20,0,173601852,9,2500355,340709182,1638720,1,50327356,55335
4,2,0,30,30,0,939820934,0,1500258,342338736,1612800,1,50327984,46322
4,2,0,30,30,0,269986628,3,1500258,342338736,1612800,1,50327984,46322
4,2,0,30,30,0,1135405173,4,1500258,342338736,1612800,1,50327984,46322
4,2,0,30,30,0,2094407076,1,1500258,342338736,1612800,1,50327984,46322
4,2,0,30,30,0,995358283,2,1500258,342338736,1612800,1,50327984,46322
4,2,0,30,30,0,1586712032,5,1500258,342338736,1612800,1,50327984,46322
4,2,0,30,30,0,1005102559,6,1500258,342338736,1612800,1,50327984,46322
4,2,0,30,30,0,183860832,7,1500258,342338736,1612800,1,50327984,46322
4,2,0,30,30,0,1551562813,9,1500258,342338736,1612800,1,50327984,46322
4,2,0,30,30,0,888087890,8,1500258,342338736,1612800,1,50327984,46322
4,2,0,60,0,0,2017235435,1,2500168,339587216,1638720,1,50329855,47954
4,2,0,60,0,0,1666847218,0,2500168,339587216,1638720,1,50329855,47954
4,2,0,60,0,0,199447370,3,2500168,339587216,1638720,1,50329855,47954
4,2,0,60,0,0,171389355,4,2500168,339587216,1638720,1,50329855,47954
4,2,0,60,0,0,1391874847,5,2500168,339587216,1638720,1,50329855,47954
4,2,0,60,0,0,1952678750,2,2500168,339587216,1638720,1,50329855,47954
4,2,0,60,0,0,443348057,6,2500168,339587216,1638720,1,50329855,47954
4,2,0,60,0,0,1130933907,8,2500168,339587216,1638720,1,50329855,47954
4,2,0,60,0,0,746679280,9,2500168,339587216,1638720,1,50329855,47954
4,2,0,60,0,0,1174653422,7,2500168,339587216,1638720,1,50329855,47954
4,2,0,60,2,0,1617740533,0,1500444,341803067,1638720,1,50329546,56007
4,2,0,60,2,0,1625724671,1,1500444,341803067,1638720,1,50329546,56007
4,2,0,60,2,0,334309386,3,1500444,341803067,1638720,1,50329546,56007
4,2,0,60,2,0,1080555408,4,1500444,341803067,1638720,1,50329546,56007
4,2,0,60,2,0,1568937696,2,1500444,341803067,1638720,1,50329546,56007
4,2,0,60,2,0,957345013,6,1500444,341803067,1638720,1,50329546,56007
4,2,0,60,2,0,1743078982,7,1500444,341803067,1638720,1,50329546,56007
4,2,0,60,2,0,1616319802,5,1500444,341803067,1638720,1,50329546,56007
4,2,0,60,2,0,1481902553,9,1500444,341803067,1638720,1,50329546,56007
4,2,0,60,2,0,1515685383,8,1500444,341803067,1638720,1,50329546,56007
4,2,0,60,5,0,2091054466,0,2500962,339761587,1638720,1,50330170,55649
4,2,0,60,5,0,28336833,2,2500962,339761587,1638720,1,50330170,55649
4,2,0,60,5,0,2070647070,1,2500962,339761587,1638720,1,50330170,55649
4,2,0,60,5,0,596864325,3,2500962,339761587,1638720,1,50330170,55649
4,2,0,60,5,0,1889350539,4,2500962,339761587,1638720,1,50330170,55649
4,2,0,60,5,0,711271599,5,2500962,339761587,1638720,1,50330170,55649
4,2,0,60,5,0,331091398,7,2500962,339761587,1638720,1,50330170,55649
4,2,0,60,5,0,987802843,6,2500962,339761587,1638720,1,50330170,55649
4,2,0,60,5,0,1206067650,8,2500962,339761587,1638720,1,50330170,55649
4,2,0,60,5,0,908459040,9,2500962,339761587,1638720,1,50330170,55649
4,2,0,60,10,0,645277642,0,2500793,340086384,1638720,1,50331108,52738
4,2,0,60,10,0,802753761,1,2500793,340086384,1638720,1,50331108,52738
4,2,0,60,10,0,675844672,2,2500793,340086384,1638720,1,50331108,52738
4,2,0,60,10,0,1555735702,3,2500793,340086384,1638720,1,50331108,52738
4,2,0,60,10,0,508224423,4,2500793,340086384,1638720,1,50331108,52738
4,2,0,60,10,0,989329953,5,2500793,340086384,1638720,1,50331108,52738
4,2,0,60,10,0,486786005,8,2500793,340086384,1638720,1,50331108,52738
4,2,0,60,10,0,2068098256,9,2500793,340086384,1638720,1,50331108,52738
4,2,0,60,10,0,1780752198,6,2500793,340086384,1638720,1,50331108,52738
4,2,0,60,20,0,2056493243,0,1500167,341886008,1638720,1,50328608,66396
4,2,0,60,10,0,1418304567,7,2500793,340086384,1638720,1,50331108,52738
4,2,0,60,20,0,2057380250,1,1500167,341886008,1638720,1,50328608,66396
4,2,0,60,20,0,904966590,2,1500167,341886008,1638720,1,50328608,66396
4,2,0,60,20,0,96405016,5,1500167,341886008,1638720,1,50328608,66396
4,2,0,60,20,0,1764798660,4,1500167,341886008,1638720,1,50328608,66396
4,2,0,60,20,0,1046556006,6,1500167,341886008,1638720,1,50328608,66396
4,2,0,60,20,0,692547412,3,1500167,341886008,1638720,1,50328608,66396
4,2,0,60,20,0,549262370,8,1500167,341886008,1638720,1,50328608,66396
4,2,0,60,20,0,185303518,7,1500167,341886008,1638720,1,50328608,66396
4,2,0,60,20,0,692044390,9,1500167,341886008,1638720,1,50328608,66396
4,2,0,60,30,0,578635360,0,2501219,339672984,1638720,1,50329852,53162
4,2,0,60,30,0,168323465,1,2501219,339672984,1638720,1,50329852,53162
4,2,0,60,30,0,630780803,2,2501219,339672984,1638720,1,50329852,53162
4,2,0,60,30,0,714430728,4,2501219,339672984,1638720,1,50329852,53162
4,2,0,60,30,0,1109216714,5,2501219,339672984,1638720,1,50329852,53162
4,2,0,60,30,0,773255350,6,2501219,339672984,1638720,1,50329852,53162
4,2,0,60,30,0,240140248,3,2501219,339672984,1638720,1,50329852,53162
4,2,0,60,30,0,1741421625,7,2501219,339672984,1638720,1,50329852,53162
4,2,0,60,30,0,79972435,8,2501219,339672984,1638720,1,50329852,53162
4,2,0,60,30,0,1217428333,9,2501219,339672984,1638720,1,50329852,53162
4,2,0,60,60,0,368287033,0,1500919,341199895,1612800,1,50329543,47149
4,2,0,60,60,0,930261655,1,1500919,341199895,1612800,1,50329543,47149
4,2,0,60,60,0,1929313730,2,1500919,341199895,1612800,1,50329543,47149
4,2,0,60,60,0,2024705373,3,1500919,341199895,1612800,1,50329543,47149
4,2,0,60,60,0,2068750029,4,1500919,341199895,1612800,1,50329543,47149
4,2,0,60,60,0,942160389,6,1500919,341199895,1612800,1,50329543,47149
4,2,0,60,60,0,1764230206,7,1500919,341199895,1612800,1,50329543,47149
4,2,0,60,60,0,732578761,5,1500919,341199895,1612800,1,50329543,47149
4,2,0,60,60,0,612943949,8,1500919,341199895,1612800,1,50329543,47149
4,2,0,60,60,0,781186472,9,1500919,341199895,1612800,1,50329543,47149
4,2,0,120,0,0,1136107759,0,2500691,339651883,1638720,1,50329546,51658
4,2,0,120,0,0,1471761915,2,2500691,339651883,1638720,1,50329546,51658
4,2,0,120,0,0,720359227,1,2500691,339651883,1638720,1,50329546,51658
4,2,0,120,0,0,987042690,5,2500691,339651883,1638720,1,50329546,51658
4,2,0,120,0,0,1947639426,3,2500691,339651883,1638720,1,50329546,51658
4,2,0,120,0,0,295678014,4,2500691,339651883,1638720,1,50329546,51658
4,2,0,120,0,0,1624405402,6,2500691,339651883,1638720,1,50329546,51658
4,2,0,120,0,0,1655546199,7,2500691,339651883,1638720,1,50329546,51658
4,2,0,120,0,0,567851370,8,2500691,339651883,1638720,1,50329546,51658
4,2,0,120,0,0,466305100,9,2500691,339651883,1638720,1,50329546,51658
4,2,0,120,2,0,1803005854,2,1500409,342403440,1638720,1,50329858,56211
4,2,0,120,2,0,71135963,0,1500409,342403440,1638720,1,50329858,56211
4,2,0,120,2,0,869080406,1,1500409,342403440,1638720,1,50329858,56211
4,2,0,120,2,0,642360440,3,1500409,342403440,1638720,1,50329858,56211
4,2,0,120,2,0,413599241,4,1500409,342403440,1638720,1,50329858,56211
4,2,0,120,2,0,2043842561,6,1500409,342403440,1638720,1,50329858,56211
4,2,0,120,2,0,762022478,5,1500409,342403440,1638720,1,50329858,56211
4,2,0,120,2,0,167660765,7,1500409,342403440,1638720,1,50329858,56211
4,2,0,120,2,0,504729135,8,1500409,342403440,1638720,1,50329858,56211
4,2,0,120,2,0,400247855,9,1500409,342403440,1638720,1,50329858,56211
4,2,0,120,5,0,2071209024,0,1500469,342507446,1638720,1,50329858,46708
4,2,0,120,5,0,5154842,2,1500469,342507446,1638720,1,50329858,46708
4,2,0,120,5,0,559758111,1,1500469,342507446,1638720,1,50329858,46708
4,2,0,120,5,0,1853264746,3,1500469,342507446,1638720,1,50329858,46708
4,2,0,120,5,0,1590759039,5,1500469,342507446,1638720,1,50329858,46708
4,2,0,120,5,0,1806824124,4,1500469,342507446,1638720,1,50329858,46708
4,2,0,120,5,0,186566008,6,1500469,342507446,1638720,1,50329858,46708
4,2,0,120,5,0,985635941,8,1500469,342507446,1638720,1,50329858,46708
4,2,0,120,5,0,1842353139,7,1500469,342507446,1638720,1,50329858,46708
4,2,0,120,10,0,1637398296,0,1500324,342538403,1638720,1,50329858,46840
4,2,0,120,5,0,2070704425,9,1500469,342507446,1638720,1,50329858,46708
4,2,0,120,10,0,1505462528,1,1500324,342538403,1638720,1,50329858,46840
4,2,0,120,10,0,419690931,2,1500324,342538403,1638720,1,50329858,46840
4,2,0,120,10,0,1093146603,5,1500324,342538403,1638720,1,50329858,46840
4,2,0,120,10,0,2049305985,6,1500324,342538403,1638720,1,50329858,46840
4,2,0,120,10,0,998635233,7,1500324,342538403,1638720,1,50329858,46840
4,2,0,120,10,0,1827463042,3,1500324,342538403,1638720,1,50329858,46840
4,2,0,120,10,0,575023565,4,1500324,342538403,1638720,1,50329858,46840
4,2,0,120,10,0,359993773,8,1500324,342538403,1638720,1,50329858,46840
4,2,0,120,20,0,1755124229,0,2500569,340418154,1638720,1,50327044,46312
4,2,0,120,10,0,1216621076,9,1500324,342538403,1638720,1,50329858,46840
4,2,0,120,20,0,811839103,2,2500569,340418154,1638720,1,50327044,46312
4,2,0,120,20,0,1107263953,1,2500569,340418154,1638720,1,50327044,46312
4,2,0,120,20,0,23491105,3,2500569,340418154,1638720,1,50327044,46312
4,2,0,120,20,0,30554742,4,2500569,340418154,1638720,1,50327044,46312
4,2,0,120,20,0,506070001,5,2500569,340418154,1638720,1,50327044,46312
4,2,0,120,20,0,1610741069,7,2500569,340418154,1638720,1,50327044,46312
4,2,0,120,20,0,30898225,6,2500569,340418154,1638720,1,50327044,46312
4,2,0,120,20,0,1356787523,9,2500569,340418154,1638720,1,50327044,46312
4,2,0,120,20,0,882266582,8,2500569,340418154,1638720,1,50327044,46312
4,2,0,120,30,0,1555936898,1,1500758,341687760,1638720,1,50329858,54498
4,2,0,120,30,0,457771446,2,1500758,341687760,1638720,1,50329858,54498
4,2,0,120,30,0,1829963525,4,1500758,341687760,1638720,1,50329858,54498
4,2,0,120,30,0,1755976246,0,1500758,341687760,1638720,1,50329858,54498
4,2,0,120,30,0,664768939,3,1500758,341687760,1638720,1,50329858,54498
4,2,0,120,30,0,1089344285,5,1500758,341687760,1638720,1,50329858,54498
4,2,0,120,30,0,1122287361,6,1500758,341687760,1638720,1,50329858,54498
4,2,0,120,30,0,1819182998,7,1500758,341687760,1638720,1,50329858,54498
4,2,0,120,30,0,1570429425,8,1500758,341687760,1638720,1,50329858,54498
4,2,0,120,30,0,1183523503,9,1500758,341687760,1638720,1,50329858,54498
4,2,0,120,60,0,1707052548,0,1500848,341382686,1638720,1,50329858,54303
4,2,0,120,60,0,874857628,1,1500848,341382686,1638720,1,50329858,54303
4,2,0,120,60,0,1774801423,2,1500848,341382686,1638720,1,50329858,54303
4,2,0,120,60,0,767594840,4,1500848,341382686,1638720,1,50329858,54303
4,2,0,120,60,0,2072183247,3,1500848,341382686,1638720,1,50329858,54303
4,2,0,120,60,0,1590052587,5,1500848,341382686,1638720,1,50329858,54303
4,2,0,120,60,0,1089966667,7,1500848,341382686,1638720,1,50329858,54303
4,2,0,120,60,0,2077734079,6,1500848,341382686,1638720,1,50329858,54303
4,2,0,120,60,0,1317064971,8,1500848,341382686,1638720,1,50329858,54303
4,2,0,120,60,0,1478999069,9,1500848,341382686,1638720,1,50329858,54303
4,0,1,30,0,0,1709954268,0,500164,198540402,1317104,1,30082328,136467
4,0,1,30,0,0,511469461,2,500164,198540402,1317104,1,30082328,136467
4,0,1,30,0,0,592999772,1,500164,198540402,1317104,1,30082328,136467
4,0,1,30,0,0,986860232,3,500164,198540402,1317104,1,30082328,136467
4,0,1,30,0,0,1918110391,4,500164,198540402,1317104,1,30082328,136467
4,0,1,30,0,0,694904767,5,500164,198540402,1317104,1,30082328,136467
4,0,1,30,0,0,430693397,6,500164,198540402,1317104,1,30082328,136467
4,0,1,30,0,0,1453579468,9,500164,198540402,1317104,1,30082328,136467
4,0,1,30,0,0,921090693,7,500164,198540402,1317104,1,30082328,136467
4,0,1,30,0,0,1720395994,8,500164,198540402,1317104,1,30082328,136467
4,0,1,30,2,0,690364509,1,500047,194675699,1269528,1,30116795,186207
4,0,1,30,2,0,223565082,0,500047,194675699,1269528,1,30116795,186207
4,0,1,30,2,0,1671187564,2,500047,194675699,1269528,1,30116795,186207
4,0,1,30,2,0,22723101,3,500047,194675699,1269528,1,30116795,186207
4,0,1,30,2,0,391222487,4,500047,194675699,1269528,1,30116795,186207
4,0,1,30,2,0,624180869,5,500047,194675699,1269528,1,30116795,186207
4,0,1,30,2,0,2025801466,6,500047,194675699,1269528,1,30116795,186207
4,0,1,30,2,0,1869931869,7,500047,194675699,1269528,1,30116795,186207
4,0,1,30,2,0,378561387,8,500047,194675699,1269528,1,30116795,186207
4,0,1,30,5,0,1129971523,0,500164,193365685,1214440,1,30081821,136649
4,0,1,30,5,0,952495966,1,500164,193365685,1214440,1,30081821,136649
4,0,1,30,5,0,1592724766,2,500164,193365685,1214440,1,30081821,136649
4,0,1,30,2,0,275223478,9,500047,194675699,1269528,1,30116795,186207
4,0,1,30,5,0,343768060,3,500164,193365685,1214440,1,30081821,136649
4,0,1,30,5,0,1650667644,5,500164,193365685,1214440,1,30081821,136649
4,0,1,30,5,0,162157936,4,500164,193365685,1214440,1,30081821,136649
4,0,1,30,5,0,1720756561,6,500164,193365685,1214440,1,30081821,136649
4,0,1,30,5,0,246801831,8,500164,193365685,1214440,1,30081821,136649
4,0,1,30,5,0,752783751,9,500164,193365685,1214440,1,30081821,136649
4,0,1,30,5,0,1230375990,7,500164,193365685,1214440,1,30081821,136649
4,0,1,30,10,0,2123296018,0,500064,194567734,764972,1,29093901,2438489
4,0,1,30,10,0,866326003,3,500064,194567734,764972,1,29093901,2438489
4,0,1,30,10,0,46000830,2,500064,194567734,764972,1,29093901,2438489
4,0,1,30,10,0,1228388623,4,500064,194567734,764972,1,29093901,2438489
4,0,1,30,10,0,1885370603,1,500064,194567734,764972,1,29093901,2438489
4,0,1,30,10,0,836429847,5,500064,194567734,764972,1,29093901,2438489
4,0,1,30,10,0,995019253,7,500064,194567734,764972,1,29093901,2438489
4,0,1,30,10,0,727923480,8,500064,194567734,764972,1,29093901,2438489
4,0,1,30,10,0,144351055,6,500064,194567734,764972,1,29093901,2438489
4,0,1,30,20,0,1545071541,0,500060,195036225,1253252,1,29795801,2246795
4,0,1,30,10,0,154881394,9,500064,194567734,764972,1,29093901,2438489
4,0,1,30,20,0,1027599387,1,500060,195036225,1253252,1,29795801,2246795
4,0,1,30,20,0,1233817,2,500060,195036225,1253252,1,29795801,2246795
4,0,1,30,20,0,676220116,3,500060,195036225,1253252,1,29795801,2246795
4,0,1,30,20,0,372987009,4,500060,195036225,1253252,1,29795801,2246795
4,0,1,30,30,0,860326545,0,0,27560938,91396,0,4171812,20970
4,0,1,30,30,0,65998711,1,0,27560938,91396,0,4171812,20970
4,0,1,30,20,0,1185139825,5,500060,195036225,1253252,1,29795801,2246795
4,0,1,30,20,0,1715554644,6,500060,195036225,1253252,1,29795801,2246795
4,0,1,30,30,0,387259395,3,0,27560938,91396,0,4171812,20970
4,0,1,30,30,0,294708501,2,0,27560938,91396,0,4171812,20970
4,0,1,30,30,0,1221891492,4,0,27560938,91396,0,4171812,20970
4,0,1,30,20,0,1516671766,7,500060,195036225,1253252,1,29795801,2246795
4,0,1,30,30,0,1187592160,7,0,27560938,91396,0,4171812,20970
4,0,1,30,30,0,1495057700,5,0,27560938,91396,0,4171812,20970
4,0,1,30,30,0,971931819,8,0,27560938,91396,0,4171812,20970
4,0,1,30,30,0,1492394136,6,0,27560938,91396,0,4171812,20970
4,0,1,30,30,0,835479352,9,0,27560938,91396,0,4171812,20970
4,0,1,30,20,0,1741398650,9,500060,195036225,1253252,1,29795801,2246795
4,0,1,30,20,0,1697126768,8,500060,195036225,1253252,1,29795801,2246795
4,0,1,60,0,0,1734979825,1,500080,151831882,764972,1,29038259,3463739
4,0,1,60,0,0,1953175066,0,500080,151831882,764972,1,29038259,3463739
4,0,1,60,0,0,1121448210,3,500080,151831882,764972,1,29038259,3463739
4,0,1,60,0,0,19977835,2,500080,151831882,764972,1,29038259,3463739
4,0,1,60,0,0,1748629903,5,500080,151831882,764972,1,29038259,3463739
4,0,1,60,0,0,751768690,4,500080,151831882,764972,1,29038259,3463739
4,0,1,60,0,0,310895379,7,500080,151831882,764972,1,29038259,3463739
4,0,1,60,0,0,457263513,6,500080,151831882,764972,1,29038259,3463739
4,0,1,60,0,0,1263801968,8,500080,151831882,764972,1,29038259,3463739
4,0,1,60,0,0,1460142398,9,500080,151831882,764972,1,29038259,3463739
4,0,1,60,2,0,1106784665,1,500136,151851370,764972,1,28842371,2235893
4,0,1,60,2,0,502549822,0,500136,151851370,764972,1,28842371,2235893
4,0,1,60,2,0,1619547472,4,500136,151851370,764972,1,28842371,2235893
4,0,1,60,2,0,1074349518,2,500136,151851370,764972,1,28842371,2235893
4,0,1,60,2,0,2077174577,5,500136,151851370,764972,1,28842371,2235893
4,0,1,60,2,0,1901676820,3,500136,151851370,764972,1,28842371,2235893
4,0,1,60,2,0,1044850685,6,500136,151851370,764972,1,28842371,2235893
4,0,1,60,2,0,1970738992,8,500136,151851370,764972,1,28842371,2235893
4,0,1,60,2,0,1978779220,9,500136,151851370,764972,1,28842371,2235893
4,0,1,60,2,0,1458831845,7,500136,151851370,764972,1,28842371,2235893
4,0,1,60,5,0,117470362,0,500160,151851370,764972,1,28648933,2376984
4,0,1,60,5,0,2070046110,1,500160,151851370,764972,1,28648933,2376984
4,0,1,60,5,0,499368558,2,500160,151851370,764972,1,28648933,2376984
4,0,1,60,5,0,290143353,4,500160,151851370,764972,1,28648933,2376984
4,0,1,60,5,0,1643569086,5,500160,151851370,764972,1,28648933,2376984
4,0,1,60,5,0,946534877,6,500160,151851370,764972,1,28648933,2376984
4,0,1,60,5,0,1107327477,3,500160,151851370,764972,1,28648933,2376984
4,0,1,60,5,0,1771356036,9,500160,151851370,764972,1,28648933,2376984
4,0,1,60,10,0,1516536926,0,500058,151851370,764972,1,28843222,2187430
4,0,1,60,5,0,1356052995,8,500160,151851370,764972,1,28648933,2376984
4,0,1,60,10,0,41760776,1,500058,151851370,764972,1,28843222,2187430
4,0,1,60,5,0,987542412,7,500160,151851370,764972,1,28648933,2376984
4,0,1,60,10,0,1131078331,2,500058,151851370,764972,1,28843222,2187430
4,0,1,60,10,0,1233899367,4,500058,151851370,764972,1,28843222,2187430
4,0,1,60,10,0,1468848245,7,500058,151851370,764972,1,28843222,2187430
4,0,1,60,10,0,399472479,5,500058,151851370,764972,1,28843222,2187430
4,0,1,60,10,0,1066258326,3,500058,151851370,764972,1,28843222,2187430
4,0,1,60,10,0,1713394023,6,500058,151851370,764972,1,28843222,2187430
4,0,1,60,10,0,766590443,9,500058,151851370,764972,1,28843222,2187430
4,0,1,60,10,0,326541305,8,500058,151851370,764972,1,28843222,2187430
4,0,1,60,20,0,2046790105,0,500080,151831882,764972,1,29507509,2761961
4,0,1,60,20,0,1518433834,2,500080,151831882,764972,1,29507509,2761961
4,0,1,60,20,0,1348073339,1,500080,151831882,764972,1,29507509,2761961
4,0,1,60,20,0,1155671697,4,500080,151831882,764972,1,29507509,2761961
4,0,1,60,20,0,857561275,8,500080,151831882,764972,1,29507509,2761961
4,0,1,60,20,0,938734379,3,500080,151831882,764972,1,29507509,2761961
4,0,1,60,20,0,2143185843,7,500080,151831882,764972,1,29507509,2761961
4,0,1,60,20,0,816763181,6,500080,151831882,764972,1,29507509,2761961
4,0,1,60,20,0,785053225,5,500080,151831882,764972,1,29507509,2761961
4,0,1,60,30,0,1039624809,0,500151,151851356,764972,1,28842371,2236727
4,0,1,60,30,0,888107487,2,500151,151851356,764972,1,28842371,2236727
4,0,1,60,20,0,1008721904,9,500080,151831882,764972,1,29507509,2761961
4,0,1,60,30,0,984438848,3,500151,151851356,764972,1,28842371,2236727
4,0,1,60,30,0,1139907416,1,500151,151851356,764972,1,28842371,2236727
4,0,1,60,30,0,870875721,4,500151,151851356,764972,1,28842371,2236727
4,0,1,60,60,0,337101561,0,0,27557285,91396,0,4171538,23549
4,0,1,60,30,0,669995863,7,500151,151851356,764972,1,28842371,2236727
4,0,1,60,60,0,2115979460,1,0,27557285,91396,0,4171538,23549
4,0,1,60,30,0,458227039,8,500151,151851356,764972,1,28842371,2236727
4,0,1,60,60,0,28448463,2,0,27557285,91396,0,4171538,23549
4,0,1,60,60,0,181518732,3,0,27557285,91396,0,4171538,23549
4,0,1,60,30,0,1072433719,5,500151,151851356,764972,1,28842371,2236727
4,0,1,60,60,0,2071428721,4,0,27557285,91396,0,4171538,23549
4,0,1,60,60,0,1594276982,5,0,27557285,91396,0,4171538,23549
4,0,1,60,30,0,1529125930,6,500151,151851356,764972,1,28842371,2236727
4,0,1,60,30,0,514874186,9,500151,151851356,764972,1,28842371,2236727
4,0,1,60,60,0,2114585794,7,0,27557285,91396,0,4171538,23549
4,0,1,60,60,0,1354705301,6,0,27557285,91396,0,4171538,23549
4,0,1,60,60,0,1179969405,8,0,27557285,91396,0,4171538,23549
4,0,1,60,60,0,2107992942,9,0,27557285,91396,0,4171538,23549
4,0,1,120,0,0,785428658,0,0,524288000,764972,0,0,0
4,0,1,120,0,0,953881229,3,0,524288000,764972,0,0,0
4,0,1,120,0,0,550812184,4,0,524288000,764972,0,0,0
4,0,1,120,0,0,1708879427,2,0,524288000,764972,0,0,0
4,0,1,120,0,0,1203735991,1,0,524288000,764972,0,0,0
4,0,1,120,0,0,232564616,5,0,524288000,764972,0,0,0
4,0,1,120,0,0,1817526512,6,0,524288000,764972,0,0,0
4,0,1,120,0,0,139855492,8,0,524288000,764972,0,0,0
4,0,1,120,0,0,1491594744,9,0,524288000,764972,0,0,0
4,0,1,120,0,0,2054369077,7,0,524288000,764972,0,0,0
4,0,1,120,2,0,750761833,1,0,524288000,764972,0,0,0
4,0,1,120,2,0,1691001287,0,0,524288000,764972,0,0,0
4,0,1,120,2,0,1975988150,4,0,524288000,764972,0,0,0
4,0,1,120,2,0,1963642008,2,0,524288000,764972,0,0,0
4,0,1,120,2,0,516977385,3,0,524288000,764972,0,0,0
4,0,1,120,2,0,1355711871,5,0,524288000,764972,0,0,0
4,0,1,120,2,0,50766424,7,0,524288000,764972,0,0,0
4,0,1,120,2,0,905174602,8,0,524288000,764972,0,0,0
4,0,1,120,2,0,36157653,6,0,524288000,764972,0,0,0
4,0,1,120,2,0,1629630857,9,0,524288000,764972,0,0,0
4,0,1,120,5,0,1397737837,1,0,524288000,764972,0,0,0
4,0,1,120,5,0,432708635,0,0,524288000,764972,0,0,0
4,0,1,120,5,0,1553070149,2,0,524288000,764972,0,0,0
4,0,1,120,5,0,1115406331,3,0,524288000,764972,0,0,0
4,0,1,120,5,0,1128928014,5,0,524288000,764972,0,0,0
4,0,1,120,5,0,803813604,4,0,524288000,764972,0,0,0
4,0,1,120,5,0,2024412906,8,0,524288000,764972,0,0,0
4,0,1,120,5,0,1018504919,6,0,524288000,764972,0,0,0
4,0,1,120,5,0,1473588088,9,0,524288000,764972,0,0,0
4,0,1,120,5,0,1157099546,7,0,524288000,764972,0,0,0
4,0,1,120,10,0,1571632270,0,0,524288000,764972,0,0,0
4,0,1,120,10,0,789903223,1,0,524288000,764972,0,0,0
4,0,1,120,10,0,2142200920,2,0,524288000,764972,0,0,0
4,0,1,120,10,0,1820820806,3,0,524288000,764972,0,0,0
4,0,1,120,10,0,904230112,4,0,524288000,764972,0,0,0
4,0,1,120,10,0,1599057680,6,0,524288000,764972,0,0,0
4,0,1,120,10,0,1799990470,5,0,524288000,764972,0,0,0
4,0,1,120,10,0,1567998012,7,0,524288000,764972,0,0,0
4,0,1,120,10,0,1720532107,8,0,524288000,764972,0,0,0
4,0,1,120,20,0,772618336,1,0,524288000,764972,0,0,0
4,0,1,120,20,0,563238419,2,0,524288000,764972,0,0,0
4,0,1,120,20,0,981686710,3,0,524288000,764972,0,0,0
4,0,1,120,10,0,1200999709,9,0,524288000,764972,0,0,0
4,0,1,120,20,0,1935866295,0,0,524288000,764972,0,0,0
4,0,1,120,20,0,428937279,4,0,524288000,764972,0,0,0
4,0,1,120,20,0,1159422567,5,0,524288000,764972,0,0,0
4,0,1,120,20,0,1856365377,7,0,524288000,764972,0,0,0
4,0,1,120,20,0,1012775490,6,0,524288000,764972,0,0,0
4,0,1,120,20,0,1635881694,8,0,524288000,764972,0,0,0
4,0,1,120,20,0,842085114,9,0,524288000,764972,0,0,0
4,0,1,120,30,0,642304025,1,0,524288000,764972,0,0,0
4,0,1,120,30,0,626394068,0,0,524288000,764972,0,0,0
4,0,1,120,30,0,2031463806,2,0,524288000,764972,0,0,0
4,0,1,120,30,0,758522476,4,0,524288000,764972,0,0,0
4,0,1,120,30,0,1810417494,5,0,524288000,764972,0,0,0
4,0,1,120,30,0,41842844,3,0,524288000,764972,0,0,0
4,0,1,120,30,0,2145756342,6,0,524288000,764972,0,0,0
4,0,1,120,30,0,1356038189,8,0,524288000,764972,0,0,0
4,0,1,120,30,0,577551466,7,0,524288000,764972,0,0,0
4,0,1,120,30,0,2090017854,9,0,524288000,764972,0,0,0
4,0,1,120,60,0,1288637003,0,0,524288000,764972,0,0,0
4,0,1,120,60,0,1077925250,1,0,524288000,764972,0,0,0
4,0,1,120,60,0,204909902,2,0,524288000,764972,0,0,0
4,0,1,120,60,0,1711123163,3,0,524288000,764972,0,0,0
4,0,1,120,60,0,701548051,5,0,524288000,764972,0,0,0
4,0,1,120,60,0,425093520,4,0,524288000,764972,0,0,0
4,0,1,120,60,0,925425090,7,0,524288000,764972,0,0,0
4,0,1,120,60,0,1092165878,8,0,524288000,764972,0,0,0
4,0,1,120,60,0,257854279,6,0,524288000,764972,0,0,0
4,1,0,30,0,0,1932111726,1,3500574,336527679,1317104,1,49917595,76907
4,0,1,120,60,0,2046721228,9,0,524288000,764972,0,0,0
4,1,0,30,0,0,413613460,0,3500574,336527679,1317104,1,49917595,76907
4,1,0,30,0,0,1437338886,2,3500574,336527679,1317104,1,49917595,76907
4,1,0,30,0,0,1115699872,3,3500574,336527679,1317104,1,49917595,76907
4,1,0,30,0,0,1550320086,4,3500574,336527679,1317104,1,49917595,76907
4,1,0,30,0,0,1547504991,5,3500574,336527679,1317104,1,49917595,76907
4,1,0,30,0,0,1106876746,6,3500574,336527679,1317104,1,49917595,76907
4,1,0,30,0,0,85192104,8,3500574,336527679,1317104,1,49917595,76907
4,1,0,30,0,0,1478071244,7,3500574,336527679,1317104,1,49917595,76907
4,1,0,30,0,0,1768499634,9,3500574,336527679,1317104,1,49917595,76907
4,1,0,30,2,0,1507922155,1,1500151,340938057,1317104,1,49918407,71807
4,1,0,30,2,0,520711069,0,1500151,340938057,1317104,1,49918407,71807
4,1,0,30,2,0,854518584,2,1500151,340938057,1317104,1,49918407,71807
4,1,0,30,2,0,749638562,3,1500151,340938057,1317104,1,49918407,71807
4,1,0,30,2,0,1525181720,5,1500151,340938057,1317104,1,49918407,71807
4,1,0,30,2,0,1222385190,4,1500151,340938057,1317104,1,49918407,71807
4,1,0,30,2,0,1396252148,6,1500151,340938057,1317104,1,49918407,71807
4,1,0,30,2,0,336757755,9,1500151,340938057,1317104,1,49918407,71807
4,1,0,30,2,0,1919550221,8,1500151,340938057,1317104,1,49918407,71807
4,1,0,30,2,0,2093769694,7,1500151,340938057,1317104,1,49918407,71807
4,1,0,30,5,0,1636687473,0,1500243,341964832,1317104,1,49918408,77356
4,1,0,30,5,0,1230609389,1,1500243,341964832,1317104,1,49918408,77356
4,1,0,30,5,0,1991800019,2,1500243,341964832,1317104,1,49918408,77356
4,1,0,30,5,0,622118862,3,1500243,341964832,1317104,1,49918408,77356
4,1,0,30,5,0,1449071761,5,1500243,341964832,1317104,1,49918408,77356
4,1,0,30,5,0,719731446,4,1500243,341964832,1317104,1,49918408,77356
4,1,0,30,5,0,1811688007,6,1500243,341964832,1317104,1,49918408,77356
4,1,0,30,5,0,1738485570,7,1500243,341964832,1317104,1,49918408,77356
4,1,0,30,5,0,339783148,9,1500243,341964832,1317104,1,49918408,77356
4,1,0,30,10,0,980188582,2,2500304,339888153,1317104,1,49918410,68366
4,1,0,30,5,0,306420495,8,1500243,341964832,1317104,1,49918408,77356
4,1,0,30,10,0,695782515,0,2500304,339888153,1317104,1,49918410,68366
4,1,0,30,10,0,1475860255,1,2500304,339888153,1317104,1,49918410,68366
4,1,0,30,10,0,1346395203,3,2500304,339888153,1317104,1,49918410,68366
4,1,0,30,10,0,1360981688,4,2500304,339888153,1317104,1,49918410,68366
4,1,0,30,10,0,1251366008,5,2500304,339888153,1317104,1,49918410,68366
4,1,0,30,10,0,1698467700,7,2500304,339888153,1317104,1,49918410,68366
4,1,0,30,10,0,1148785172,6,2500304,339888153,1317104,1,49918410,68366
4,1,0,30,10,0,1165001700,8,2500304,339888153,1317104,1,49918410,68366
4,1,0,30,10,0,1910824002,9,2500304,339888153,1317104,1,49918410,68366
4,1,0,30,20,0,1559781099,0,1500027,342047667,1317104,1,49922741,74198
4,1,0,30,20,0,1933975047,1,1500027,342047667,1317104,1,49922741,74198
4,1,0,30,20,0,718625803,3,1500027,342047667,1317104,1,49922741,74198
4,1,0,30,20,0,1778069478,2,1500027,342047667,1317104,1,49922741,74198
4,1,0,30,20,0,537042335,6,1500027,342047667,1317104,1,49922741,74198
4,1,0,30,20,0,99218439,5,1500027,342047667,1317104,1,49922741,74198
4,1,0,30,20,0,789785197,4,1500027,342047667,1317104,1,49922741,74198
4,1,0,30,20,0,1007716123,7,1500027,342047667,1317104,1,49922741,74198
4,1,0,30,20,0,1080815661,8,1500027,342047667,1317104,1,49922741,74198
4,1,0,30,30,0,1705297819,2,1503141,339628551,763720,1,49922741,75505
4,1,0,30,30,0,716875001,1,1503141,339628551,763720,1,49922741,75505
4,1,0,30,20,0,343875431,9,1500027,342047667,1317104,1,49922741,74198
4,1,0,30,30,0,904397668,0,1503141,339628551,763720,1,49922741,75505
4,1,0,30,30,0,442421654,3,1503141,339628551,763720,1,49922741,75505
4,1,0,30,30,0,410400118,4,1503141,339628551,763720,1,49922741,75505
4,1,0,30,30,0,273986261,5,1503141,339628551,763720,1,49922741,75505
4,1,0,30,30,0,2032317504,6,1503141,339628551,763720,1,49922741,75505
4,1,0,30,30,0,1705155784,9,1503141,339628551,763720,1,49922741,75505
4,1,0,30,30,0,231178500,7,1503141,339628551,763720,1,49922741,75505
4,1,0,30,30,0,113236420,8,1503141,339628551,763720,1,49922741,75505
4,1,0,60,0,0,357561213,0,3500365,304314277,1317104,1,49924152,73793
4,1,0,60,0,0,446369090,1,3500365,304314277,1317104,1,49924152,73793
4,1,0,60,0,0,1127223900,2,3500365,304314277,1317104,1,49924152,73793
4,1,0,60,0,0,362114114,4,3500365,304314277,1317104,1,49924152,73793
4,1,0,60,0,0,1674376708,5,3500365,304314277,1317104,1,49924152,73793
4,1,0,60,0,0,666898313,3,3500365,304314277,1317104,1,49924152,73793
4,1,0,60,0,0,1328736852,6,3500365,304314277,1317104,1,49924152,73793
4,1,0,60,0,0,985076350,7,3500365,304314277,1317104,1,49924152,73793
4,1,0,60,0,0,1220523522,9,3500365,304314277,1317104,1,49924152,73793
4,1,0,60,0,0,1062559949,8,3500365,304314277,1317104,1,49924152,73793
4,1,0,60,2,0,1903359542,0,1500116,304314277,1317104,1,49926066,75681
4,1,0,60,2,0,542934161,1,1500116,304314277,1317104,1,49926066,75681
4,1,0,60,2,0,563830893,2,1500116,304314277,1317104,1,49926066,75681
4,1,0,60,2,0,732755730,3,1500116,304314277,1317104,1,49926066,75681
4,1,0,60,2,0,122712790,4,1500116,304314277,1317104,1,49926066,75681
4,1,0,60,2,0,1532621454,6,1500116,304314277,1317104,1,49926066,75681
4,1,0,60,2,0,1396729008,7,1500116,304314277,1317104,1,49926066,75681
4,1,0,60,2,0,150989488,5,1500116,304314277,1317104,1,49926066,75681
4,1,0,60,2,0,2045069031,8,1500116,304314277,1317104,1,49926066,75681
4,1,0,60,5,0,580314097,2,3500338,304306969,1317104,1,49924152,72003
4,1,0,60,5,0,1910594463,1,3500338,304306969,1317104,1,49924152,72003
4,1,0,60,5,0,760366580,3,3500338,304306969,1317104,1,49924152,72003
4,1,0,60,2,0,2006580699,9,1500116,304314277,1317104,1,49926066,75681
4,1,0,60,5,0,1960839066,4,3500338,304306969,1317104,1,49924152,72003
4,1,0,60,5,0,1170011066,0,3500338,304306969,1317104,1,49924152,72003
4,1,0,60,5,0,1868213586,5,3500338,304306969,1317104,1,49924152,72003
4,1,0,60,5,0,1329985271,6,3500338,304306969,1317104,1,49924152,72003
4,1,0,60,5,0,1491076495,7,3500338,304306969,1317104,1,49924152,72003
4,1,0,60,5,0,975509246,9,3500338,304306969,1317104,1,49924152,72003
4,1,0,60,5,0,2068678214,8,3500338,304306969,1317104,1,49924152,72003
4,1,0,60,10,0,384631600,0,1500090,304320367,1317104,1,49859346,366808
4,1,0,60,10,0,1897775581,1,1500090,304320367,1317104,1,49859346,366808
4,1,0,60,10,0,1322283789,2,1500090,304320367,1317104,1,49859346,366808
4,1,0,60,10,0,1571027407,3,1500090,304320367,1317104,1,49859346,366808
4,1,0,60,10,0,1770401882,4,1500090,304320367,1317104,1,49859346,366808
4,1,0,60,10,0,1303835765,7,1500090,304320367,1317104,1,49859346,366808
4,1,0,60,10,0,45336904,8,1500090,304320367,1317104,1,49859346,366808
4,1,0,60,10,0,396634,9,1500090,304320367,1317104,1,49859346,366808
4,1,0,60,10,0,1115862756,5,1500090,304320367,1317104,1,49859346,366808
4,1,0,60,10,0,668801732,6,1500090,304320367,1317104,1,49859346,366808
4,1,0,60,20,0,585405992,0,3500193,304352035,1317104,1,49924152,74136
4,1,0,60,20,0,1231634482,2,3500193,304352035,1317104,1,49924152,74136
4,1,0,60,20,0,1476974480,1,3500193,304352035,1317104,1,49924152,74136
4,1,0,60,20,0,2112830350,5,3500193,304352035,1317104,1,49924152,74136
4,1,0,60,20,0,2015189868,3,3500193,304352035,1317104,1,49924152,74136
4,1,0,60,20,0,2048987473,6,3500193,304352035,1317104,1,49924152,74136
4,1,0,60,20,0,35721701,4,3500193,304352035,1317104,1,49924152,74136
4,1,0,60,30,0,1258093032,0,1500254,304321585,1317104,1,49859996,363466
4,1,0,60,20,0,39224201,8,3500193,304352035,1317104,1,49924152,74136
4,1,0,60,20,0,1848705588,9,3500193,304352035,1317104,1,49924152,74136
4,1,0,60,20,0,1286817379,7,3500193,304352035,1317104,1,49924152,74136
4,1,0,60,30,0,993062551,1,1500254,304321585,1317104,1,49859996,363466
4,1,0,60,30,0,31001012,2,1500254,304321585,1317104,1,49859996,363466
4,1,0,60,30,0,1604788242,3,1500254,304321585,1317104,1,49859996,363466
4,1,0,60,30,0,1768392070,5,1500254,304321585,1317104,1,49859996,363466
4,1,0,60,30,0,1695447268,7,1500254,304321585,1317104,1,49859996,363466
4,1,0,60,30,0,809906184,4,1500254,304321585,1317104,1,49859996,363466
4,1,0,60,30,0,1073295668,8,1500254,304321585,1317104,1,49859996,363466
4,1,0,60,30,0,1877357553,6,1500254,304321585,1317104,1,49859996,363466
4,1,0,60,60,0,1673848685,0,1507061,339583484,763720,1,49923011,75174
4,1,0,60,60,0,1625035499,1,1507061,339583484,763720,1,49923011,75174
4,1,0,60,30,0,701237129,9,1500254,304321585,1317104,1,49859996,363466
4,1,0,60,60,0,1129491690,3,1507061,339583484,763720,1,49923011,75174
4,1,0,60,60,0,947437263,2,1507061,339583484,763720,1,49923011,75174
4,1,0,60,60,0,1813504336,5,1507061,339583484,763720,1,49923011,75174
4,1,0,60,60,0,340203212,4,1507061,339583484,763720,1,49923011,75174
4,1,0,60,60,0,1167651784,7,1507061,339583484,763720,1,49923011,75174
4,1,0,60,60,0,1028910147,6,1507061,339583484,763720,1,49923011,75174
4,1,0,60,60,0,1222677762,8,1507061,339583484,763720,1,49923011,75174
4,1,0,60,60,0,1154581796,9,1507061,339583484,763720,1,49923011,75174
4,1,0,120,0,0,1773408660,0,3500471,78772747,1317104,1,27414168,0
4,1,0,120,0,0,807456518,1,3500471,78772747,1317104,1,27414168,0
4,1,0,120,0,0,783432867,3,3500471,78772747,1317104,1,27414168,0
4,1,0,120,0,0,294050451,2,3500471,78772747,1317104,1,27414168,0
4,1,0,120,0,0,586795774,4,3500471,78772747,1317104,1,27414168,0
4,1,0,120,0,0,1243802345,5,3500471,78772747,1317104,1,27414168,0
4,1,0,120,0,0,473976901,6,3500471,78772747,1317104,1,27414168,0
4,1,0,120,0,0,1955683348,7,3500471,78772747,1317104,1,27414168,0
4,1,0,120,0,0,1944620470,8,3500471,78772747,1317104,1,27414168,0
4,1,0,120,0,0,1168807171,9,3500471,78772747,1317104,1,27414168,0
4,1,0,120,2,0,806549529,1,1500210,78812941,1317104,1,36533400,0
4,1,0,120,2,0,83302600,3,1500210,78812941,1317104,1,36533400,0
4,1,0,120,2,0,2113106808,0,1500210,78812941,1317104,1,36533400,0
4,1,0,120,2,0,1377154307,2,1500210,78812941,1317104,1,36533400,0
4,1,0,120,2,0,213168097,5,1500210,78812941,1317104,1,36533400,0
4,1,0,120,2,0,653476296,4,1500210,78812941,1317104,1,36533400,0
4,1,0,120,2,0,95051435,6,1500210,78812941,1317104,1,36533400,0
4,1,0,120,2,0,1211672712,9,1500210,78812941,1317104,1,36533400,0
4,1,0,120,2,0,798595882,7,1500210,78812941,1317104,1,36533400,0
4,1,0,120,5,0,1156184315,0,3500319,78809275,1317104,1,27073032,0
4,1,0,120,2,0,439261284,8,1500210,78812941,1317104,1,36533400,0
4,1,0,120,5,0,1882985094,2,3500319,78809275,1317104,1,27073032,0
4,1,0,120,5,0,537039291,1,3500319,78809275,1317104,1,27073032,0
4,1,0,120,5,0,35236295,3,3500319,78809275,1317104,1,27073032,0
4,1,0,120,5,0,999913493,4,3500319,78809275,1317104,1,27073032,0
4,1,0,120,5,0,387393108,5,3500319,78809275,1317104,1,27073032,0
4,1,0,120,5,0,63242750,7,3500319,78809275,1317104,1,27073032,0
4,1,0,120,5,0,647181551,6,3500319,78809275,1317104,1,27073032,0
4,1,0,120,5,0,2119908041,8,3500319,78809275,1317104,1,27073032,0
4,1,0,120,5,0,932815734,9,3500319,78809275,1317104,1,27073032,0
4,1,0,120,10,0,1468504537,0,3500288,78815377,1317104,1,13478100,13478100
4,1,0,120,10,0,1804930077,1,3500288,78815377,1317104,1,13478100,13478100
4,1,0,120,10,0,2140593461,3,3500288,78815377,1317104,1,13478100,13478100
4,1,0,120,10,0,1595138315,4,3500288,78815377,1317104,1,13478100,13478100
4,1,0,120,10,0,1338211662,2,3500288,78815377,1317104,1,13478100,13478100
4,1,0,120,10,0,1991509618,5,3500288,78815377,1317104,1,13478100,13478100
4,1,0,120,10,0,1418407139,7,3500288,78815377,1317104,1,13478100,13478100
4,1,0,120,10,0,344555557,8,3500288,78815377,1317104,1,13478100,13478100
4,1,0,120,10,0,136309890,6,3500288,78815377,1317104,1,13478100,13478100
4,1,0,120,10,0,627442454,9,3500288,78815377,1317104,1,13478100,13478100
4,1,0,120,20,0,240682864,0,1500081,78816595,1317104,1,40976664,0
4,1,0,120,20,0,1144624141,1,1500081,78816595,1317104,1,40976664,0
4,1,0,120,20,0,306594932,3,1500081,78816595,1317104,1,40976664,0
4,1,0,120,20,0,779982123,5,1500081,78816595,1317104,1,40976664,0
4,1,0,120,20,0,825459614,6,1500081,78816595,1317104,1,40976664,0
4,1,0,120,20,0,1685438702,2,1500081,78816595,1317104,1,40976664,0
4,1,0,120,20,0,2019265031,4,1500081,78816595,1317104,1,40976664,0
4,1,0,120,20,0,1074083133,7,1500081,78816595,1317104,1,40976664,0
4,1,0,120,20,0,54183126,9,1500081,78816595,1317104,1,40976664,0
4,1,0,120,30,0,523820885,0,2500296,78776401,1317104,1,9702300,9702300
4,1,0,120,20,0,1638862478,8,1500081,78816595,1317104,1,40976664,0
4,1,0,120,30,0,1652694369,2,2500296,78776401,1317104,1,9702300,9702300
4,1,0,120,30,0,1902502763,3,2500296,78776401,1317104,1,9702300,9702300
4,1,0,120,30,0,1069285207,1,2500296,78776401,1317104,1,9702300,9702300
4,1,0,120,30,0,1061553531,4,2500296,78776401,1317104,1,9702300,9702300
4,1,0,120,30,0,143925622,5,2500296,78776401,1317104,1,9702300,9702300
4,1,0,120,30,0,855471045,6,2500296,78776401,1317104,1,9702300,9702300
4,1,0,120,30,0,1979269680,7,2500296,78776401,1317104,1,9702300,9702300
4,1,0,120,30,0,403556437,8,2500296,78776401,1317104,1,9702300,9702300
4,1,0,120,60,0,1671270375,1,1500085,78816595,1317104,1,1887564,1887564
4,1,0,120,30,0,895273628,9,2500296,78776401,1317104,1,9702300,9702300
4,1,0,120,60,0,2030770268,0,1500085,78816595,1317104,1,1887564,1887564
4,1,0,120,60,0,1387545832,3,1500085,78816595,1317104,1,1887564,1887564
4,1,0,120,60,0,681230929,4,1500085,78816595,1317104,1,1887564,1887564
4,1,0,120,60,0,1340499510,2,1500085,78816595,1317104,1,1887564,1887564
4,1,0,120,60,0,524593800,6,1500085,78816595,1317104,1,1887564,1887564
4,1,2,30,0,0,853511493,0,2500913,63856486,1317104,1,10199124,2967573
4,1,0,120,60,0,181187132,5,1500085,78816595,1317104,1,1887564,1887564
4,1,0,120,60,0,1087969934,7,1500085,78816595,1317104,1,1887564,1887564
4,1,0,120,60,0,2066865372,8,1500085,78816595,1317104,1,1887564,1887564
4,1,2,30,0,0,935393402,3,2500913,63856486,1317104,1,10199124,2967573
4,1,2,30,0,0,1548020689,1,2500913,63856486,1317104,1,10199124,2967573
4,1,2,30,0,0,223714148,2,2500913,63856486,1317104,1,10199124,2967573
4,1,2,30,0,0,485024047,4,2500913,63856486,1317104,1,10199124,2967573
4,1,2,30,0,0,1013465558,5,2500913,63856486,1317104,1,10199124,2967573
4,1,0,120,60,0,1283392443,9,1500085,78816595,1317104,1,1887564,1887564
4,1,2,30,0,0,1864710094,6,2500913,63856486,1317104,1,10199124,2967573
4,1,2,30,0,0,1393774816,7,2500913,63856486,1317104,1,10199124,2967573
4,1,2,30,0,0,64715310,8,2500913,63856486,1317104,1,10199124,2967573
4,1,2,30,2,0,1185840646,0,2500704,66781764,1960632,1,10251884,2616970
4,1,2,30,0,0,718807242,9,2500913,63856486,1317104,1,10199124,2967573
4,1,2,30,2,0,513891087,1,2500704,66781764,1960632,1,10251884,2616970
4,1,2,30,2,0,1699983711,2,2500704,66781764,1960632,1,10251884,2616970
4,1,2,30,2,0,38353417,4,2500704,66781764,1960632,1,10251884,2616970
4,1,2,30,2,0,1044060736,3,2500704,66781764,1960632,1,10251884,2616970
4,1,2,30,2,0,665685329,7,2500704,66781764,1960632,1,10251884,2616970
4,1,2,30,2,0,180360149,5,2500704,66781764,1960632,1,10251884,2616970
4,1,2,30,2,0,1595145112,8,2500704,66781764,1960632,1,10251884,2616970
4,1,2,30,2,0,2041272017,6,2500704,66781764,1960632,1,10251884,2616970
4,1,2,30,5,0,1068253975,0,2501723,66111608,1969396,1,10114670,2979455
4,1,2,30,2,0,384313264,9,2500704,66781764,1960632,1,10251884,2616970
4,1,2,30,5,0,677309706,1,2501723,66111608,1969396,1,10114670,2979455
4,1,2,30,5,0,392566677,3,2501723,66111608,1969396,1,10114670,2979455
4,1,2,30,5,0,257922823,5,2501723,66111608,1969396,1,10114670,2979455
4,1,2,30,5,0,256732224,6,2501723,66111608,1969396,1,10114670,2979455
4,1,2,30,5,0,2147136659,2,2501723,66111608,1969396,1,10114670,2979455
4,1,2,30,5,0,1453511837,4,2501723,66111608,1969396,1,10114670,2979455
4,1,2,30,5,0,1526936792,7,2501723,66111608,1969396,1,10114670,2979455
4,1,2,30,5,0,461243650,9,2501723,66111608,1969396,1,10114670,2979455
4,1,2,30,5,0,661074643,8,2501723,66111608,1969396,1,10114670,2979455
4,1,2,30,10,0,540424819,0,2500775,67170480,1903040,1,10201020,2613942
4,1,2,30,10,0,1360386030,3,2500775,67170480,1903040,1,10201020,2613942
4,1,2,30,10,0,2095269219,1,2500775,67170480,1903040,1,10201020,2613942
4,1,2,30,10,0,1491718314,4,2500775,67170480,1903040,1,10201020,2613942
4,1,2,30,10,0,999329934,2,2500775,67170480,1903040,1,10201020,2613942
4,1,2,30,10,0,1884283304,5,2500775,67170480,1903040,1,10201020,2613942
4,1,2,30,10,0,828779668,6,2500775,67170480,1903040,1,10201020,2613942
4,1,2,30,10,0,91709704,7,2500775,67170480,1903040,1,10201020,2613942
4,1,2,30,10,0,1538317686,9,2500775,67170480,1903040,1,10201020,2613942
4,1,2,30,20,0,1076732154,1,2500500,67233468,1910552,1,10217540,2557027
4,1,2,30,10,0,1622505239,8,2500775,67170480,1903040,1,10201020,2613942
4,1,2,30,20,0,578670284,0,2500500,67233468,1910552,1,10217540,2557027
4,1,2,30,20,0,169602003,2,2500500,67233468,1910552,1,10217540,2557027
4,1,2,30,20,0,2084356796,3,2500500,67233468,1910552,1,10217540,2557027
4,1,2,30,20,0,1265789564,5,2500500,67233468,1910552,1,10217540,2557027
4,1,2,30,20,0,1879048201,4,2500500,67233468,1910552,1,10217540,2557027
4,1,2,30,20,0,2104929112,6,2500500,67233468,1910552,1,10217540,2557027
4,1,2,30,20,0,815080993,7,2500500,67233468,1910552,1,10217540,2557027
4,1,2,30,20,0,801555686,8,2500500,67233468,1910552,1,10217540,2557027
4,1,2,30,30,0,1390198781,0,42588718,16502980,11034690,1,3207790,2500859
4,1,2,30,30,0,2011740002,1,42588718,16502980,11034690,1,3207790,2500859
4,1,2,30,30,0,1182509541,2,42588718,16502980,11034690,1,3207790,2500859
4,1,2,30,30,0,688669716,3,42588718,16502980,11034690,1,3207790,2500859
4,1,2,30,20,0,1493208421,9,2500500,67233468,1910552,1,10217540,2557027
4,1,2,30,30,0,295822679,4,42588718,16502980,11034690,1,3207790,2500859
4,1,2,30,30,0,1930090462,6,42588718,16502980,11034690,1,3207790,2500859
4,1,2,30,30,0,665829369,5,42588718,16502980,11034690,1,3207790,2500859
4,1,2,30,30,0,1269904391,7,42588718,16502980,11034690,1,3207790,2500859
4,1,2,30,30,0,1131076509,8,42588718,16502980,11034690,1,3207790,2500859
4,1,2,30,30,0,1576737058,9,42588718,16502980,11034690,1,3207790,2500859
4,1,2,60,0,0,1950254385,0,2501121,66987789,1762816,1,10199389,2499699
4,1,2,60,0,0,1627979724,2,2501121,66987789,1762816,1,10199389,2499699
4,1,2,60,0,0,796863703,3,2501121,66987789,1762816,1,10199389,2499699
4,1,2,60,0,0,3091620,1,2501121,66987789,1762816,1,10199389,2499699
4,1,2,60,0,0,1563691059,5,2501121,66987789,1762816,1,10199389,2499699
4,1,2,60,0,0,80401162,4,2501121,66987789,1762816,1,10199389,2499699
4,1,2,60,0,0,272050780,8,2501121,66987789,1762816,1,10199389,2499699
4,1,2,60,0,0,1664260498,9,2501121,66987789,1762816,1,10199389,2499699
4,1,2,60,2,0,815483101,0,2501121,66989768,1762816,1,10196678,2718780
4,1,2,60,2,0,2136957354,1,2501121,66989768,1762816,1,10196678,2718780
4,1,2,60,0,0,1025580463,6,2501121,66987789,1762816,1,10199389,2499699
4,1,2,60,0,0,1377370646,7,2501121,66987789,1762816,1,10199389,2499699
4,1,2,60,2,0,1216030167,3,2501121,66989768,1762816,1,10196678,2718780
4,1,2,60,2,0,474439845,7,2501121,66989768,1762816,1,10196678,2718780
4,1,2,60,2,0,661989794,2,2501121,66989768,1762816,1,10196678,2718780
4,1,2,60,2,0,1760097041,5,2501121,66989768,1762816,1,10196678,2718780
4,1,2,60,2,0,1385556630,4,2501121,66989768,1762816,1,10196678,2718780
4,1,2,60,2,0,1383082793,6,2501121,66989768,1762816,1,10196678,2718780
4,1,2,60,5,0,188021892,0,1500328,64553860,1360924,1,9502682,7136166
4,1,2,60,5,0,557376230,1,1500328,64553860,1360924,1,9502682,7136166
4,1,2,60,5,0,134319747,3,1500328,64553860,1360924,1,9502682,7136166
4,1,2,60,2,0,413417661,8,2501121,66989768,1762816,1,10196678,2718780
4,1,2,60,5,0,767247805,2,1500328,64553860,1360924,1,9502682,7136166
4,1,2,60,2,0,286387753,9,2501121,66989768,1762816,1,10196678,2718780
4,1,2,60,5,0,867922818,4,1500328,64553860,1360924,1,9502682,7136166
4,1,2,60,5,0,459798459,5,1500328,64553860,1360924,1,9502682,7136166
4,1,2,60,5,0,2084649514,6,1500328,64553860,1360924,1,9502682,7136166
4,1,2,60,5,0,424143426,8,1500328,64553860,1360924,1,9502682,7136166
4,1,2,60,5,0,822987217,7,1500328,64553860,1360924,1,9502682,7136166
4,1,2,60,5,0,136653625,9,1500328,64553860,1360924,1,9502682,7136166
4,1,2,60,10,0,1099247629,2,2501287,69150280,1317104,1,10202068,3513286
4,1,2,60,10,0,1669019208,0,2501287,69150280,1317104,1,10202068,3513286
4,1,2,60,10,0,1573478551,4,2501287,69150280,1317104,1,10202068,3513286
4,1,2,60,10,0,2104145858,1,2501287,69150280,1317104,1,10202068,3513286
4,1,2,60,10,0,947997148,5,2501287,69150280,1317104,1,10202068,3513286
4,1,2,60,10,0,210821160,3,2501287,69150280,1317104,1,10202068,3513286
4,1,2,60,10,0,304401362,6,2501287,69150280,1317104,1,10202068,3513286
4,1,2,60,10,0,56204397,7,2501287,69150280,1317104,1,10202068,3513286
4,1,2,60,10,0,896523274,8,2501287,69150280,1317104,1,10202068,3513286
4,1,2,60,10,0,2110570534,9,2501287,69150280,1317104,1,10202068,3513286
4,1,2,60,20,0,2010298703,1,1500271,64705466,1332128,1,10043850,2952937
4,1,2,60,20,0,260705324,2,1500271,64705466,1332128,1,10043850,2952937
4,1,2,60,20,0,343411869,0,1500271,64705466,1332128,1,10043850,2952937
4,1,2,60,20,0,1550165596,3,1500271,64705466,1332128,1,10043850,2952937
4,1,2,60,20,0,1786505393,4,1500271,64705466,1332128,1,10043850,2952937
4,1,2,60,20,0,1141669467,7,1500271,64705466,1332128,1,10043850,2952937
4,1,2,60,20,0,174603960,8,1500271,64705466,1332128,1,10043850,2952937
4,1,2,60,30,0,1305260125,0,2500362,69402541,1317104,1,10202080,2851981
4,1,2,60,20,0,250396691,6,1500271,64705466,1332128,1,10043850,2952937
4,1,2,60,20,0,1585137766,5,1500271,64705466,1332128,1,10043850,2952937
4,1,2,60,20,0,302314710,9,1500271,64705466,1332128,1,10043850,2952937
4,1,2,60,30,0,417124022,3,2500362,69402541,1317104,1,10202080,2851981
4,1,2,60,30,0,434758564,4,2500362,69402541,1317104,1,10202080,2851981
4,1,2,60,30,0,334729865,1,2500362,69402541,1317104,1,10202080,2851981
4,1,2,60,30,0,927283698,2,2500362,69402541,1317104,1,10202080,2851981
4,1,2,60,30,0,1654984428,6,2500362,69402541,1317104,1,10202080,2851981
4,1,2,60,30,0,992214765,5,2500362,69402541,1317104,1,10202080,2851981
4,1,2,60,60,0,1783204262,1,42600494,26919897,726160,1,5523740,2773579
4,1,2,60,60,0,768360597,0,42600494,26919897,726160,1,5523740,2773579
4,1,2,60,60,0,1537440949,3,42600494,26919897,726160,1,5523740,2773579
4,1,2,60,60,0,453179940,2,42600494,26919897,726160,1,5523740,2773579
4,1,2,60,60,0,1970189949,4,42600494,26919897,726160,1,5523740,2773579
4,1,2,60,60,0,447116404,6,42600494,26919897,726160,1,5523740,2773579
4,1,2,60,60,0,716440566,7,42600494,26919897,726160,1,5523740,2773579
4,1,2,60,60,0,1834273114,5,42600494,26919897,726160,1,5523740,2773579
4,1,2,60,60,0,774797220,8,42600494,26919897,726160,1,5523740,2773579
4,1,2,60,60,0,1724674934,9,42600494,26919897,726160,1,5523740,2773579
4,1,2,60,30,0,829441721,8,2500362,69402541,1317104,1,10202080,2851981
4,1,2,60,30,0,1068429057,9,2500362,69402541,1317104,1,10202080,2851981
4,1,2,60,30,0,813726301,7,2500362,69402541,1317104,1,10202080,2851981
4,1,2,120,0,0,679362694,1,2500300,67279251,2065800,1,10201762,3559260
4,1,2,120,0,0,1902722773,2,2500300,67279251,2065800,1,10201762,3559260
4,1,2,120,0,0,1513220374,3,2500300,67279251,2065800,1,10201762,3559260
4,1,2,120,0,0,1353580387,4,2500300,67279251,2065800,1,10201762,3559260
4,1,2,120,0,0,1449606729,0,2500300,67279251,2065800,1,10201762,3559260
4,1,2,120,0,0,1596523152,6,2500300,67279251,2065800,1,10201762,3559260
4,1,2,120,0,0,1394378770,5,2500300,67279251,2065800,1,10201762,3559260
4,1,2,120,0,0,1389211119,9,2500300,67279251,2065800,1,10201762,3559260
4,1,2,120,0,0,1771000941,7,2500300,67279251,2065800,1,10201762,3559260
4,1,2,120,0,0,1849361671,8,2500300,67279251,2065800,1,10201762,3559260
4,1,2,120,2,0,918814341,1,2501170,69347506,1317104,1,10202058,3812623
4,1,2,120,2,0,1033895513,0,2501170,69347506,1317104,1,10202058,3812623
4,1,2,120,2,0,1091304489,3,2501170,69347506,1317104,1,10202058,3812623
4,1,2,120,2,0,1943058119,5,2501170,69347506,1317104,1,10202058,3812623
4,1,2,120,2,0,1546224907,4,2501170,69347506,1317104,1,10202058,3812623
4,1,2,120,2,0,1610883633,2,2501170,69347506,1317104,1,10202058,3812623
4,1,2,120,2,0,1921996951,6,2501170,69347506,1317104,1,10202058,3812623
4,1,2,120,2,0,840218,8,2501170,69347506,1317104,1,10202058,3812623
4,1,2,120,5,0,1221841614,0,1500711,60935074,2357516,1,10202192,2914345
4,1,2,120,2,0,148876024,9,2501170,69347506,1317104,1,10202058,3812623
4,1,2,120,2,0,1705490992,7,2501170,69347506,1317104,1,10202058,3812623
4,1,2,120,5,0,580188682,2,1500711,60935074,2357516,1,10202192,2914345
4,1,2,120,5,0,70018477,1,1500711,60935074,2357516,1,10202192,2914345
4,1,2,120,5,0,1296400037,3,1500711,60935074,2357516,1,10202192,2914345
4,1,2,120,5,0,1289924514,5,1500711,60935074,2357516,1,10202192,2914345
4,1,2,120,5,0,28212913,4,1500711,60935074,2357516,1,10202192,2914345
4,1,2,120,5,0,952996130,6,1500711,60935074,2357516,1,10202192,2914345
4,1,2,120,5,0,922656948,7,1500711,60935074,2357516,1,10202192,2914345
4,1,2,120,5,0,93206686,9,1500711,60935074,2357516,1,10202192,2914345
4,1,2,120,10,0,664494972,1,2501525,67269946,1886764,1,10201296,2721318
4,1,2,120,5,0,1352505293,8,1500711,60935074,2357516,1,10202192,2914345
4,1,2,120,10,0,1185226852,0,2501525,67269946,1886764,1,10201296,2721318
4,1,2,120,10,0,404960131,2,2501525,67269946,1886764,1,10201296,2721318
4,1,2,120,10,0,162076186,3,2501525,67269946,1886764,1,10201296,2721318
4,1,2,120,10,0,670474924,6,2501525,67269946,1886764,1,10201296,2721318
4,1,2,120,10,0,1977273278,4,2501525,67269946,1886764,1,10201296,2721318
4,1,2,120,10,0,1527529840,5,2501525,67269946,1886764,1,10201296,2721318
4,1,2,120,10,0,594458674,7,2501525,67269946,1886764,1,10201296,2721318
4,1,2,120,10,0,1138115565,8,2501525,67269946,1886764,1,10201296,2721318
4,1,2,120,10,0,1576609019,9,2501525,67269946,1886764,1,10201296,2721318
4,1,2,120,20,0,1073127233,0,2501227,69624717,1317104,1,10201722,1780125
4,1,2,120,20,0,1100558894,2,2501227,69624717,1317104,1,10201722,1780125
4,1,2,120,20,0,394729488,4,2501227,69624717,1317104,1,10201722,1780125
4,1,2,120,20,0,1000702246,1,2501227,69624717,1317104,1,10201722,1780125
4,1,2,120,20,0,1289789131,3,2501227,69624717,1317104,1,10201722,1780125
4,1,2,120,20,0,1717120387,5,2501227,69624717,1317104,1,10201722,1780125
4,1,2,120,20,0,933885988,6,2501227,69624717,1317104,1,10201722,1780125
4,1,2,120,20,0,331578205,7,2501227,69624717,1317104,1,10201722,1780125
4,1,2,120,20,0,2072464202,9,2501227,69624717,1317104,1,10201722,1780125
4,1,2,120,20,0,1394541743,8,2501227,69624717,1317104,1,10201722,1780125
4,1,2,120,30,0,742610535,0,0,55721178,1317104,0,8599208,30583
4,1,2,120,30,0,2097131154,1,0,55721178,1317104,0,8599208,30583
4,1,2,120,30,0,1290179211,3,0,55721178,1317104,0,8599208,30583
4,1,2,120,30,0,160509766,4,0,55721178,1317104,0,8599208,30583
4,1,2,120,30,0,1638728074,5,0,55721178,1317104,0,8599208,30583
4,1,2,120,30,0,409585493,2,0,55721178,1317104,0,8599208,30583
4,1,2,120,30,0,240186197,7,0,55721178,1317104,0,8599208,30583
4,1,2,120,30,0,337057834,6,0,55721178,1317104,0,8599208,30583
4,1,2,120,30,0,1436192596,8,0,55721178,1317104,0,8599208,30583
4,1,2,120,30,0,1494348846,9,0,55721178,1317104,0,8599208,30583
4,1,2,120,60,0,1865323193,0,2501513,67207448,1951868,1,10202030,2350590
4,1,2,120,60,0,973744985,3,2501513,67207448,1951868,1,10202030,2350590
4,1,2,120,60,0,517717617,2,2501513,67207448,1951868,1,10202030,2350590
4,1,2,120,60,0,1788947133,1,2501513,67207448,1951868,1,10202030,2350590
4,1,2,120,60,0,49110293,4,2501513,67207448,1951868,1,10202030,2350590
4,1,2,120,60,0,1642768997,5,2501513,67207448,1951868,1,10202030,2350590
4,1,2,120,60,0,232477787,6,2501513,67207448,1951868,1,10202030,2350590
4,1,2,120,60,0,176876436,8,2501513,67207448,1951868,1,10202030,2350590
4,2,1,30,0,0,642441295,0,2500561,203302369,1638720,1,30242810,168907
4,2,1,30,0,0,1403731150,1,2500561,203302369,1638720,1,30242810,168907
4,1,2,120,60,0,1371454094,9,2501513,67207448,1951868,1,10202030,2350590
4,2,1,30,0,0,948316671,2,2500561,203302369,1638720,1,30242810,168907
4,2,1,30,0,0,657978181,3,2500561,203302369,1638720,1,30242810,168907
4,2,1,30,0,0,1687418351,5,2500561,203302369,1638720,1,30242810,168907
4,1,2,120,60,0,1309034704,7,2501513,67207448,1951868,1,10202030,2350590
4,2,1,30,0,0,216980930,4,2500561,203302369,1638720,1,30242810,168907
4,2,1,30,0,0,1913907148,6,2500561,203302369,1638720,1,30242810,168907
4,2,1,30,0,0,386903346,7,2500561,203302369,1638720,1,30242810,168907
4,2,1,30,0,0,953850512,8,2500561,203302369,1638720,1,30242810,168907
4,2,1,30,0,0,1855149589,9,2500561,203302369,1638720,1,30242810,168907
4,2,1,30,2,0,1244608630,0,2501052,204429961,1638720,1,30236874,142010
4,2,1,30,2,0,1693601838,1,2501052,204429961,1638720,1,30236874,142010
4,2,1,30,2,0,635708419,2,2501052,204429961,1638720,1,30236874,142010
4,2,1,30,2,0,567747634,3,2501052,204429961,1638720,1,30236874,142010
4,2,1,30,2,0,354528565,5,2501052,204429961,1638720,1,30236874,142010
4,2,1,30,2,0,1443831341,4,2501052,204429961,1638720,1,30236874,142010
4,2,1,30,2,0,211789542,7,2501052,204429961,1638720,1,30236874,142010
4,2,1,30,2,0,1714513575,8,2501052,204429961,1638720,1,30236874,142010
4,2,1,30,2,0,2043780174,6,2501052,204429961,1638720,1,30236874,142010
4,2,1,30,2,0,1127677925,9,2501052,204429961,1638720,1,30236874,142010
4,2,1,30,5,0,365411459,0,2500394,203410680,1638720,1,30244685,153184
4,2,1,30,5,0,1866125107,2,2500394,203410680,1638720,1,30244685,153184
4,2,1,30,5,0,559957102,3,2500394,203410680,1638720,1,30244685,153184
4,2,1,30,5,0,1711660604,1,2500394,203410680,1638720,1,30244685,153184
4,2,1,30,5,0,579265528,4,2500394,203410680,1638720,1,30244685,153184
4,2,1,30,5,0,2065546403,5,2500394,203410680,1638720,1,30244685,153184
4,2,1,30,5,0,842240083,9,2500394,203410680,1638720,1,30244685,153184
4,2,1,30,10,0,1057617830,0,2500408,204399064,1638720,1,30236874,141395
4,2,1,30,5,0,850869632,6,2500394,203410680,1638720,1,30244685,153184
4,2,1,30,5,0,2095347470,7,2500394,203410680,1638720,1,30244685,153184
4,2,1,30,5,0,1697881328,8,2500394,203410680,1638720,1,30244685,153184
4,2,1,30,10,0,1040735415,1,2500408,204399064,1638720,1,30236874,141395
4,2,1,30,10,0,1143565474,3,2500408,204399064,1638720,1,30236874,141395
4,2,1,30,10,0,1389042400,5,2500408,204399064,1638720,1,30236874,141395
4,2,1,30,10,0,307708574,2,2500408,204399064,1638720,1,30236874,141395
4,2,1,30,10,0,384806111,6,2500408,204399064,1638720,1,30236874,141395
4,2,1,30,10,0,1847118259,4,2500408,204399064,1638720,1,30236874,141395
4,2,1,30,10,0,483312111,7,2500408,204399064,1638720,1,30236874,141395
4,2,1,30,10,0,1776321392,8,2500408,204399064,1638720,1,30236874,141395
4,2,1,30,10,0,1819093035,9,2500408,204399064,1638720,1,30236874,141395
4,2,1,30,20,0,818147210,2,2500497,203305180,1638720,1,30233749,157316
4,2,1,30,20,0,1568812602,0,2500497,203305180,1638720,1,30233749,157316
4,2,1,30,20,0,1377560770,3,2500497,203305180,1638720,1,30233749,157316
4,2,1,30,20,0,1495970877,1,2500497,203305180,1638720,1,30233749,157316
4,2,1,30,20,0,103967542,5,2500497,203305180,1638720,1,30233749,157316
4,2,1,30,20,0,1309186996,6,2500497,203305180,1638720,1,30233749,157316
4,2,1,30,20,0,1479723230,4,2500497,203305180,1638720,1,30233749,157316
4,2,1,30,20,0,1899277934,9,2500497,203305180,1638720,1,30233749,157316
4,2,1,30,20,0,1502020490,8,2500497,203305180,1638720,1,30233749,157316
4,2,1,30,20,0,726945805,7,2500497,203305180,1638720,1,30233749,157316
4,2,1,30,30,0,626285594,0,2500718,204179710,1612800,1,30215003,121814
4,2,1,30,30,0,1891776000,1,2500718,204179710,1612800,1,30215003,121814
4,2,1,30,30,0,192747606,2,2500718,204179710,1612800,1,30215003,121814
4,2,1,30,30,0,857641458,4,2500718,204179710,1612800,1,30215003,121814
4,2,1,30,30,0,1605548088,5,2500718,204179710,1612800,1,30215003,121814
4,2,1,30,30,0,1002830207,3,2500718,204179710,1612800,1,30215003,121814
4,2,1,30,30,0,669977163,6,2500718,204179710,1612800,1,30215003,121814
4,2,1,30,30,0,368570209,7,2500718,204179710,1612800,1,30215003,121814
4,2,1,30,30,0,234238999,9,2500718,204179710,1612800,1,30215003,121814
4,2,1,30,30,0,482632941,8,2500718,204179710,1612800,1,30215003,121814
4,2,1,60,0,0,634268193,1,2500278,204013750,1647360,1,30194066,117770
4,2,1,60,0,0,1235598059,2,2500278,204013750,1647360,1,30194066,117770
4,2,1,60,0,0,1043884514,0,2500278,204013750,1647360,1,30194066,117770
4,2,1,60,0,0,477935341,5,2500278,204013750,1647360,1,30194066,117770
4,2,1,60,0,0,1474339313,4,2500278,204013750,1647360,1,30194066,117770
4,2,1,60,0,0,58984033,3,2500278,204013750,1647360,1,30194066,117770
4,2,1,60,0,0,2023746966,8,2500278,204013750,1647360,1,30194066,117770
4,2,1,60,0,0,1310472034,6,2500278,204013750,1647360,1,30194066,117770
4,2,1,60,2,0,1425399664,0,2500786,204144549,1638720,1,30217499,118541
4,2,1,60,0,0,1932999727,7,2500278,204013750,1647360,1,30194066,117770
4,2,1,60,0,0,97702405,9,2500278,204013750,1647360,1,30194066,117770
4,2,1,60,2,0,897689138,1,2500786,204144549,1638720,1,30217499,118541
4,2,1,60,2,0,1110927658,4,2500786,204144549,1638720,1,30217499,118541
4,2,1,60,2,0,909997553,2,2500786,204144549,1638720,1,30217499,118541
4,2,1,60,2,0,875320136,3,2500786,204144549,1638720,1,30217499,118541
4,2,1,60,2,0,2074582277,5,2500786,204144549,1638720,1,30217499,118541
4,2,1,60,2,0,78978066,7,2500786,204144549,1638720,1,30217499,118541
4,2,1,60,2,0,607082537,6,2500786,204144549,1638720,1,30217499,118541
4,2,1,60,2,0,1617513325,8,2500786,204144549,1638720,1,30217499,118541
4,2,1,60,5,0,1097176652,0,2500888,203068993,1641600,1,30216877,123156
4,2,1,60,2,0,186753800,9,2500786,204144549,1638720,1,30217499,118541
4,2,1,60,5,0,731517326,1,2500888,203068993,1641600,1,30216877,123156
4,2,1,60,5,0,258170698,2,2500888,203068993,1641600,1,30216877,123156
4,2,1,60,5,0,1219828872,3,2500888,203068993,1641600,1,30216877,123156
4,2,1,60,5,0,861982997,4,2500888,203068993,1641600,1,30216877,123156
4,2,1,60,5,0,1165144965,5,2500888,203068993,1641600,1,30216877,123156
4,2,1,60,5,0,1996991502,7,2500888,203068993,1641600,1,30216877,123156
4,2,1,60,5,0,227999411,6,2500888,203068993,1641600,1,30216877,123156
4,2,1,60,5,0,286035346,9,2500888,203068993,1641600,1,30216877,123156
4,2,1,60,5,0,35795037,8,2500888,203068993,1641600,1,30216877,123156
4,2,1,60,10,0,1669218196,0,2500770,203240526,1645920,1,30217189,123324
4,2,1,60,10,0,1165269194,1,2500770,203240526,1645920,1,30217189,123324
4,2,1,60,10,0,1547129428,2,2500770,203240526,1645920,1,30217189,123324
4,2,1,60,10,0,81940786,4,2500770,203240526,1645920,1,30217189,123324
4,2,1,60,10,0,1256258938,5,2500770,203240526,1645920,1,30217189,123324
4,2,1,60,10,0,463390201,3,2500770,203240526,1645920,1,30217189,123324
4,2,1,60,10,0,1635099223,8,2500770,203240526,1645920,1,30217189,123324
4,2,1,60,10,0,1660104622,6,2500770,203240526,1645920,1,30217189,123324
4,2,1,60,10,0,992861641,7,2500770,203240526,1645920,1,30217189,123324
4,2,1,60,20,0,1354873079,0,2500113,204976852,1638720,1,30194066,112176
4,2,1,60,10,0,427794685,9,2500770,203240526,1645920,1,30217189,123324
4,2,1,60,20,0,2081608088,1,2500113,204976852,1638720,1,30194066,112176
4,2,1,60,20,0,378045890,2,2500113,204976852,1638720,1,30194066,112176
4,2,1,60,20,0,800656591,3,2500113,204976852,1638720,1,30194066,112176
4,2,1,60,20,0,854162477,4,2500113,204976852,1638720,1,30194066,112176
4,2,1,60,20,0,1967036002,5,2500113,204976852,1638720,1,30194066,112176
4,2,1,60,20,0,92292243,6,2500113,204976852,1638720,1,30194066,112176
4,2,1,60,30,0,1432670675,0,2501620,204023596,1647360,1,30193128,114444
4,2,1,60,20,0,170735270,7,2500113,204976852,1638720,1,30194066,112176
4,2,1,60,20,0,1062541120,8,2500113,204976852,1638720,1,30194066,112176
4,2,1,60,30,0,2104245546,1,2501620,204023596,1647360,1,30193128,114444
4,2,1,60,20,0,1309653729,9,2500113,204976852,1638720,1,30194066,112176
4,2,1,60,30,0,1689639333,2,2501620,204023596,1647360,1,30193128,114444
4,2,1,60,30,0,1489408344,5,2501620,204023596,1647360,1,30193128,114444
4,2,1,60,30,0,674332429,3,2501620,204023596,1647360,1,30193128,114444
4,2,1,60,30,0,78908105,4,2501620,204023596,1647360,1,30193128,114444
4,2,1,60,30,0,1511455193,6,2501620,204023596,1647360,1,30193128,114444
4,2,1,60,30,0,1298481206,8,2501620,204023596,1647360,1,30193128,114444
4,2,1,60,30,0,1526337459,7,2501620,204023596,1647360,1,30193128,114444
4,2,1,60,30,0,1014491722,9,2501620,204023596,1647360,1,30193128,114444
4,2,1,60,60,0,1184888162,0,2500986,205134356,1761120,1,30200627,98189
4,2,1,60,60,0,1662885003,3,2500986,205134356,1761120,1,30200627,98189
4,2,1,60,60,0,266329625,1,2500986,205134356,1761120,1,30200627,98189
4,2,1,60,60,0,1106724433,2,2500986,205134356,1761120,1,30200627,98189
4,2,1,60,60,0,126555049,4,2500986,205134356,1761120,1,30200627,98189
4,2,1,60,60,0,968870326,6,2500986,205134356,1761120,1,30200627,98189
4,2,1,60,60,0,1687263275,9,2500986,205134356,1761120,1,30200627,98189
4,2,1,60,60,0,1203423402,5,2500986,205134356,1761120,1,30200627,98189
4,2,1,60,60,0,651581691,7,2500986,205134356,1761120,1,30200627,98189
4,2,1,60,60,0,1467960342,8,2500986,205134356,1761120,1,30200627,98189
4,2,1,120,0,0,377076704,1,2500877,201582891,1638720,1,30243122,147113
4,2,1,120,0,0,589530134,0,2500877,201582891,1638720,1,30243122,147113
4,2,1,120,0,0,1641567077,2,2500877,201582891,1638720,1,30243122,147113
4,2,1,120,0,0,976795716,3,2500877,201582891,1638720,1,30243122,147113
4,2,1,120,0,0,1792433036,4,2500877,201582891,1638720,1,30243122,147113
4,2,1,120,0,0,1032341816,5,2500877,201582891,1638720,1,30243122,147113
4,2,1,120,0,0,656052639,6,2500877,201582891,1638720,1,30243122,147113
4,2,1,120,0,0,1341673745,8,2500877,201582891,1638720,1,30243122,147113
4,2,1,120,0,0,1831653186,7,2500877,201582891,1638720,1,30243122,147113
4,2,1,120,0,0,1414267186,9,2500877,201582891,1638720,1,30243122,147113
4,2,1,120,2,0,565956995,1,2500751,202820207,1638720,1,30236248,148021
4,2,1,120,2,0,1929166962,0,2500751,202820207,1638720,1,30236248,148021
4,2,1,120,2,0,888015719,2,2500751,202820207,1638720,1,30236248,148021
4,2,1,120,2,0,868915819,4,2500751,202820207,1638720,1,30236248,148021
4,2,1,120,2,0,593176411,5,2500751,202820207,1638720,1,30236248,148021
4,2,1,120,2,0,595181663,3,2500751,202820207,1638720,1,30236248,148021
4,2,1,120,2,0,580905051,7,2500751,202820207,1638720,1,30236248,148021
4,2,1,120,2,0,1327137995,6,2500751,202820207,1638720,1,30236248,148021
4,2,1,120,2,0,1847112068,8,2500751,202820207,1638720,1,30236248,148021
4,2,1,120,2,0,623424790,9,2500751,202820207,1638720,1,30236248,148021
4,2,1,120,5,0,508469555,3,2501150,203199795,1638720,1,30234999,146803
4,2,1,120,5,0,1363635846,1,2501150,203199795,1638720,1,30234999,146803
4,2,1,120,5,0,678810634,0,2501150,203199795,1638720,1,30234999,146803
4,2,1,120,5,0,291259085,2,2501150,203199795,1638720,1,30234999,146803
4,2,1,120,5,0,790854733,4,2501150,203199795,1638720,1,30234999,146803
4,2,1,120,5,0,1364071251,5,2501150,203199795,1638720,1,30234999,146803
4,2,1,120,5,0,625015806,6,2501150,203199795,1638720,1,30234999,146803
4,2,1,120,5,0,126630005,7,2501150,203199795,1638720,1,30234999,146803
4,2,1,120,10,0,1766312876,0,2500648,203184356,1638720,1,30234686,144691
4,2,1,120,5,0,1368752128,8,2501150,203199795,1638720,1,30234999,146803
4,2,1,120,5,0,1778288911,9,2501150,203199795,1638720,1,30234999,146803
4,2,1,120,10,0,1302870199,1,2500648,203184356,1638720,1,30234686,144691
4,2,1,120,10,0,1902689772,2,2500648,203184356,1638720,1,30234686,144691
4,2,1,120,10,0,807168703,5,2500648,203184356,1638720,1,30234686,144691
4,2,1,120,10,0,652650570,4,2500648,203184356,1638720,1,30234686,144691
4,2,1,120,10,0,1175945569,3,2500648,203184356,1638720,1,30234686,144691
4,2,1,120,10,0,458579821,6,2500648,203184356,1638720,1,30234686,144691
4,2,1,120,10,0,564985269,7,2500648,203184356,1638720,1,30234686,144691
4,2,1,120,10,0,112520487,9,2500648,203184356,1638720,1,30234686,144691
4,2,1,120,20,0,1146166176,0,2500659,201755867,1638720,1,30241875,149328
4,2,1,120,10,0,793480168,8,2500648,203184356,1638720,1,30234686,144691
4,2,1,120,20,0,991761103,3,2500659,201755867,1638720,1,30241875,149328
4,2,1,120,20,0,997216402,2,2500659,201755867,1638720,1,30241875,149328
4,2,1,120,20,0,991756673,1,2500659,201755867,1638720,1,30241875,149328
4,2,1,120,20,0,1543015709,5,2500659,201755867,1638720,1,30241875,149328
4,2,1,120,20,0,2046990957,7,2500659,201755867,1638720,1,30241875,149328
4,2,1,120,20,0,112032032,4,2500659,201755867,1638720,1,30241875,149328
4,2,1,120,20,0,575897664,8,2500659,201755867,1638720,1,30241875,149328
4,2,1,120,20,0,341344355,6,2500659,201755867,1638720,1,30241875,149328
4,2,1,120,20,0,2013323898,9,2500659,201755867,1638720,1,30241875,149328
4,2,1,120,30,0,1606143397,0,2500867,202554441,1638720,1,30229372,139816
4,2,1,120,30,0,790172950,1,2500867,202554441,1638720,1,30229372,139816
4,2,1,120,30,0,1664129261,2,2500867,202554441,1638720,1,30229372,139816
4,2,1,120,30,0,2035157048,4,2500867,202554441,1638720,1,30229372,139816
4,2,1,120,30,0,590612666,5,2500867,202554441,1638720,1,30229372,139816
4,2,1,120,30,0,2110742781,3,2500867,202554441,1638720,1,30229372,139816
4,2,1,120,30,0,703457120,6,2500867,202554441,1638720,1,30229372,139816
4,2,1,120,30,0,830044665,7,2500867,202554441,1638720,1,30229372,139816
4,2,1,120,30,0,138424884,9,2500867,202554441,1638720,1,30229372,139816
4,2,1,120,30,0,971835392,8,2500867,202554441,1638720,1,30229372,139816
4,2,1,120,60,0,1754877060,0,2500957,202818803,1699200,1,30237808,152797
4,2,1,120,60,0,1159034297,2,2500957,202818803,1699200,1,30237808,152797
4,2,1,120,60,0,64485730,1,2500957,202818803,1699200,1,30237808,152797
4,2,1,120,60,0,871163569,5,2500957,202818803,1699200,1,30237808,152797
4,2,1,120,60,0,955863041,4,2500957,202818803,1699200,1,30237808,152797
4,2,1,120,60,0,1774010584,3,2500957,202818803,1699200,1,30237808,152797
4,2,1,120,60,0,878587567,6,2500957,202818803,1699200,1,30237808,152797
4,2,1,120,60,0,284053367,7,2500957,202818803,1699200,1,30237808,152797
4,2,1,120,60,0,760545067,8,2500957,202818803,1699200,1,30237808,152797
5,0,2,30,0,0,2104288707,0,1500947,66442918,1328372,1,9963219,3622628
4,2,1,120,60,0,1886715571,9,2500957,202818803,1699200,1,30237808,152797
5,0,2,30,0,0,1965140504,2,1500947,66442918,1328372,1,9963219,3622628
5,0,2,30,0,0,1395416065,1,1500947,66442918,1328372,1,9963219,3622628
5,0,2,30,0,0,1059928520,3,1500947,66442918,1328372,1,9963219,3622628
5,0,2,30,0,0,1836337675,4,1500947,66442918,1328372,1,9963219,3622628
5,0,2,30,0,0,1738889526,5,1500947,66442918,1328372,1,9963219,3622628
5,0,2,30,0,0,1633694617,7,1500947,66442918,1328372,1,9963219,3622628
5,0,2,30,0,0,179642495,6,1500947,66442918,1328372,1,9963219,3622628
5,0,2,30,0,0,1343884495,8,1500947,66442918,1328372,1,9963219,3622628
5,0,2,30,2,0,165407669,0,1500947,66442918,1328372,1,9963219,3622628
5,0,2,30,0,0,1692864410,9,1500947,66442918,1328372,1,9963219,3622628
5,0,2,30,2,0,1939648421,2,1500947,66442918,1328372,1,9963219,3622628
5,0,2,30,2,0,469509900,1,1500947,66442918,1328372,1,9963219,3622628
5,0,2,30,2,0,182174975,4,1500947,66442918,1328372,1,9963219,3622628
5,0,2,30,2,0,1962372361,3,1500947,66442918,1328372,1,9963219,3622628
5,0,2,30,2,0,1055366449,5,1500947,66442918,1328372,1,9963219,3622628
5,0,2,30,2,0,1663861118,8,1500947,66442918,1328372,1,9963219,3622628
5,0,2,30,2,0,1699137133,6,1500947,66442918,1328372,1,9963219,3622628
5,0,2,30,2,0,168584421,7,1500947,66442918,1328372,1,9963219,3622628
5,0,2,30,2,0,211722336,9,1500947,66442918,1328372,1,9963219,3622628
5,0,2,30,5,0,815401018,0,1500947,66442918,1328372,1,9963219,3622628
5,0,2,30,5,0,1887869509,2,1500947,66442918,1328372,1,9963219,3622628
5,0,2,30,5,0,1250605847,1,1500947,66442918,1328372,1,9963219,3622628
5,0,2,30,5,0,1308050094,4,1500947,66442918,1328372,1,9963219,3622628
5,0,2,30,5,0,1227993812,5,1500947,66442918,1328372,1,9963219,3622628
5,0,2,30,5,0,1709568319,3,1500947,66442918,1328372,1,9963219,3622628
5,0,2,30,5,0,1981470996,6,1500947,66442918,1328372,1,9963219,3622628
5,0,2,30,5,0,715054503,7,1500947,66442918,1328372,1,9963219,3622628
5,0,2,30,10,0,234276135,0,1500947,66442918,1328372,1,9963219,3622628
5,0,2,30,5,0,1814461270,8,1500947,66442918,1328372,1,9963219,3622628
5,0,2,30,5,0,1264523083,9,1500947,66442918,1328372,1,9963219,3622628
5,0,2,30,10,0,610914498,1,1500947,66442918,1328372,1,9963219,3622628
5,0,2,30,10,0,1991056435,2,1500947,66442918,1328372,1,9963219,3622628
5,0,2,30,10,0,1940028539,3,1500947,66442918,1328372,1,9963219,3622628
5,0,2,30,10,0,388440314,4,1500947,66442918,1328372,1,9963219,3622628
5,0,2,30,10,0,486068287,5,1500947,66442918,1328372,1,9963219,3622628
5,0,2,30,10,0,772112249,6,1500947,66442918,1328372,1,9963219,3622628
5,0,2,30,10,0,581137750,7,1500947,66442918,1328372,1,9963219,3622628
5,0,2,30,10,0,1688208703,8,1500947,66442918,1328372,1,9963219,3622628
5,0,2,30,10,0,1776223687,9,1500947,66442918,1328372,1,9963219,3622628
5,0,2,30,20,0,1389254115,0,1500947,66442918,1328372,1,9963219,3622628
5,0,2,30,20,0,1936540028,1,1500947,66442918,1328372,1,9963219,3622628
5,0,2,30,20,0,106996713,2,1500947,66442918,1328372,1,9963219,3622628
5,0,2,30,20,0,1948543914,4,1500947,66442918,1328372,1,9963219,3622628
5,0,2,30,20,0,768277634,3,1500947,66442918,1328372,1,9963219,3622628
5,0,2,30,20,0,867291356,5,1500947,66442918,1328372,1,9963219,3622628
5,0,2,30,20,0,1952849519,6,1500947,66442918,1328372,1,9963219,3622628
5,0,2,30,20,0,387318705,7,1500947,66442918,1328372,1,9963219,3622628
5,0,2,30,20,0,1074095288,8,1500947,66442918,1328372,1,9963219,3622628
5,0,2,30,20,0,1391890561,9,1500947,66442918,1328372,1,9963219,3622628
5,0,2,30,30,0,704348972,0,1500947,66442918,1328372,1,9963219,3622628
5,0,2,30,30,0,530618370,1,1500947,66442918,1328372,1,9963219,3622628
5,0,2,30,30,0,391663395,2,1500947,66442918,1328372,1,9963219,3622628
5,0,2,30,30,0,490334658,3,1500947,66442918,1328372,1,9963219,3622628
5,0,2,30,30,0,1930151511,4,1500947,66442918,1328372,1,9963219,3622628
5,0,2,30,30,0,366388824,6,1500947,66442918,1328372,1,9963219,3622628
5,0,2,30,30,0,1649642719,7,1500947,66442918,1328372,1,9963219,3622628
5,0,2,30,30,0,1558830012,5,1500947,66442918,1328372,1,9963219,3622628
5,0,2,30,30,0,1626412328,9,1500947,66442918,1328372,1,9963219,3622628
5,0,2,30,30,0,686763846,8,1500947,66442918,1328372,1,9963219,3622628
5,0,2,60,0,0,1634694666,0,1500973,66485517,1328372,1,9956457,3683202
5,0,2,60,0,0,188575177,1,1500973,66485517,1328372,1,9956457,3683202
5,0,2,60,0,0,696317695,5,1500973,66485517,1328372,1,9956457,3683202
5,0,2,60,0,0,644630523,4,1500973,66485517,1328372,1,9956457,3683202
5,0,2,60,0,0,1439643578,3,1500973,66485517,1328372,1,9956457,3683202
5,0,2,60,0,0,733945397,2,1500973,66485517,1328372,1,9956457,3683202
5,0,2,60,0,0,621083944,6,1500973,66485517,1328372,1,9956457,3683202
5,0,2,60,0,0,768226906,7,1500973,66485517,1328372,1,9956457,3683202
5,0,2,60,0,0,1802089646,9,1500973,66485517,1328372,1,9956457,3683202
5,0,2,60,2,0,1323117098,0,1500973,66485517,1328372,1,9956457,3683202
5,0,2,60,0,0,220376885,8,1500973,66485517,1328372,1,9956457,3683202
5,0,2,60,2,0,1916664525,2,1500973,66485517,1328372,1,9956457,3683202
5,0,2,60,2,0,1329370993,1,1500973,66485517,1328372,1,9956457,3683202
5,0,2,60,2,0,1240302958,3,1500973,66485517,1328372,1,9956457,3683202
5,0,2,60,2,0,776083520,4,1500973,66485517,1328372,1,9956457,3683202
5,0,2,60,2,0,504890477,5,1500973,66485517,1328372,1,9956457,3683202
5,0,2,60,2,0,15173668,8,1500973,66485517,1328372,1,9956457,3683202
5,0,2,60,2,0,565093275,6,1500973,66485517,1328372,1,9956457,3683202
5,0,2,60,2,0,871241447,7,1500973,66485517,1328372,1,9956457,3683202
5,0,2,60,5,0,52431950,0,1500973,66485517,1328372,1,9956457,3683202
5,0,2,60,2,0,1087103368,9,1500973,66485517,1328372,1,9956457,3683202
5,0,2,60,5,0,2137294302,2,1500973,66485517,1328372,1,9956457,3683202
5,0,2,60,5,0,1969855215,1,1500973,66485517,1328372,1,9956457,3683202
5,0,2,60,5,0,2141652101,3,1500973,66485517,1328372,1,9956457,3683202
5,0,2,60,5,0,24698406,4,1500973,66485517,1328372,1,9956457,3683202
5,0,2,60,5,0,2119423746,5,1500973,66485517,1328372,1,9956457,3683202
5,0,2,60,5,0,1021679756,6,1500973,66485517,1328372,1,9956457,3683202
5,0,2,60,5,0,931466076,7,1500973,66485517,1328372,1,9956457,3683202
5,0,2,60,5,0,2043167435,8,1500973,66485517,1328372,1,9956457,3683202
5,0,2,60,5,0,1948791953,9,1500973,66485517,1328372,1,9956457,3683202
5,0,2,60,10,0,341041534,2,1500973,66485517,1328372,1,9956457,3683202
5,0,2,60,10,0,1761586711,0,1500973,66485517,1328372,1,9956457,3683202
5,0,2,60,10,0,28230917,3,1500973,66485517,1328372,1,9956457,3683202
5,0,2,60,10,0,1897840239,1,1500973,66485517,1328372,1,9956457,3683202
5,0,2,60,10,0,1194485961,5,1500973,66485517,1328372,1,9956457,3683202
5,0,2,60,10,0,1051035049,4,1500973,66485517,1328372,1,9956457,3683202
5,0,2,60,10,0,210104660,7,1500973,66485517,1328372,1,9956457,3683202
5,0,2,60,10,0,793881710,8,1500973,66485517,1328372,1,9956457,3683202
5,0,2,60,10,0,636755414,9,1500973,66485517,1328372,1,9956457,3683202
5,0,2,60,10,0,891796718,6,1500973,66485517,1328372,1,9956457,3683202
5,0,2,60,20,0,1499028775,1,1500973,66485517,1328372,1,9956457,3683202
5,0,2,60,20,0,236497814,0,1500973,66485517,1328372,1,9956457,3683202
5,0,2,60,20,0,624378340,3,1500973,66485517,1328372,1,9956457,3683202
5,0,2,60,20,0,139294754,4,1500973,66485517,1328372,1,9956457,3683202
5,0,2,60,20,0,1281796685,5,1500973,66485517,1328372,1,9956457,3683202
5,0,2,60,20,0,157715720,2,1500973,66485517,1328372,1,9956457,3683202
5,0,2,60,20,0,1422111278,6,1500973,66485517,1328372,1,9956457,3683202
5,0,2,60,30,0,1790816346,0,1500973,66485517,1328372,1,9956457,3683202
5,0,2,60,20,0,467668878,9,1500973,66485517,1328372,1,9956457,3683202
5,0,2,60,20,0,376680187,7,1500973,66485517,1328372,1,9956457,3683202
5,0,2,60,30,0,765571034,1,1500973,66485517,1328372,1,9956457,3683202
5,0,2,60,20,0,210588114,8,1500973,66485517,1328372,1,9956457,3683202
5,0,2,60,30,0,692929517,2,1500973,66485517,1328372,1,9956457,3683202
5,0,2,60,30,0,1955661068,5,1500973,66485517,1328372,1,9956457,3683202
5,0,2,60,30,0,1546998451,6,1500973,66485517,1328372,1,9956457,3683202
5,0,2,60,30,0,1221405125,3,1500973,66485517,1328372,1,9956457,3683202
5,0,2,60,30,0,762009939,4,1500973,66485517,1328372,1,9956457,3683202
5,0,2,60,30,0,399974336,8,1500973,66485517,1328372,1,9956457,3683202
5,0,2,60,30,0,153931824,7,1500973,66485517,1328372,1,9956457,3683202
5,0,2,60,30,0,1285460026,9,1500973,66485517,1328372,1,9956457,3683202
5,0,2,60,60,0,1386509305,0,1500973,66485517,1328372,1,9956457,3683202
5,0,2,60,60,0,1582993601,1,1500973,66485517,1328372,1,9956457,3683202
5,0,2,60,60,0,1627532118,2,1500973,66485517,1328372,1,9956457,3683202
5,0,2,60,60,0,1835341895,4,1500973,66485517,1328372,1,9956457,3683202
5,0,2,60,60,0,290626163,3,1500973,66485517,1328372,1,9956457,3683202
5,0,2,60,60,0,1257706935,6,1500973,66485517,1328372,1,9956457,3683202
5,0,2,60,60,0,278854464,5,1500973,66485517,1328372,1,9956457,3683202
5,0,2,60,60,0,2022142957,7,1500973,66485517,1328372,1,9956457,3683202
5,0,2,60,60,0,577869770,8,1500973,66485517,1328372,1,9956457,3683202
5,0,2,60,60,0,524085789,9,1500973,66485517,1328372,1,9956457,3683202
5,0,2,120,0,0,901278986,3,0,524288000,1328372,0,0,0
5,0,2,120,0,0,1777076693,2,0,524288000,1328372,0,0,0
5,0,2,120,0,0,1178618666,0,0,524288000,1328372,0,0,0
5,0,2,120,0,0,1413939856,1,0,524288000,1328372,0,0,0
5,0,2,120,0,0,249900899,5,0,524288000,1328372,0,0,0
5,0,2,120,0,0,897867121,4,0,524288000,1328372,0,0,0
5,0,2,120,0,0,376538681,7,0,524288000,1328372,0,0,0
5,0,2,120,0,0,469449533,6,0,524288000,1328372,0,0,0
5,0,2,120,0,0,2077316693,8,0,524288000,1328372,0,0,0
5,0,2,120,0,0,1233460089,9,0,524288000,1328372,0,0,0
5,0,2,120,2,0,1834181259,0,0,524288000,1328372,0,0,0
5,0,2,120,2,0,1359308025,1,0,524288000,1328372,0,0,0
5,0,2,120,2,0,557113691,4,0,524288000,1328372,0,0,0
5,0,2,120,2,0,1115231376,2,0,524288000,1328372,0,0,0
5,0,2,120,2,0,1519788533,3,0,524288000,1328372,0,0,0
5,0,2,120,2,0,2137781804,6,0,524288000,1328372,0,0,0
5,0,2,120,2,0,2115290517,7,0,524288000,1328372,0,0,0
5,0,2,120,2,0,2132008551,5,0,524288000,1328372,0,0,0
5,0,2,120,2,0,772695667,8,0,524288000,1328372,0,0,0
5,0,2,120,2,0,999531839,9,0,524288000,1328372,0,0,0
5,0,2,120,5,0,1247636714,0,0,524288000,1328372,0,0,0
5,0,2,120,5,0,831314297,1,0,524288000,1328372,0,0,0
5,0,2,120,5,0,6789986,2,0,524288000,1328372,0,0,0
5,0,2,120,5,0,507695800,3,0,524288000,1328372,0,0,0
5,0,2,120,5,0,1996668602,5,0,524288000,1328372,0,0,0
5,0,2,120,5,0,103022527,4,0,524288000,1328372,0,0,0
5,0,2,120,5,0,1780831278,8,0,524288000,1328372,0,0,0
5,0,2,120,5,0,890479160,7,0,524288000,1328372,0,0,0
5,0,2,120,5,0,506487119,6,0,524288000,1328372,0,0,0
5,0,2,120,5,0,1778293161,9,0,524288000,1328372,0,0,0
5,0,2,120,10,0,195387472,0,0,524288000,1328372,0,0,0
5,0,2,120,10,0,1433626831,1,0,524288000,1328372,0,0,0
5,0,2,120,10,0,1501735492,2,0,524288000,1328372,0,0,0
5,0,2,120,10,0,864092191,5,0,524288000,1328372,0,0,0
5,0,2,120,10,0,48521386,4,0,524288000,1328372,0,0,0
5,0,2,120,10,0,911984483,3,0,524288000,1328372,0,0,0
5,0,2,120,10,0,1092714915,7,0,524288000,1328372,0,0,0
5,0,2,120,10,0,1209577476,6,0,524288000,1328372,0,0,0
5,0,2,120,10,0,291353679,8,0,524288000,1328372,0,0,0
5,0,2,120,20,0,1289709951,0,0,524288000,1328372,0,0,0
5,0,2,120,10,0,1321873046,9,0,524288000,1328372,0,0,0
5,0,2,120,20,0,1391242279,1,0,524288000,1328372,0,0,0
5,0,2,120,20,0,1431439122,4,0,524288000,1328372,0,0,0
5,0,2,120,20,0,1466136834,5,0,524288000,1328372,0,0,0
5,0,2,120,20,0,26333597,2,0,524288000,1328372,0,0,0
5,0,2,120,20,0,488925154,3,0,524288000,1328372,0,0,0
5,0,2,120,20,0,1701018911,6,0,524288000,1328372,0,0,0
5,0,2,120,20,0,125058196,7,0,524288000,1328372,0,0,0
5,0,2,120,20,0,833290584,9,0,524288000,1328372,0,0,0
5,0,2,120,30,0,1419550393,0,0,524288000,1328372,0,0,0
5,0,2,120,30,0,1451427715,1,0,524288000,1328372,0,0,0
5,0,2,120,20,0,754321211,8,0,524288000,1328372,0,0,0
5,0,2,120,30,0,2037963908,3,0,524288000,1328372,0,0,0
5,0,2,120,30,0,2057754346,2,0,524288000,1328372,0,0,0
5,0,2,120,30,0,583058549,5,0,524288000,1328372,0,0,0
5,0,2,120,30,0,152721525,4,0,524288000,1328372,0,0,0
5,0,2,120,30,0,2068007538,6,0,524288000,1328372,0,0,0
5,0,2,120,30,0,1439285007,9,0,524288000,1328372,0,0,0
5,0,2,120,30,0,1978338959,8,0,524288000,1328372,0,0,0
5,0,2,120,30,0,667379034,7,0,524288000,1328372,0,0,0
5,0,2,120,60,0,1777914852,1,0,524288000,1328372,0,0,0
5,0,2,120,60,0,1986293827,0,0,524288000,1328372,0,0,0
5,0,2,120,60,0,80395064,5,0,524288000,1328372,0,0,0
5,0,2,120,60,0,240613868,2,0,524288000,1328372,0,0,0
5,0,2,120,60,0,1285671613,3,0,524288000,1328372,0,0,0
5,0,2,120,60,0,1355074379,4,0,524288000,1328372,0,0,0
5,0,2,120,60,0,894480510,6,0,524288000,1328372,0,0,0
5,0,2,120,60,0,1518681304,8,0,524288000,1328372,0,0,0
5,2,0,30,0,0,1204566630,1,1500459,348524791,5005496,1,51014041,7235366
5,2,0,30,0,0,641259710,0,1500459,348524791,5005496,1,51014041,7235366
5,0,2,120,60,0,1424723488,7,0,524288000,1328372,0,0,0
5,0,2,120,60,0,284382838,9,0,524288000,1328372,0,0,0
5,2,0,30,0,0,133887735,2,1500459,348524791,5005496,1,51014041,7235366
5,2,0,30,0,0,1611646876,4,1500459,348524791,5005496,1,51014041,7235366
5,2,0,30,0,0,1456648525,3,1500459,348524791,5005496,1,51014041,7235366
5,2,0,30,0,0,1673174406,6,1500459,348524791,5005496,1,51014041,7235366
5,2,0,30,0,0,712833513,5,1500459,348524791,5005496,1,51014041,7235366
5,2,0,30,0,0,804786298,7,1500459,348524791,5005496,1,51014041,7235366
5,2,0,30,0,0,1324058623,9,1500459,348524791,5005496,1,51014041,7235366
5,2,0,30,0,0,501843874,8,1500459,348524791,5005496,1,51014041,7235366
5,2,0,30,2,0,135842149,1,1500459,348524791,5005496,1,51014041,7235366
5,2,0,30,2,0,1166072514,2,1500459,348524791,5005496,1,51014041,7235366
5,2,0,30,2,0,1350764609,0,1500459,348524791,5005496,1,51014041,7235366
5,2,0,30,2,0,1777556269,3,1500459,348524791,5005496,1,51014041,7235366
5,2,0,30,2,0,2134832539,5,1500459,348524791,5005496,1,51014041,7235366
5,2,0,30,2,0,1595939306,7,1500459,348524791,5005496,1,51014041,7235366
5,2,0,30,2,0,1020665694,6,1500459,348524791,5005496,1,51014041,7235366
5,2,0,30,2,0,1940922893,8,1500459,348524791,5005496,1,51014041,7235366
5,2,0,30,2,0,372793655,4,1500459,348524791,5005496,1,51014041,7235366
5,2,0,30,5,0,928313711,0,1500459,348524791,5005496,1,51014041,7235366
5,2,0,30,5,0,751674031,2,1500459,348524791,5005496,1,51014041,7235366
5,2,0,30,5,0,1298447203,1,1500459,348524791,5005496,1,51014041,7235366
5,2,0,30,5,0,482029643,3,1500459,348524791,5005496,1,51014041,7235366
5,2,0,30,2,0,1299780396,9,1500459,348524791,5005496,1,51014041,7235366
5,2,0,30,5,0,1607244157,4,1500459,348524791,5005496,1,51014041,7235366
5,2,0,30,5,0,160610438,5,1500459,348524791,5005496,1,51014041,7235366
5,2,0,30,5,0,1905995222,8,1500459,348524791,5005496,1,51014041,7235366
5,2,0,30,5,0,397731675,7,1500459,348524791,5005496,1,51014041,7235366
5,2,0,30,5,0,107094028,9,1500459,348524791,5005496,1,51014041,7235366
5,2,0,30,5,0,868006057,6,1500459,348524791,5005496,1,51014041,7235366
5,2,0,30,10,0,661759010,1,1500459,348524791,5005496,1,51014041,7235366
5,2,0,30,10,0,2073022618,0,1500459,348524791,5005496,1,51014041,7235366
5,2,0,30,10,0,816952955,2,1500459,348524791,5005496,1,51014041,7235366
5,2,0,30,10,0,1332980508,5,1500459,348524791,5005496,1,51014041,7235366
5,2,0,30,10,0,1460786685,3,1500459,348524791,5005496,1,51014041,7235366
5,2,0,30,10,0,2076496184,4,1500459,348524791,5005496,1,51014041,7235366
5,2,0,30,10,0,1405905813,6,1500459,348524791,5005496,1,51014041,7235366
5,2,0,30,10,0,421987239,8,1500459,348524791,5005496,1,51014041,7235366
5,2,0,30,10,0,570015858,9,1500459,348524791,5005496,1,51014041,7235366
5,2,0,30,10,0,615447530,7,1500459,348524791,5005496,1,51014041,7235366
5,2,0,30,20,0,881271916,0,1500459,348524791,5005496,1,51014041,7235366
5,2,0,30,20,0,156991958,1,1500459,348524791,5005496,1,51014041,7235366
5,2,0,30,20,0,1972972298,2,1500459,348524791,5005496,1,51014041,7235366
5,2,0,30,20,0,1335654591,6,1500459,348524791,5005496,1,51014041,7235366
5,2,0,30,20,0,497511785,4,1500459,348524791,5005496,1,51014041,7235366
5,2,0,30,20,0,1664678697,3,1500459,348524791,5005496,1,51014041,7235366
5,2,0,30,20,0,17651775,5,1500459,348524791,5005496,1,51014041,7235366
5,2,0,30,20,0,189107235,7,1500459,348524791,5005496,1,51014041,7235366
5,2,0,30,20,0,373988120,8,1500459,348524791,5005496,1,51014041,7235366
5,2,0,30,30,0,2005216731,0,1500459,348524791,5005496,1,51014041,7235366
5,2,0,30,20,0,1431468604,9,1500459,348524791,5005496,1,51014041,7235366
5,2,0,30,30,0,1342094845,3,1500459,348524791,5005496,1,51014041,7235366
5,2,0,30,30,0,198168828,1,1500459,348524791,5005496,1,51014041,7235366
5,2,0,30,30,0,442823293,2,1500459,348524791,5005496,1,51014041,7235366
5,2,0,30,30,0,96551970,4,1500459,348524791,5005496,1,51014041,7235366
5,2,0,30,30,0,1340643544,5,1500459,348524791,5005496,1,51014041,7235366
5,2,0,30,30,0,826977245,9,1500459,348524791,5005496,1,51014041,7235366
5,2,0,30,30,0,1378170698,7,1500459,348524791,5005496,1,51014041,7235366
5,2,0,30,30,0,901280364,6,1500459,348524791,5005496,1,51014041,7235366
5,2,0,30,30,0,861379367,8,1500459,348524791,5005496,1,51014041,7235366
5,2,0,60,0,0,1230797512,0,1500211,346844213,5011756,1,50900064,7287183
5,2,0,60,0,0,1370737909,2,1500211,346844213,5011756,1,50900064,7287183
5,2,0,60,0,0,1188200713,1,1500211,346844213,5011756,1,50900064,7287183
5,2,0,60,0,0,1894577179,3,1500211,346844213,5011756,1,50900064,7287183
5,2,0,60,0,0,505306513,4,1500211,346844213,5011756,1,50900064,7287183
5,2,0,60,0,0,1171040915,5,1500211,346844213,5011756,1,50900064,7287183
5,2,0,60,0,0,641327636,6,1500211,346844213,5011756,1,50900064,7287183
5,2,0,60,0,0,676440254,7,1500211,346844213,5011756,1,50900064,7287183
5,2,0,60,0,0,491603670,9,1500211,346844213,5011756,1,50900064,7287183
5,2,0,60,2,0,65527073,0,1500211,346844213,5011756,1,50900064,7287183
5,2,0,60,0,0,1175261501,8,1500211,346844213,5011756,1,50900064,7287183
5,2,0,60,2,0,887243074,2,1500211,346844213,5011756,1,50900064,7287183
5,2,0,60,2,0,1504604930,3,1500211,346844213,5011756,1,50900064,7287183
5,2,0,60,2,0,439698549,1,1500211,346844213,5011756,1,50900064,7287183
5,2,0,60,2,0,1367882278,4,1500211,346844213,5011756,1,50900064,7287183
5,2,0,60,2,0,1164159934,5,1500211,346844213,5011756,1,50900064,7287183
5,2,0,60,2,0,607981933,6,1500211,346844213,5011756,1,50900064,7287183
5,2,0,60,2,0,1216625499,7,1500211,346844213,5011756,1,50900064,7287183
5,2,0,60,2,0,1051515688,8,1500211,346844213,5011756,1,50900064,7287183
5,2,0,60,5,0,305985809,0,1500211,346844213,5011756,1,50900064,7287183
5,2,0,60,2,0,735620429,9,1500211,346844213,5011756,1,50900064,7287183
5,2,0,60,5,0,1454872478,2,1500211,346844213,5011756,1,50900064,7287183
5,2,0,60,5,0,1337356436,1,1500211,346844213,5011756,1,50900064,7287183
5,2,0,60,5,0,1905452099,3,1500211,346844213,5011756,1,50900064,7287183
5,2,0,60,5,0,217867296,4,1500211,346844213,5011756,1,50900064,7287183
5,2,0,60,5,0,558663601,5,1500211,346844213,5011756,1,50900064,7287183
5,2,0,60,5,0,124522637,6,1500211,346844213,5011756,1,50900064,7287183
5,2,0,60,5,0,2021793892,7,1500211,346844213,5011756,1,50900064,7287183
5,2,0,60,10,0,1647547914,0,1500211,346844213,5011756,1,50900064,7287183
5,2,0,60,5,0,216706931,8,1500211,346844213,5011756,1,50900064,7287183
5,2,0,60,10,0,231068718,1,1500211,346844213,5011756,1,50900064,7287183
5,2,0,60,5,0,454952643,9,1500211,346844213,5011756,1,50900064,7287183
5,2,0,60,10,0,369880788,2,1500211,346844213,5011756,1,50900064,7287183
5,2,0,60,10,0,1831656441,3,1500211,346844213,5011756,1,50900064,7287183
5,2,0,60,10,0,1683269674,4,1500211,346844213,5011756,1,50900064,7287183
5,2,0,60,10,0,1914852173,6,1500211,346844213,5011756,1,50900064,7287183
5,2,0,60,10,0,1341922388,8,1500211,346844213,5011756,1,50900064,7287183
5,2,0,60,10,0,768726107,5,1500211,346844213,5011756,1,50900064,7287183
5,2,0,60,10,0,1427355471,9,1500211,346844213,5011756,1,50900064,7287183
5,2,0,60,10,0,1527394794,7,1500211,346844213,5011756,1,50900064,7287183
5,2,0,60,20,0,851035458,0,1500211,346844213,5011756,1,50900064,7287183
5,2,0,60,20,0,337350808,1,1500211,346844213,5011756,1,50900064,7287183
5,2,0,60,20,0,2000146357,2,1500211,346844213,5011756,1,50900064,7287183
5,2,0,60,20,0,399071914,4,1500211,346844213,5011756,1,50900064,7287183
5,2,0,60,20,0,566056427,3,1500211,346844213,5011756,1,50900064,7287183
5,2,0,60,20,0,2011229698,5,1500211,346844213,5011756,1,50900064,7287183
5,2,0,60,20,0,417741397,6,1500211,346844213,5011756,1,50900064,7287183
5,2,0,60,20,0,1956719117,7,1500211,346844213,5011756,1,50900064,7287183
5,2,0,60,20,0,1333122138,8,1500211,346844213,5011756,1,50900064,7287183
5,2,0,60,30,0,2020979143,0,1500211,346844213,5011756,1,50900064,7287183
5,2,0,60,20,0,1998863011,9,1500211,346844213,5011756,1,50900064,7287183
5,2,0,60,30,0,617279928,3,1500211,346844213,5011756,1,50900064,7287183
5,2,0,60,30,0,961189885,2,1500211,346844213,5011756,1,50900064,7287183
5,2,0,60,30,0,995119066,1,1500211,346844213,5011756,1,50900064,7287183
5,2,0,60,30,0,1108328175,4,1500211,346844213,5011756,1,50900064,7287183
5,2,0,60,30,0,1561003053,5,1500211,346844213,5011756,1,50900064,7287183
5,2,0,60,30,0,1683957564,6,1500211,346844213,5011756,1,50900064,7287183
5,2,0,60,30,0,787495451,7,1500211,346844213,5011756,1,50900064,7287183
5,2,0,60,30,0,1418747769,8,1500211,346844213,5011756,1,50900064,7287183
5,2,0,60,60,0,1946835949,0,1500211,346844213,5011756,1,50900064,7287183
5,2,0,60,30,0,1394838271,9,1500211,346844213,5011756,1,50900064,7287183
5,2,0,60,60,0,2093825472,1,1500211,346844213,5011756,1,50900064,7287183
5,2,0,60,60,0,129983470,2,1500211,346844213,5011756,1,50900064,7287183
5,2,0,60,60,0,280741389,3,1500211,346844213,5011756,1,50900064,7287183
5,2,0,60,60,0,2041545544,4,1500211,346844213,5011756,1,50900064,7287183
5,2,0,60,60,0,1509426830,6,1500211,346844213,5011756,1,50900064,7287183
5,2,0,60,60,0,484846239,5,1500211,346844213,5011756,1,50900064,7287183
5,2,0,60,60,0,2055795042,7,1500211,346844213,5011756,1,50900064,7287183
5,2,0,60,60,0,1981017924,8,1500211,346844213,5011756,1,50900064,7287183
5,2,0,120,0,0,1497291907,1,1500020,348706906,5011756,1,51014186,12661948
5,2,0,120,0,0,1212286165,0,1500020,348706906,5011756,1,51014186,12661948
5,2,0,60,60,0,733587041,9,1500211,346844213,5011756,1,50900064,7287183
5,2,0,120,0,0,547153061,2,1500020,348706906,5011756,1,51014186,12661948
5,2,0,120,0,0,442090475,3,1500020,348706906,5011756,1,51014186,12661948
5,2,0,120,0,0,1742408003,4,1500020,348706906,5011756,1,51014186,12661948
5,2,0,120,0,0,459481183,5,1500020,348706906,5011756,1,51014186,12661948
5,2,0,120,0,0,304616203,7,1500020,348706906,5011756,1,51014186,12661948
5,2,0,120,0,0,1399599824,6,1500020,348706906,5011756,1,51014186,12661948
5,2,0,120,0,0,1297587456,8,1500020,348706906,5011756,1,51014186,12661948
5,2,0,120,0,0,1979871930,9,1500020,348706906,5011756,1,51014186,12661948
5,2,0,120,2,0,1046645121,3,1500020,348706906,5011756,1,51014186,12661948
5,2,0,120,2,0,1775719463,1,1500020,348706906,5011756,1,51014186,12661948
5,2,0,120,2,0,1721493654,0,1500020,348706906,5011756,1,51014186,12661948
5,2,0,120,2,0,1024673062,2,1500020,348706906,5011756,1,51014186,12661948
5,2,0,120,2,0,682986933,4,1500020,348706906,5011756,1,51014186,12661948
5,2,0,120,2,0,2071783372,5,1500020,348706906,5011756,1,51014186,12661948
5,2,0,120,2,0,1648479139,6,1500020,348706906,5011756,1,51014186,12661948
5,2,0,120,2,0,283725262,7,1500020,348706906,5011756,1,51014186,12661948
5,2,0,120,5,0,1851768689,0,1500020,348706906,5011756,1,51014186,12661948
5,2,0,120,2,0,894376014,9,1500020,348706906,5011756,1,51014186,12661948
5,2,0,120,2,0,1463356163,8,1500020,348706906,5011756,1,51014186,12661948
5,2,0,120,5,0,1869829947,1,1500020,348706906,5011756,1,51014186,12661948
5,2,0,120,5,0,1469741396,2,1500020,348706906,5011756,1,51014186,12661948
5,2,0,120,5,0,743396374,4,1500020,348706906,5011756,1,51014186,12661948
5,2,0,120,5,0,1014275094,3,1500020,348706906,5011756,1,51014186,12661948
5,2,0,120,5,0,2090061251,6,1500020,348706906,5011756,1,51014186,12661948
5,2,0,120,5,0,334553919,5,1500020,348706906,5011756,1,51014186,12661948
5,2,0,120,5,0,1988176599,8,1500020,348706906,5011756,1,51014186,12661948
5,2,0,120,5,0,491012945,7,1500020,348706906,5011756,1,51014186,12661948
5,2,0,120,5,0,1397488262,9,1500020,348706906,5011756,1,51014186,12661948
5,2,0,120,10,0,1912189154,1,1500020,348706906,5011756,1,51014186,12661948
5,2,0,120,10,0,419420333,0,1500020,348706906,5011756,1,51014186,12661948
5,2,0,120,10,0,756661586,2,1500020,348706906,5011756,1,51014186,12661948
5,2,0,120,10,0,1742870683,4,1500020,348706906,5011756,1,51014186,12661948
5,2,0,120,10,0,298962512,5,1500020,348706906,5011756,1,51014186,12661948
5,2,0,120,10,0,1323003336,3,1500020,348706906,5011756,1,51014186,12661948
5,2,0,120,10,0,1627410430,7,1500020,348706906,5011756,1,51014186,12661948
5,2,0,120,10,0,467054653,6,1500020,348706906,5011756,1,51014186,12661948
5,2,0,120,10,0,2122981496,9,1500020,348706906,5011756,1,51014186,12661948
5,2,0,120,10,0,1406207691,8,1500020,348706906,5011756,1,51014186,12661948
5,2,0,120,20,0,596642845,3,1500020,348706906,5011756,1,51014186,12661948
5,2,0,120,20,0,264064129,0,1500020,348706906,5011756,1,51014186,12661948
5,2,0,120,20,0,388836304,1,1500020,348706906,5011756,1,51014186,12661948
5,2,0,120,20,0,934635444,2,1500020,348706906,5011756,1,51014186,12661948
5,2,0,120,20,0,630180604,5,1500020,348706906,5011756,1,51014186,12661948
5,2,0,120,20,0,791717,4,1500020,348706906,5011756,1,51014186,12661948
5,2,0,120,20,0,640879683,6,1500020,348706906,5011756,1,51014186,12661948
5,2,0,120,20,0,1945510312,7,1500020,348706906,5011756,1,51014186,12661948
5,2,0,120,20,0,1251996942,8,1500020,348706906,5011756,1,51014186,12661948
5,2,0,120,20,0,1674962768,9,1500020,348706906,5011756,1,51014186,12661948
5,2,0,120,30,0,1920536604,0,1500020,348706906,5011756,1,51014186,12661948
5,2,0,120,30,0,883310198,2,1500020,348706906,5011756,1,51014186,12661948
5,2,0,120,30,0,1359776840,3,1500020,348706906,5011756,1,51014186,12661948
5,2,0,120,30,0,840381733,1,1500020,348706906,5011756,1,51014186,12661948
5,2,0,120,30,0,1308032847,5,1500020,348706906,5011756,1,51014186,12661948
5,2,0,120,30,0,1287353440,4,1500020,348706906,5011756,1,51014186,12661948
5,2,0,120,30,0,1867138383,6,1500020,348706906,5011756,1,51014186,12661948
5,2,0,120,30,0,34871912,9,1500020,348706906,5011756,1,51014186,12661948
5,2,0,120,30,0,383486488,8,1500020,348706906,5011756,1,51014186,12661948
5,2,0,120,60,0,1736014680,0,1500020,348706906,5011756,1,51014186,12661948
5,2,0,120,30,0,1478605304,7,1500020,348706906,5011756,1,51014186,12661948
5,2,0,120,60,0,1263513519,2,1500020,348706906,5011756,1,51014186,12661948
5,2,0,120,60,0,547847544,1,1500020,348706906,5011756,1,51014186,12661948
5,2,0,120,60,0,268051302,3,1500020,348706906,5011756,1,51014186,12661948
5,2,0,120,60,0,1585800252,4,1500020,348706906,5011756,1,51014186,12661948
5,2,0,120,60,0,228180081,5,1500020,348706906,5011756,1,51014186,12661948
5,2,0,120,60,0,3622015,6,1500020,348706906,5011756,1,51014186,12661948
5,2,0,120,60,0,1542943951,7,1500020,348706906,5011756,1,51014186,12661948
5,0,1,30,0,0,1010353136,1,500012,209390878,1328372,1,30594431,1775782
5,2,0,120,60,0,1212079465,9,1500020,348706906,5011756,1,51014186,12661948
5,0,1,30,0,0,1854203954,2,500012,209390878,1328372,1,30594431,1775782
5,0,1,30,0,0,133937440,0,500012,209390878,1328372,1,30594431,1775782
5,2,0,120,60,0,471150679,8,1500020,348706906,5011756,1,51014186,12661948
5,0,1,30,0,0,1693369537,3,500012,209390878,1328372,1,30594431,1775782
5,0,1,30,0,0,1644068874,5,500012,209390878,1328372,1,30594431,1775782
5,0,1,30,0,0,1366346378,4,500012,209390878,1328372,1,30594431,1775782
5,0,1,30,0,0,1869127013,8,500012,209390878,1328372,1,30594431,1775782
5,0,1,30,0,0,1638809377,7,500012,209390878,1328372,1,30594431,1775782
5,0,1,30,0,0,1743896971,6,500012,209390878,1328372,1,30594431,1775782
5,0,1,30,0,0,907166142,9,500012,209390878,1328372,1,30594431,1775782
5,0,1,30,2,0,744790751,0,500012,209390878,1328372,1,30594431,1775782
5,0,1,30,2,0,2039557201,1,500012,209390878,1328372,1,30594431,1775782
5,0,1,30,2,0,808428103,3,500012,209390878,1328372,1,30594431,1775782
5,0,1,30,2,0,1651823168,4,500012,209390878,1328372,1,30594431,1775782
5,0,1,30,2,0,1547424693,5,500012,209390878,1328372,1,30594431,1775782
5,0,1,30,2,0,597296237,2,500012,209390878,1328372,1,30594431,1775782
5,0,1,30,2,0,1792012815,6,500012,209390878,1328372,1,30594431,1775782
5,0,1,30,2,0,1238972936,8,500012,209390878,1328372,1,30594431,1775782
5,0,1,30,2,0,539229515,9,500012,209390878,1328372,1,30594431,1775782
5,0,1,30,2,0,662572988,7,500012,209390878,1328372,1,30594431,1775782
5,0,1,30,5,0,49833464,1,500012,209390878,1328372,1,30594431,1775782
5,0,1,30,5,0,576717254,0,500012,209390878,1328372,1,30594431,1775782
5,0,1,30,5,0,308146694,2,500012,209390878,1328372,1,30594431,1775782
5,0,1,30,5,0,67464491,3,500012,209390878,1328372,1,30594431,1775782
5,0,1,30,5,0,2090366319,5,500012,209390878,1328372,1,30594431,1775782
5,0,1,30,5,0,618457607,4,500012,209390878,1328372,1,30594431,1775782
5,0,1,30,5,0,589356566,9,500012,209390878,1328372,1,30594431,1775782
5,0,1,30,5,0,583152392,7,500012,209390878,1328372,1,30594431,1775782
5,0,1,30,5,0,1875763024,6,500012,209390878,1328372,1,30594431,1775782
5,0,1,30,10,0,1786085602,0,500012,209390878,1328372,1,30594431,1775782
5,0,1,30,5,0,363626724,8,500012,209390878,1328372,1,30594431,1775782
5,0,1,30,10,0,1958628128,1,500012,209390878,1328372,1,30594431,1775782
5,0,1,30,10,0,1828385501,2,500012,209390878,1328372,1,30594431,1775782
5,0,1,30,10,0,772223853,3,500012,209390878,1328372,1,30594431,1775782
5,0,1,30,10,0,1821601641,5,500012,209390878,1328372,1,30594431,1775782
5,0,1,30,10,0,1652337143,7,500012,209390878,1328372,1,30594431,1775782
5,0,1,30,10,0,1951608900,4,500012,209390878,1328372,1,30594431,1775782
5,0,1,30,10,0,969549862,9,500012,209390878,1328372,1,30594431,1775782
5,0,1,30,10,0,1526032931,8,500012,209390878,1328372,1,30594431,1775782
5,0,1,30,10,0,1932931842,6,500012,209390878,1328372,1,30594431,1775782
5,0,1,30,20,0,797966424,0,500012,209390878,1328372,1,30594431,1775782
5,0,1,30,20,0,1824381233,1,500012,209390878,1328372,1,30594431,1775782
5,0,1,30,20,0,1016833346,4,500012,209390878,1328372,1,30594431,1775782
5,0,1,30,20,0,2139567857,3,500012,209390878,1328372,1,30594431,1775782
5,0,1,30,20,0,1156421858,5,500012,209390878,1328372,1,30594431,1775782
5,0,1,30,20,0,31911578,2,500012,209390878,1328372,1,30594431,1775782
5,0,1,30,20,0,1764534958,6,500012,209390878,1328372,1,30594431,1775782
5,0,1,30,20,0,1576124271,7,500012,209390878,1328372,1,30594431,1775782
5,0,1,30,20,0,143717638,8,500012,209390878,1328372,1,30594431,1775782
5,0,1,30,30,0,1583033048,1,500012,209390878,1328372,1,30594431,1775782
5,0,1,30,30,0,486037259,2,500012,209390878,1328372,1,30594431,1775782
5,0,1,30,30,0,2075620820,0,500012,209390878,1328372,1,30594431,1775782
5,0,1,30,20,0,162629078,9,500012,209390878,1328372,1,30594431,1775782
5,0,1,30,30,0,343868435,4,500012,209390878,1328372,1,30594431,1775782
5,0,1,30,30,0,610261057,5,500012,209390878,1328372,1,30594431,1775782
5,0,1,30,30,0,1200101356,6,500012,209390878,1328372,1,30594431,1775782
5,0,1,30,30,0,2068168092,3,500012,209390878,1328372,1,30594431,1775782
5,0,1,30,30,0,1996886326,7,500012,209390878,1328372,1,30594431,1775782
5,0,1,30,30,0,336015067,8,500012,209390878,1328372,1,30594431,1775782
5,0,1,30,30,0,379874179,9,500012,209390878,1328372,1,30594431,1775782
5,0,1,60,0,0,2029164060,1,500022,144294338,1328372,1,30520298,2170571
5,0,1,60,0,0,335359270,2,500022,144294338,1328372,1,30520298,2170571
5,0,1,60,0,0,1342176089,3,500022,144294338,1328372,1,30520298,2170571
5,0,1,60,0,0,1053260431,0,500022,144294338,1328372,1,30520298,2170571
5,0,1,60,0,0,226663762,4,500022,144294338,1328372,1,30520298,2170571
5,0,1,60,0,0,1475519583,5,500022,144294338,1328372,1,30520298,2170571
5,0,1,60,0,0,1950064497,8,500022,144294338,1328372,1,30520298,2170571
5,0,1,60,0,0,2015337791,9,500022,144294338,1328372,1,30520298,2170571
5,0,1,60,0,0,2013776199,7,500022,144294338,1328372,1,30520298,2170571
5,0,1,60,2,0,1423841741,0,500022,144294338,1328372,1,30520298,2170571
5,0,1,60,0,0,46314343,6,500022,144294338,1328372,1,30520298,2170571
5,0,1,60,2,0,1808250421,1,500022,144294338,1328372,1,30520298,2170571
5,0,1,60,2,0,1515756391,2,500022,144294338,1328372,1,30520298,2170571
5,0,1,60,2,0,1265374436,3,500022,144294338,1328372,1,30520298,2170571
5,0,1,60,2,0,151725037,6,500022,144294338,1328372,1,30520298,2170571
5,0,1,60,2,0,1305974315,7,500022,144294338,1328372,1,30520298,2170571
5,0,1,60,2,0,1242140808,4,500022,144294338,1328372,1,30520298,2170571
5,0,1,60,2,0,719442108,5,500022,144294338,1328372,1,30520298,2170571
5,0,1,60,2,0,1118594780,8,500022,144294338,1328372,1,30520298,2170571
5,0,1,60,2,0,263787271,9,500022,144294338,1328372,1,30520298,2170571
5,0,1,60,5,0,2032209020,0,500022,144294338,1328372,1,30520298,2170571
5,0,1,60,5,0,1253070489,3,500022,144294338,1328372,1,30520298,2170571
5,0,1,60,5,0,726189798,1,500022,144294338,1328372,1,30520298,2170571
5,0,1,60,5,0,221705700,2,500022,144294338,1328372,1,30520298,2170571
5,0,1,60,5,0,117244390,4,500022,144294338,1328372,1,30520298,2170571
5,0,1,60,5,0,2082029167,6,500022,144294338,1328372,1,30520298,2170571
5,0,1,60,5,0,1231863866,5,500022,144294338,1328372,1,30520298,2170571
5,0,1,60,10,0,1193351499,0,500022,144294338,1328372,1,30520298,2170571
5,0,1,60,5,0,330120877,9,500022,144294338,1328372,1,30520298,2170571
5,0,1,60,5,0,354378489,7,500022,144294338,1328372,1,30520298,2170571
5,0,1,60,5,0,544693476,8,500022,144294338,1328372,1,30520298,2170571
5,0,1,60,10,0,1082550715,1,500022,144294338,1328372,1,30520298,2170571
5,0,1,60,10,0,569249644,2,500022,144294338,1328372,1,30520298,2170571
5,0,1,60,10,0,1206765277,3,500022,144294338,1328372,1,30520298,2170571
5,0,1,60,10,0,1182048491,4,500022,144294338,1328372,1,30520298,2170571
5,0,1,60,10,0,479101035,7,500022,144294338,1328372,1,30520298,2170571
5,0,1,60,10,0,749960739,8,500022,144294338,1328372,1,30520298,2170571
5,0,1,60,10,0,1103616435,5,500022,144294338,1328372,1,30520298,2170571
5,0,1,60,10,0,61001449,6,500022,144294338,1328372,1,30520298,2170571
5,0,1,60,20,0,1918360758,0,500022,144294338,1328372,1,30520298,2170571
5,0,1,60,10,0,649122505,9,500022,144294338,1328372,1,30520298,2170571
5,0,1,60,20,0,1122071298,3,500022,144294338,1328372,1,30520298,2170571
5,0,1,60,20,0,1014453592,4,500022,144294338,1328372,1,30520298,2170571
5,0,1,60,20,0,1588136431,1,500022,144294338,1328372,1,30520298,2170571
5,0,1,60,20,0,753334536,2,500022,144294338,1328372,1,30520298,2170571
5,0,1,60,20,0,2082709180,5,500022,144294338,1328372,1,30520298,2170571
5,0,1,60,20,0,776569551,6,500022,144294338,1328372,1,30520298,2170571
5,0,1,60,20,0,142122736,7,500022,144294338,1328372,1,30520298,2170571
5,0,1,60,20,0,1472520899,8,500022,144294338,1328372,1,30520298,2170571
5,0,1,60,20,0,362501515,9,500022,144294338,1328372,1,30520298,2170571
5,0,1,60,30,0,662070480,1,500022,144294338,1328372,1,30520298,2170571
5,0,1,60,30,0,623071990,0,500022,144294338,1328372,1,30520298,2170571
5,0,1,60,30,0,1773597623,3,500022,144294338,1328372,1,30520298,2170571
5,0,1,60,30,0,1645689727,4,500022,144294338,1328372,1,30520298,2170571
5,0,1,60,30,0,1021976457,5,500022,144294338,1328372,1,30520298,2170571
5,0,1,60,30,0,2130081627,2,500022,144294338,1328372,1,30520298,2170571
5,0,1,60,30,0,1890580203,6,500022,144294338,1328372,1,30520298,2170571
5,0,1,60,30,0,718476143,7,500022,144294338,1328372,1,30520298,2170571
5,0,1,60,60,0,233327459,0,500022,144294338,1328372,1,30520298,2170571
5,0,1,60,60,0,1135569990,1,500022,144294338,1328372,1,30520298,2170571
5,0,1,60,30,0,1482088956,9,500022,144294338,1328372,1,30520298,2170571
5,0,1,60,30,0,905622824,8,500022,144294338,1328372,1,30520298,2170571
5,0,1,60,60,0,498192006,2,500022,144294338,1328372,1,30520298,2170571
5,0,1,60,60,0,225585432,3,500022,144294338,1328372,1,30520298,2170571
5,0,1,60,60,0,719838233,4,500022,144294338,1328372,1,30520298,2170571
5,0,1,60,60,0,1712595879,6,500022,144294338,1328372,1,30520298,2170571
5,0,1,60,60,0,1992928946,5,500022,144294338,1328372,1,30520298,2170571
5,0,1,60,60,0,2045400609,7,500022,144294338,1328372,1,30520298,2170571
5,0,1,120,0,0,1003567683,0,0,524288000,1328372,0,0,0
5,0,1,120,0,0,1631231993,1,0,524288000,1328372,0,0,0
5,0,1,60,60,0,1294361972,8,500022,144294338,1328372,1,30520298,2170571
5,0,1,60,60,0,2045547915,9,500022,144294338,1328372,1,30520298,2170571
5,0,1,120,0,0,2038346724,3,0,524288000,1328372,0,0,0
5,0,1,120,0,0,1675339976,2,0,524288000,1328372,0,0,0
5,0,1,120,0,0,623413787,5,0,524288000,1328372,0,0,0
5,0,1,120,0,0,1127966460,4,0,524288000,1328372,0,0,0
5,0,1,120,0,0,1240353129,8,0,524288000,1328372,0,0,0
5,0,1,120,0,0,1927669906,9,0,524288000,1328372,0,0,0
5,0,1,120,0,0,1867169740,6,0,524288000,1328372,0,0,0
5,0,1,120,0,0,50951360,7,0,524288000,1328372,0,0,0
5,0,1,120,2,0,1640695079,0,0,524288000,1328372,0,0,0
5,0,1,120,2,0,1355872317,1,0,524288000,1328372,0,0,0
5,0,1,120,2,0,176169319,2,0,524288000,1328372,0,0,0
5,0,1,120,2,0,418176555,3,0,524288000,1328372,0,0,0
5,0,1,120,2,0,1854506228,5,0,524288000,1328372,0,0,0
5,0,1,120,2,0,1519680064,4,0,524288000,1328372,0,0,0
5,0,1,120,2,0,1170767681,6,0,524288000,1328372,0,0,0
5,0,1,120,2,0,1438674062,7,0,524288000,1328372,0,0,0
5,0,1,120,2,0,1147133409,9,0,524288000,1328372,0,0,0
5,0,1,120,2,0,1161041845,8,0,524288000,1328372,0,0,0
5,0,1,120,5,0,1096693765,1,0,524288000,1328372,0,0,0
5,0,1,120,5,0,1679992638,2,0,524288000,1328372,0,0,0
5,0,1,120,5,0,1980446323,3,0,524288000,1328372,0,0,0
5,0,1,120,5,0,422095589,0,0,524288000,1328372,0,0,0
5,0,1,120,5,0,837199429,5,0,524288000,1328372,0,0,0
5,0,1,120,5,0,772736132,7,0,524288000,1328372,0,0,0
5,0,1,120,5,0,45432125,9,0,524288000,1328372,0,0,0
5,0,1,120,5,0,1038510073,4,0,524288000,1328372,0,0,0
5,0,1,120,5,0,1345483676,8,0,524288000,1328372,0,0,0
5,0,1,120,5,0,1449150306,6,0,524288000,1328372,0,0,0
5,0,1,120,10,0,1766300020,3,0,524288000,1328372,0,0,0
5,0,1,120,10,0,51373886,2,0,524288000,1328372,0,0,0
5,0,1,120,10,0,36404854,0,0,524288000,1328372,0,0,0
5,0,1,120,10,0,291851443,1,0,524288000,1328372,0,0,0
5,0,1,120,10,0,419612987,4,0,524288000,1328372,0,0,0
5,0,1,120,10,0,446278368,5,0,524288000,1328372,0,0,0
5,0,1,120,10,0,1216751436,9,0,524288000,1328372,0,0,0
5,0,1,120,10,0,1509751531,7,0,524288000,1328372,0,0,0
5,0,1,120,10,0,1915307177,6,0,524288000,1328372,0,0,0
5,0,1,120,10,0,942385937,8,0,524288000,1328372,0,0,0
5,0,1,120,20,0,1081885552,0,0,524288000,1328372,0,0,0
5,0,1,120,20,0,829270292,1,0,524288000,1328372,0,0,0
5,0,1,120,20,0,244305931,5,0,524288000,1328372,0,0,0
5,0,1,120,20,0,146208285,2,0,524288000,1328372,0,0,0
5,0,1,120,20,0,101792766,3,0,524288000,1328372,0,0,0
5,0,1,120,20,0,394884830,4,0,524288000,1328372,0,0,0
5,0,1,120,20,0,523084612,7,0,524288000,1328372,0,0,0
5,0,1,120,30,0,557947412,0,0,524288000,1328372,0,0,0
5,0,1,120,20,0,931255046,6,0,524288000,1328372,0,0,0
5,0,1,120,20,0,515297776,8,0,524288000,1328372,0,0,0
5,0,1,120,20,0,371026639,9,0,524288000,1328372,0,0,0
5,0,1,120,30,0,1614729199,1,0,524288000,1328372,0,0,0
5,0,1,120,30,0,793575163,2,0,524288000,1328372,0,0,0
5,0,1,120,30,0,476076030,3,0,524288000,1328372,0,0,0
5,0,1,120,30,0,791403539,4,0,524288000,1328372,0,0,0
5,0,1,120,30,0,1088068733,5,0,524288000,1328372,0,0,0
5,0,1,120,30,0,1265162573,6,0,524288000,1328372,0,0,0
5,0,1,120,30,0,325189913,8,0,524288000,1328372,0,0,0
5,0,1,120,30,0,1947526113,9,0,524288000,1328372,0,0,0
5,0,1,120,30,0,2005558943,7,0,524288000,1328372,0,0,0
5,0,1,120,60,0,1833879716,1,0,524288000,1328372,0,0,0
5,0,1,120,60,0,1187058341,0,0,524288000,1328372,0,0,0
5,0,1,120,60,0,1389010157,2,0,524288000,1328372,0,0,0
5,0,1,120,60,0,1105252271,3,0,524288000,1328372,0,0,0
5,0,1,120,60,0,695638799,4,0,524288000,1328372,0,0,0
5,0,1,120,60,0,1190940658,6,0,524288000,1328372,0,0,0
5,0,1,120,60,0,317814973,5,0,524288000,1328372,0,0,0
5,0,1,120,60,0,1644109210,8,0,524288000,1328372,0,0,0
5,0,1,120,60,0,1668983193,9,0,524288000,1328372,0,0,0
5,1,0,30,0,0,1428741189,0,500277,350610608,1622592,1,51014035,4871725
5,0,1,120,60,0,267951754,7,0,524288000,1328372,0,0,0
5,1,0,30,0,0,257949939,1,500277,350610608,1622592,1,51014035,4871725
5,1,0,30,0,0,1109126346,2,500277,350610608,1622592,1,51014035,4871725
5,1,0,30,0,0,298064202,6,500277,350610608,1622592,1,51014035,4871725
5,1,0,30,0,0,1892254518,5,500277,350610608,1622592,1,51014035,4871725
5,1,0,30,0,0,1136726892,3,500277,350610608,1622592,1,51014035,4871725
5,1,0,30,0,0,764201331,4,500277,350610608,1622592,1,51014035,4871725
5,1,0,30,0,0,2111928965,7,500277,350610608,1622592,1,51014035,4871725
5,1,0,30,0,0,861867284,8,500277,350610608,1622592,1,51014035,4871725
5,1,0,30,2,0,766403264,0,500277,350610608,1622592,1,51014035,4871725
5,1,0,30,0,0,1686352103,9,500277,350610608,1622592,1,51014035,4871725
5,1,0,30,2,0,617928099,3,500277,350610608,1622592,1,51014035,4871725
5,1,0,30,2,0,2113370001,1,500277,350610608,1622592,1,51014035,4871725
5,1,0,30,2,0,465705342,2,500277,350610608,1622592,1,51014035,4871725
5,1,0,30,2,0,937962865,5,500277,350610608,1622592,1,51014035,4871725
5,1,0,30,2,0,1852220019,4,500277,350610608,1622592,1,51014035,4871725
5,1,0,30,2,0,456339011,6,500277,350610608,1622592,1,51014035,4871725
5,1,0,30,2,0,1896578985,7,500277,350610608,1622592,1,51014035,4871725
5,1,0,30,2,0,443614797,9,500277,350610608,1622592,1,51014035,4871725
5,1,0,30,5,0,149726408,0,500277,350610608,1622592,1,51014035,4871725
5,1,0,30,5,0,313186891,1,500277,350610608,1622592,1,51014035,4871725
5,1,0,30,2,0,1112380464,8,500277,350610608,1622592,1,51014035,4871725
5,1,0,30,5,0,1076303124,3,500277,350610608,1622592,1,51014035,4871725
5,1,0,30,5,0,302418646,2,500277,350610608,1622592,1,51014035,4871725
5,1,0,30,5,0,1915048861,4,500277,350610608,1622592,1,51014035,4871725
5,1,0,30,5,0,80594152,5,500277,350610608,1622592,1,51014035,4871725
5,1,0,30,5,0,639324232,7,500277,350610608,1622592,1,51014035,4871725
5,1,0,30,5,0,2137611159,6,500277,350610608,1622592,1,51014035,4871725
5,1,0,30,5,0,162502787,9,500277,350610608,1622592,1,51014035,4871725
5,1,0,30,10,0,1677115255,0,500277,350610608,1622592,1,51014035,4871725
5,1,0,30,5,0,3726468,8,500277,350610608,1622592,1,51014035,4871725
5,1,0,30,10,0,1144335983,1,500277,350610608,1622592,1,51014035,4871725
5,1,0,30,10,0,1416612771,3,500277,350610608,1622592,1,51014035,4871725
5,1,0,30,10,0,651149137,2,500277,350610608,1622592,1,51014035,4871725
5,1,0,30,10,0,1680751126,4,500277,350610608,1622592,1,51014035,4871725
5,1,0,30,10,0,15907492,5,500277,350610608,1622592,1,51014035,4871725
5,1,0,30,10,0,2107452219,6,500277,350610608,1622592,1,51014035,4871725
5,1,0,30,10,0,2053593200,7,500277,350610608,1622592,1,51014035,4871725
5,1,0,30,10,0,1734792059,9,500277,350610608,1622592,1,51014035,4871725
5,1,0,30,10,0,1872853413,8,500277,350610608,1622592,1,51014035,4871725
5,1,0,30,20,0,970004816,1,500277,350610608,1622592,1,51014035,4871725
5,1,0,30,20,0,301075867,0,500277,350610608,1622592,1,51014035,4871725
5,1,0,30,20,0,14204998,2,500277,350610608,1622592,1,51014035,4871725
5,1,0,30,20,0,1651087940,3,500277,350610608,1622592,1,51014035,4871725
5,1,0,30,20,0,2070459171,4,500277,350610608,1622592,1,51014035,4871725
5,1,0,30,20,0,1300636690,8,500277,350610608,1622592,1,51014035,4871725
5,1,0,30,20,0,1432112664,7,500277,350610608,1622592,1,51014035,4871725
5,1,0,30,20,0,1541542479,6,500277,350610608,1622592,1,51014035,4871725
5,1,0,30,20,0,520565727,5,500277,350610608,1622592,1,51014035,4871725
5,1,0,30,20,0,1720627470,9,500277,350610608,1622592,1,51014035,4871725
5,1,0,30,30,0,237059301,0,500277,350610608,1622592,1,51014035,4871725
5,1,0,30,30,0,1569189330,2,500277,350610608,1622592,1,51014035,4871725
5,1,0,30,30,0,389411691,1,500277,350610608,1622592,1,51014035,4871725
5,1,0,30,30,0,1460558581,3,500277,350610608,1622592,1,51014035,4871725
5,1,0,30,30,0,345559261,4,500277,350610608,1622592,1,51014035,4871725
5,1,0,30,30,0,1974135984,5,500277,350610608,1622592,1,51014035,4871725
5,1,0,30,30,0,1245363002,6,500277,350610608,1622592,1,51014035,4871725
5,1,0,30,30,0,872395778,7,500277,350610608,1622592,1,51014035,4871725
5,1,0,30,30,0,758569854,8,500277,350610608,1622592,1,51014035,4871725
5,1,0,60,0,0,820352323,1,500092,298159813,1586284,1,51014523,3926212
5,1,0,60,0,0,1675487027,3,500092,298159813,1586284,1,51014523,3926212
5,1,0,60,0,0,1283638341,2,500092,298159813,1586284,1,51014523,3926212
5,1,0,30,30,0,168926124,9,500277,350610608,1622592,1,51014035,4871725
5,1,0,60,0,0,458565144,4,500092,298159813,1586284,1,51014523,3926212
5,1,0,60,0,0,1649970409,0,500092,298159813,1586284,1,51014523,3926212
5,1,0,60,0,0,1543014759,5,500092,298159813,1586284,1,51014523,3926212
5,1,0,60,0,0,2089516830,6,500092,298159813,1586284,1,51014523,3926212
5,1,0,60,0,0,813743830,9,500092,298159813,1586284,1,51014523,3926212
5,1,0,60,2,0,601050402,0,500092,298159813,1586284,1,51014523,3926212
5,1,0,60,0,0,364481568,7,500092,298159813,1586284,1,51014523,3926212
5,1,0,60,0,0,1881125866,8,500092,298159813,1586284,1,51014523,3926212
5,1,0,60,2,0,153323006,1,500092,298159813,1586284,1,51014523,3926212
5,1,0,60,2,0,829326917,2,500092,298159813,1586284,1,51014523,3926212
5,1,0,60,2,0,108940146,3,500092,298159813,1586284,1,51014523,3926212
5,1,0,60,2,0,1024285839,4,500092,298159813,1586284,1,51014523,3926212
5,1,0,60,2,0,1669743840,6,500092,298159813,1586284,1,51014523,3926212
5,1,0,60,2,0,2101237808,5,500092,298159813,1586284,1,51014523,3926212
5,1,0,60,2,0,1321694065,8,500092,298159813,1586284,1,51014523,3926212
5,1,0,60,2,0,270551270,7,500092,298159813,1586284,1,51014523,3926212
5,1,0,60,2,0,2146127091,9,500092,298159813,1586284,1,51014523,3926212
5,1,0,60,5,0,1929760035,0,500092,298159813,1586284,1,51014523,3926212
5,1,0,60,5,0,159097113,2,500092,298159813,1586284,1,51014523,3926212
5,1,0,60,5,0,70516000,1,500092,298159813,1586284,1,51014523,3926212
5,1,0,60,5,0,1457218442,3,500092,298159813,1586284,1,51014523,3926212
5,1,0,60,5,0,240752042,4,500092,298159813,1586284,1,51014523,3926212
5,1,0,60,5,0,1450490338,5,500092,298159813,1586284,1,51014523,3926212
5,1,0,60,5,0,183887017,6,500092,298159813,1586284,1,51014523,3926212
5,1,0,60,5,0,507609787,8,500092,298159813,1586284,1,51014523,3926212
5,1,0,60,10,0,1968685708,0,500092,298159813,1586284,1,51014523,3926212
5,1,0,60,10,0,639750957,1,500092,298159813,1586284,1,51014523,3926212
5,1,0,60,5,0,1741642976,7,500092,298159813,1586284,1,51014523,3926212
5,1,0,60,5,0,909150816,9,500092,298159813,1586284,1,51014523,3926212
5,1,0,60,10,0,1000665786,2,500092,298159813,1586284,1,51014523,3926212
5,1,0,60,10,0,309381429,3,500092,298159813,1586284,1,51014523,3926212
5,1,0,60,10,0,158388381,4,500092,298159813,1586284,1,51014523,3926212
5,1,0,60,10,0,608126462,5,500092,298159813,1586284,1,51014523,3926212
5,1,0,60,10,0,2099786785,6,500092,298159813,1586284,1,51014523,3926212
5,1,0,60,10,0,2023872904,8,500092,298159813,1586284,1,51014523,3926212
5,1,0,60,10,0,81874986,7,500092,298159813,1586284,1,51014523,3926212
5,1,0,60,10,0,196716790,9,500092,298159813,1586284,1,51014523,3926212
5,1,0,60,20,0,1042313610,0,500092,298159813,1586284,1,51014523,3926212
5,1,0,60,20,0,560655311,1,500092,298159813,1586284,1,51014523,3926212
5,1,0,60,20,0,61698094,2,500092,298159813,1586284,1,51014523,3926212
5,1,0,60,20,0,739803849,3,500092,298159813,1586284,1,51014523,3926212
5,1,0,60,20,0,1320003795,5,500092,298159813,1586284,1,51014523,3926212
5,1,0,60,20,0,214567941,4,500092,298159813,1586284,1,51014523,3926212
5,1,0,60,20,0,417866985,6,500092,298159813,1586284,1,51014523,3926212
5,1,0,60,20,0,1959297889,7,500092,298159813,1586284,1,51014523,3926212
5,1,0,60,20,0,733105340,8,500092,298159813,1586284,1,51014523,3926212
5,1,0,60,30,0,456689025,0,500092,298159813,1586284,1,51014523,3926212
5,1,0,60,20,0,274695850,9,500092,298159813,1586284,1,51014523,3926212
5,1,0,60,30,0,490398001,1,500092,298159813,1586284,1,51014523,3926212
5,1,0,60,30,0,2135215050,2,500092,298159813,1586284,1,51014523,3926212
5,1,0,60,30,0,271055863,4,500092,298159813,1586284,1,51014523,3926212
5,1,0,60,30,0,947351792,3,500092,298159813,1586284,1,51014523,3926212
5,1,0,60,30,0,1830564310,6,500092,298159813,1586284,1,51014523,3926212
5,1,0,60,30,0,870337080,5,500092,298159813,1586284,1,51014523,3926212
5,1,0,60,30,0,1448877631,7,500092,298159813,1586284,1,51014523,3926212
5,1,0,60,30,0,1726613833,8,500092,298159813,1586284,1,51014523,3926212
5,1,0,60,30,0,1392578489,9,500092,298159813,1586284,1,51014523,3926212
5,1,0,60,60,0,518842513,0,500092,298159813,1586284,1,51014523,3926212
5,1,0,60,60,0,915823748,3,500092,298159813,1586284,1,51014523,3926212
5,1,0,60,60,0,1381218039,2,500092,298159813,1586284,1,51014523,3926212
5,1,0,60,60,0,589825310,1,500092,298159813,1586284,1,51014523,3926212
5,1,0,60,60,0,744951997,5,500092,298159813,1586284,1,51014523,3926212
5,1,0,60,60,0,195792723,4,500092,298159813,1586284,1,51014523,3926212
5,1,0,60,60,0,1440977557,6,500092,298159813,1586284,1,51014523,3926212
5,1,0,60,60,0,271535964,7,500092,298159813,1586284,1,51014523,3926212
5,1,0,60,60,0,1176363031,9,500092,298159813,1586284,1,51014523,3926212
5,1,0,60,60,0,518597947,8,500092,298159813,1586284,1,51014523,3926212
5,1,0,120,0,0,606607450,0,500079,67250569,1581276,1,29543080,0
5,1,0,120,0,0,721772903,2,500079,67250569,1581276,1,29543080,0
5,1,0,120,0,0,1783074271,1,500079,67250569,1581276,1,29543080,0
5,1,0,120,0,0,708695913,4,500079,67250569,1581276,1,29543080,0
5,1,0,120,0,0,1884035554,5,500079,67250569,1581276,1,29543080,0
5,1,0,120,0,0,1588825845,3,500079,67250569,1581276,1,29543080,0
5,1,0,120,0,0,1046445603,6,500079,67250569,1581276,1,29543080,0
5,1,0,120,0,0,174800445,7,500079,67250569,1581276,1,29543080,0
5,1,0,120,0,0,572823571,8,500079,67250569,1581276,1,29543080,0
5,1,0,120,0,0,429358638,9,500079,67250569,1581276,1,29543080,0
5,1,0,120,2,0,67131712,2,500079,67250569,1581276,1,29543080,0
5,1,0,120,2,0,677546830,1,500079,67250569,1581276,1,29543080,0
5,1,0,120,2,0,1615470562,0,500079,67250569,1581276,1,29543080,0
5,1,0,120,2,0,346700963,4,500079,67250569,1581276,1,29543080,0
5,1,0,120,2,0,27271239,5,500079,67250569,1581276,1,29543080,0
5,1,0,120,2,0,770572350,7,500079,67250569,1581276,1,29543080,0
5,1,0,120,2,0,2091509391,3,500079,67250569,1581276,1,29543080,0
5,1,0,120,2,0,31026838,6,500079,67250569,1581276,1,29543080,0
5,1,0,120,2,0,1218617714,9,500079,67250569,1581276,1,29543080,0
5,1,0,120,5,0,1787660912,0,500079,67250569,1581276,1,29543080,0
5,1,0,120,2,0,382858698,8,500079,67250569,1581276,1,29543080,0
5,1,0,120,5,0,544998804,2,500079,67250569,1581276,1,29543080,0
5,1,0,120,5,0,885451419,3,500079,67250569,1581276,1,29543080,0
5,1,0,120,5,0,2044457991,1,500079,67250569,1581276,1,29543080,0
5,1,0,120,5,0,1163720296,5,500079,67250569,1581276,1,29543080,0
5,1,0,120,5,0,614557693,4,500079,67250569,1581276,1,29543080,0
5,1,0,120,5,0,1769661076,7,500079,67250569,1581276,1,29543080,0
5,1,0,120,5,0,1934535440,6,500079,67250569,1581276,1,29543080,0
5,1,0,120,5,0,1027587052,8,500079,67250569,1581276,1,29543080,0
5,1,0,120,5,0,749681967,9,500079,67250569,1581276,1,29543080,0
5,1,0,120,10,0,378048132,3,500079,67250569,1581276,1,29543080,0
5,1,0,120,10,0,2147001030,2,500079,67250569,1581276,1,29543080,0
5,1,0,120,10,0,1293643136,4,500079,67250569,1581276,1,29543080,0
5,1,0,120,10,0,161581876,0,500079,67250569,1581276,1,29543080,0
5,1,0,120,10,0,1494019687,5,500079,67250569,1581276,1,29543080,0
5,1,0,120,10,0,773096126,1,500079,67250569,1581276,1,29543080,0
5,1,0,120,10,0,19628190,7,500079,67250569,1581276,1,29543080,0
5,1,0,120,10,0,1798671637,6,500079,67250569,1581276,1,29543080,0
5,1,0,120,10,0,1012061834,8,500079,67250569,1581276,1,29543080,0
5,1,0,120,10,0,824216542,9,500079,67250569,1581276,1,29543080,0
5,1,0,120,20,0,410959012,1,500079,67250569,1581276,1,29543080,0
5,1,0,120,20,0,504692228,0,500079,67250569,1581276,1,29543080,0
5,1,0,120,20,0,941783821,3,500079,67250569,1581276,1,29543080,0
5,1,0,120,20,0,1554354263,2,500079,67250569,1581276,1,29543080,0
5,1,0,120,20,0,1993792569,4,500079,67250569,1581276,1,29543080,0
5,1,0,120,20,0,893820081,5,500079,67250569,1581276,1,29543080,0
5,1,0,120,20,0,1187243159,6,500079,67250569,1581276,1,29543080,0
5,1,0,120,20,0,227929714,7,500079,67250569,1581276,1,29543080,0
5,1,0,120,20,0,832016743,8,500079,67250569,1581276,1,29543080,0
5,1,0,120,30,0,640883910,0,500079,67250569,1581276,1,29543080,0
5,1,0,120,30,0,2037587624,1,500079,67250569,1581276,1,29543080,0
5,1,0,120,30,0,2136809970,2,500079,67250569,1581276,1,29543080,0
5,1,0,120,20,0,483953122,9,500079,67250569,1581276,1,29543080,0
5,1,0,120,30,0,757305041,3,500079,67250569,1581276,1,29543080,0
5,1,0,120,30,0,686162224,4,500079,67250569,1581276,1,29543080,0
5,1,0,120,30,0,232046822,6,500079,67250569,1581276,1,29543080,0
5,1,0,120,30,0,185180108,5,500079,67250569,1581276,1,29543080,0
5,1,0,120,30,0,1564197331,7,500079,67250569,1581276,1,29543080,0
5,1,0,120,60,0,1866900511,0,500079,67250569,1581276,1,29543080,0
5,1,0,120,30,0,900181147,9,500079,67250569,1581276,1,29543080,0
5,1,0,120,30,0,1224342797,8,500079,67250569,1581276,1,29543080,0
5,1,0,120,60,0,1079676542,1,500079,67250569,1581276,1,29543080,0
5,1,0,120,60,0,1435784491,2,500079,67250569,1581276,1,29543080,0
5,1,0,120,60,0,1946254259,3,500079,67250569,1581276,1,29543080,0
5,1,0,120,60,0,448485198,5,500079,67250569,1581276,1,29543080,0
5,1,0,120,60,0,225299266,6,500079,67250569,1581276,1,29543080,0
5,1,0,120,60,0,186047172,4,500079,67250569,1581276,1,29543080,0
5,1,2,30,0,0,498495745,1,1500823,69757623,1462336,1,10132384,3184535
5,1,2,30,0,0,2083322831,0,1500823,69757623,1462336,1,10132384,3184535
5,1,0,120,60,0,755431522,7,500079,67250569,1581276,1,29543080,0
5,1,0,120,60,0,678800733,8,500079,67250569,1581276,1,29543080,0
5,1,2,30,0,0,304339206,2,1500823,69757623,1462336,1,10132384,3184535
5,1,2,30,0,0,1910491180,4,1500823,69757623,1462336,1,10132384,3184535
5,1,2,30,0,0,1010605064,3,1500823,69757623,1462336,1,10132384,3184535
5,1,0,120,60,0,124834191,9,500079,67250569,1581276,1,29543080,0
5,1,2,30,0,0,853630743,7,1500823,69757623,1462336,1,10132384,3184535
5,1,2,30,0,0,1398806247,8,1500823,69757623,1462336,1,10132384,3184535
5,1,2,30,0,0,1400040429,5,1500823,69757623,1462336,1,10132384,3184535
5,1,2,30,0,0,988114061,9,1500823,69757623,1462336,1,10132384,3184535
5,1,2,30,0,0,1799875937,6,1500823,69757623,1462336,1,10132384,3184535
5,1,2,30,2,0,473017075,0,1500823,69757623,1462336,1,10132384,3184535
5,1,2,30,2,0,1400727238,1,1500823,69757623,1462336,1,10132384,3184535
5,1,2,30,2,0,1018415610,4,1500823,69757623,1462336,1,10132384,3184535
5,1,2,30,2,0,978316519,2,1500823,69757623,1462336,1,10132384,3184535
5,1,2,30,2,0,858803763,6,1500823,69757623,1462336,1,10132384,3184535
5,1,2,30,2,0,421182269,3,1500823,69757623,1462336,1,10132384,3184535
5,1,2,30,2,0,1772083970,5,1500823,69757623,1462336,1,10132384,3184535
5,1,2,30,2,0,1612899327,7,1500823,69757623,1462336,1,10132384,3184535
5,1,2,30,2,0,315807718,9,1500823,69757623,1462336,1,10132384,3184535
5,1,2,30,2,0,947739357,8,1500823,69757623,1462336,1,10132384,3184535
5,1,2,30,5,0,2022887749,0,1500823,69757623,1462336,1,10132384,3184535
5,1,2,30,5,0,233385755,2,1500823,69757623,1462336,1,10132384,3184535
5,1,2,30,5,0,2080515301,1,1500823,69757623,1462336,1,10132384,3184535
5,1,2,30,5,0,1872026192,3,1500823,69757623,1462336,1,10132384,3184535
5,1,2,30,5,0,928422299,5,1500823,69757623,1462336,1,10132384,3184535
5,1,2,30,5,0,622518030,4,1500823,69757623,1462336,1,10132384,3184535
5,1,2,30,5,0,1954170921,6,1500823,69757623,1462336,1,10132384,3184535
5,1,2,30,5,0,1604106208,9,1500823,69757623,1462336,1,10132384,3184535
5,1,2,30,5,0,1663571006,8,1500823,69757623,1462336,1,10132384,3184535
5,1,2,30,5,0,764765165,7,1500823,69757623,1462336,1,10132384,3184535
5,1,2,30,10,0,585853361,0,1500823,69757623,1462336,1,10132384,3184535
5,1,2,30,10,0,833889032,2,1500823,69757623,1462336,1,10132384,3184535
5,1,2,30,10,0,1965979155,1,1500823,69757623,1462336,1,10132384,3184535
5,1,2,30,10,0,1158329197,4,1500823,69757623,1462336,1,10132384,3184535
5,1,2,30,10,0,868489173,5,1500823,69757623,1462336,1,10132384,3184535
5,1,2,30,10,0,1540133116,3,1500823,69757623,1462336,1,10132384,3184535
5,1,2,30,10,0,1442642321,6,1500823,69757623,1462336,1,10132384,3184535
5,1,2,30,10,0,546370398,7,1500823,69757623,1462336,1,10132384,3184535
5,1,2,30,10,0,137845240,8,1500823,69757623,1462336,1,10132384,3184535
5,1,2,30,20,0,586269483,1,1500823,69757623,1462336,1,10132384,3184535
5,1,2,30,20,0,477210657,2,1500823,69757623,1462336,1,10132384,3184535
5,1,2,30,10,0,256202202,9,1500823,69757623,1462336,1,10132384,3184535
5,1,2,30,20,0,1205185682,0,1500823,69757623,1462336,1,10132384,3184535
5,1,2,30,20,0,1999454573,3,1500823,69757623,1462336,1,10132384,3184535
5,1,2,30,20,0,1969581487,4,1500823,69757623,1462336,1,10132384,3184535
5,1,2,30,20,0,1796257670,5,1500823,69757623,1462336,1,10132384,3184535
5,1,2,30,20,0,944263862,8,1500823,69757623,1462336,1,10132384,3184535
5,1,2,30,20,0,1475647712,7,1500823,69757623,1462336,1,10132384,3184535
5,1,2,30,20,0,735304049,6,1500823,69757623,1462336,1,10132384,3184535
5,1,2,30,20,0,1267709045,9,1500823,69757623,1462336,1,10132384,3184535
5,1,2,30,30,0,673399852,0,1500823,69757623,1462336,1,10132384,3184535
5,1,2,30,30,0,986563860,2,1500823,69757623,1462336,1,10132384,3184535
5,1,2,30,30,0,371404423,3,1500823,69757623,1462336,1,10132384,3184535
5,1,2,30,30,0,1768221462,4,1500823,69757623,1462336,1,10132384,3184535
5,1,2,30,30,0,729867338,1,1500823,69757623,1462336,1,10132384,3184535
5,1,2,30,30,0,2101155530,5,1500823,69757623,1462336,1,10132384,3184535
5,1,2,30,30,0,929613915,6,1500823,69757623,1462336,1,10132384,3184535
5,1,2,30,30,0,2033619742,7,1500823,69757623,1462336,1,10132384,3184535
5,1,2,30,30,0,1199029793,9,1500823,69757623,1462336,1,10132384,3184535
5,1,2,30,30,0,1987551590,8,1500823,69757623,1462336,1,10132384,3184535
5,1,2,60,0,0,1838720022,1,1500704,70202909,1462336,1,9958934,3328536
5,1,2,60,0,0,1064427950,3,1500704,70202909,1462336,1,9958934,3328536
5,1,2,60,0,0,62293591,0,1500704,70202909,1462336,1,9958934,3328536
5,1,2,60,0,0,1059371626,2,1500704,70202909,1462336,1,9958934,3328536
5,1,2,60,0,0,1405725387,4,1500704,70202909,1462336,1,9958934,3328536
5,1,2,60,0,0,1865084042,5,1500704,70202909,1462336,1,9958934,3328536
5,1,2,60,0,0,639819990,7,1500704,70202909,1462336,1,9958934,3328536
5,1,2,60,0,0,1794316441,9,1500704,70202909,1462336,1,9958934,3328536
5,1,2,60,0,0,955229116,6,1500704,70202909,1462336,1,9958934,3328536
5,1,2,60,0,0,21808033,8,1500704,70202909,1462336,1,9958934,3328536
5,1,2,60,2,0,189941491,0,1500704,70202909,1462336,1,9958934,3328536
5,1,2,60,2,0,172050713,1,1500704,70202909,1462336,1,9958934,3328536
5,1,2,60,2,0,2021437651,2,1500704,70202909,1462336,1,9958934,3328536
5,1,2,60,2,0,144399177,3,1500704,70202909,1462336,1,9958934,3328536
5,1,2,60,2,0,1828357471,4,1500704,70202909,1462336,1,9958934,3328536
5,1,2,60,2,0,1693592188,5,1500704,70202909,1462336,1,9958934,3328536
5,1,2,60,2,0,420903379,7,1500704,70202909,1462336,1,9958934,3328536
5,1,2,60,2,0,2058446131,6,1500704,70202909,1462336,1,9958934,3328536
5,1,2,60,2,0,1943220876,8,1500704,70202909,1462336,1,9958934,3328536
5,1,2,60,2,0,2127233070,9,1500704,70202909,1462336,1,9958934,3328536
5,1,2,60,5,0,1032989010,0,1500704,70202909,1462336,1,9958934,3328536
5,1,2,60,5,0,53356336,2,1500704,70202909,1462336,1,9958934,3328536
5,1,2,60,5,0,1746411355,3,1500704,70202909,1462336,1,9958934,3328536
5,1,2,60,5,0,356875364,1,1500704,70202909,1462336,1,9958934,3328536
5,1,2,60,5,0,936330742,4,1500704,70202909,1462336,1,9958934,3328536
5,1,2,60,5,0,569993705,5,1500704,70202909,1462336,1,9958934,3328536
5,1,2,60,5,0,1539340680,6,1500704,70202909,1462336,1,9958934,3328536
5,1,2,60,5,0,1270410210,7,1500704,70202909,1462336,1,9958934,3328536
5,1,2,60,5,0,1026765156,8,1500704,70202909,1462336,1,9958934,3328536
5,1,2,60,5,0,389680278,9,1500704,70202909,1462336,1,9958934,3328536
5,1,2,60,10,0,68419527,0,1500704,70202909,1462336,1,9958934,3328536
5,1,2,60,10,0,2060652074,1,1500704,70202909,1462336,1,9958934,3328536
5,1,2,60,10,0,694937859,3,1500704,70202909,1462336,1,9958934,3328536
5,1,2,60,10,0,1972604762,4,1500704,70202909,1462336,1,9958934,3328536
5,1,2,60,10,0,1309263254,2,1500704,70202909,1462336,1,9958934,3328536
5,1,2,60,10,0,1953526348,6,1500704,70202909,1462336,1,9958934,3328536
5,1,2,60,10,0,1991836786,7,1500704,70202909,1462336,1,9958934,3328536
5,1,2,60,10,0,104855070,5,1500704,70202909,1462336,1,9958934,3328536
5,1,2,60,10,0,595385173,8,1500704,70202909,1462336,1,9958934,3328536
5,1,2,60,10,0,1741009563,9,1500704,70202909,1462336,1,9958934,3328536
5,1,2,60,20,0,1590943758,1,1500704,70202909,1462336,1,9958934,3328536
5,1,2,60,20,0,1994135221,2,1500704,70202909,1462336,1,9958934,3328536
5,1,2,60,20,0,794335873,0,1500704,70202909,1462336,1,9958934,3328536
5,1,2,60,20,0,303648148,4,1500704,70202909,1462336,1,9958934,3328536
5,1,2,60,20,0,5856809,3,1500704,70202909,1462336,1,9958934,3328536
5,1,2,60,20,0,1429820971,6,1500704,70202909,1462336,1,9958934,3328536
5,1,2,60,20,0,140506321,7,1500704,70202909,1462336,1,9958934,3328536
5,1,2,60,20,0,1653043870,5,1500704,70202909,1462336,1,9958934,3328536
5,1,2,60,20,0,1829236235,9,1500704,70202909,1462336,1,9958934,3328536
5,1,2,60,30,0,1158736557,0,1500704,70202909,1462336,1,9958934,3328536
5,1,2,60,30,0,889687133,1,1500704,70202909,1462336,1,9958934,3328536
5,1,2,60,20,0,1273844284,8,1500704,70202909,1462336,1,9958934,3328536
5,1,2,60,30,0,1441797632,3,1500704,70202909,1462336,1,9958934,3328536
5,1,2,60,30,0,347716429,2,1500704,70202909,1462336,1,9958934,3328536
5,1,2,60,30,0,235414339,4,1500704,70202909,1462336,1,9958934,3328536
5,1,2,60,30,0,476597680,7,1500704,70202909,1462336,1,9958934,3328536
5,1,2,60,30,0,221459606,6,1500704,70202909,1462336,1,9958934,3328536
5,1,2,60,30,0,1563327376,5,1500704,70202909,1462336,1,9958934,3328536
5,1,2,60,30,0,1644779176,8,1500704,70202909,1462336,1,9958934,3328536
5,1,2,60,60,0,1998675370,0,1500704,70202909,1462336,1,9958934,3328536
5,1,2,60,60,0,175553937,1,1500704,70202909,1462336,1,9958934,3328536
5,1,2,60,60,0,1573817755,3,1500704,70202909,1462336,1,9958934,3328536
5,1,2,60,30,0,1570200796,9,1500704,70202909,1462336,1,9958934,3328536
5,1,2,60,60,0,1570116109,2,1500704,70202909,1462336,1,9958934,3328536
5,1,2,60,60,0,752767775,4,1500704,70202909,1462336,1,9958934,3328536
5,1,2,60,60,0,879233902,6,1500704,70202909,1462336,1,9958934,3328536
5,1,2,60,60,0,594448391,7,1500704,70202909,1462336,1,9958934,3328536
5,1,2,60,60,0,287788210,5,1500704,70202909,1462336,1,9958934,3328536
5,1,2,60,60,0,1024919673,9,1500704,70202909,1462336,1,9958934,3328536
5,1,2,60,60,0,1438512030,8,1500704,70202909,1462336,1,9958934,3328536
5,1,2,120,0,0,2055113777,1,1500310,67250569,1462336,1,9979108,3926748
5,1,2,120,0,0,487726511,0,1500310,67250569,1462336,1,9979108,3926748
5,1,2,120,0,0,901058245,2,1500310,67250569,1462336,1,9979108,3926748
5,1,2,120,0,0,968245518,3,1500310,67250569,1462336,1,9979108,3926748
5,1,2,120,0,0,1514885083,5,1500310,67250569,1462336,1,9979108,3926748
5,1,2,120,0,0,1376381611,4,1500310,67250569,1462336,1,9979108,3926748
5,1,2,120,0,0,1190330168,8,1500310,67250569,1462336,1,9979108,3926748
5,1,2,120,0,0,1148293223,6,1500310,67250569,1462336,1,9979108,3926748
5,1,2,120,0,0,1816466752,7,1500310,67250569,1462336,1,9979108,3926748
5,1,2,120,0,0,233903914,9,1500310,67250569,1462336,1,9979108,3926748
5,1,2,120,2,0,1601222993,1,1500310,67250569,1462336,1,9979108,3926748
5,1,2,120,2,0,272168566,0,1500310,67250569,1462336,1,9979108,3926748
5,1,2,120,2,0,2088328665,4,1500310,67250569,1462336,1,9979108,3926748
5,1,2,120,2,0,1943088958,3,1500310,67250569,1462336,1,9979108,3926748
5,1,2,120,2,0,2019338363,6,1500310,67250569,1462336,1,9979108,3926748
5,1,2,120,2,0,1482736884,2,1500310,67250569,1462336,1,9979108,3926748
5,1,2,120,2,0,527033009,5,1500310,67250569,1462336,1,9979108,3926748
5,1,2,120,2,0,1255265844,7,1500310,67250569,1462336,1,9979108,3926748
5,1,2,120,5,0,808972471,1,1500310,67250569,1462336,1,9979108,3926748
5,1,2,120,5,0,281868383,0,1500310,67250569,1462336,1,9979108,3926748
5,1,2,120,2,0,1581174368,9,1500310,67250569,1462336,1,9979108,3926748
5,1,2,120,2,0,1941232371,8,1500310,67250569,1462336,1,9979108,3926748
5,1,2,120,5,0,1966554388,2,1500310,67250569,1462336,1,9979108,3926748
5,1,2,120,5,0,374988236,3,1500310,67250569,1462336,1,9979108,3926748
5,1,2,120,5,0,1238551232,7,1500310,67250569,1462336,1,9979108,3926748
5,1,2,120,5,0,767990928,6,1500310,67250569,1462336,1,9979108,3926748
5,1,2,120,5,0,1677968572,5,1500310,67250569,1462336,1,9979108,3926748
5,1,2,120,5,0,344329261,4,1500310,67250569,1462336,1,9979108,3926748
5,1,2,120,5,0,469718772,9,1500310,67250569,1462336,1,9979108,3926748
5,1,2,120,5,0,330486187,8,1500310,67250569,1462336,1,9979108,3926748
5,1,2,120,10,0,481141898,2,1500310,67250569,1462336,1,9979108,3926748
5,1,2,120,10,0,707665514,0,1500310,67250569,1462336,1,9979108,3926748
5,1,2,120,10,0,1185165025,1,1500310,67250569,1462336,1,9979108,3926748
5,1,2,120,10,0,646384280,5,1500310,67250569,1462336,1,9979108,3926748
5,1,2,120,10,0,635457782,3,1500310,67250569,1462336,1,9979108,3926748
5,1,2,120,10,0,2131715682,4,1500310,67250569,1462336,1,9979108,3926748
5,1,2,120,10,0,97453982,7,1500310,67250569,1462336,1,9979108,3926748
5,1,2,120,10,0,877273527,6,1500310,67250569,1462336,1,9979108,3926748
5,1,2,120,10,0,1789011313,9,1500310,67250569,1462336,1,9979108,3926748
5,1,2,120,20,0,567053223,0,1500310,67250569,1462336,1,9979108,3926748
5,1,2,120,10,0,1259153174,8,1500310,67250569,1462336,1,9979108,3926748
5,1,2,120,20,0,1489066210,2,1500310,67250569,1462336,1,9979108,3926748
5,1,2,120,20,0,1804444480,3,1500310,67250569,1462336,1,9979108,3926748
5,1,2,120,20,0,2035406123,1,1500310,67250569,1462336,1,9979108,3926748
5,1,2,120,20,0,1906364408,4,1500310,67250569,1462336,1,9979108,3926748
5,1,2,120,20,0,92265760,5,1500310,67250569,1462336,1,9979108,3926748
5,1,2,120,20,0,1252055106,6,1500310,67250569,1462336,1,9979108,3926748
5,1,2,120,20,0,812009356,7,1500310,67250569,1462336,1,9979108,3926748
5,1,2,120,20,0,94646547,9,1500310,67250569,1462336,1,9979108,3926748
5,1,2,120,20,0,270366110,8,1500310,67250569,1462336,1,9979108,3926748
5,1,2,120,30,0,1442582315,1,1500310,67250569,1462336,1,9979108,3926748
5,1,2,120,30,0,997841438,0,1500310,67250569,1462336,1,9979108,3926748
5,1,2,120,30,0,1768202514,2,1500310,67250569,1462336,1,9979108,3926748
5,1,2,120,30,0,1472282494,3,1500310,67250569,1462336,1,9979108,3926748
5,1,2,120,30,0,1912361270,6,1500310,67250569,1462336,1,9979108,3926748
5,1,2,120,30,0,1967125474,7,1500310,67250569,1462336,1,9979108,3926748
5,1,2,120,30,0,1401475368,4,1500310,67250569,1462336,1,9979108,3926748
5,1,2,120,30,0,1306023701,8,1500310,67250569,1462336,1,9979108,3926748
5,1,2,120,30,0,2087991445,5,1500310,67250569,1462336,1,9979108,3926748
5,1,2,120,30,0,566739190,9,1500310,67250569,1462336,1,9979108,3926748
5,1,2,120,60,0,1116723521,2,1500310,67250569,1462336,1,9979108,3926748
5,1,2,120,60,0,1316386025,0,1500310,67250569,1462336,1,9979108,3926748
5,1,2,120,60,0,2079808343,4,1500310,67250569,1462336,1,9979108,3926748
5,1,2,120,60,0,974021007,3,1500310,67250569,1462336,1,9979108,3926748
5,1,2,120,60,0,737605316,1,1500310,67250569,1462336,1,9979108,3926748
5,1,2,120,60,0,203233294,7,1500310,67250569,1462336,1,9979108,3926748
5,1,2,120,60,0,1237578891,6,1500310,67250569,1462336,1,9979108,3926748
5,1,2,120,60,0,1597308268,5,1500310,67250569,1462336,1,9979108,3926748
5,1,2,120,60,0,637108294,8,1500310,67250569,1462336,1,9979108,3926748
5,2,1,30,0,0,1221411520,0,1500699,205364548,3554428,1,29493311,11543600
5,1,2,120,60,0,1516642718,9,1500310,67250569,1462336,1,9979108,3926748
5,2,1,30,0,0,1958189548,1,1500699,205364548,3554428,1,29493311,11543600
5,2,1,30,0,0,714523942,2,1500699,205364548,3554428,1,29493311,11543600
5,2,1,30,0,0,782888812,5,1500699,205364548,3554428,1,29493311,11543600
5,2,1,30,0,0,753162653,6,1500699,205364548,3554428,1,29493311,11543600
5,2,1,30,0,0,690587281,3,1500699,205364548,3554428,1,29493311,11543600
5,2,1,30,0,0,1225124755,4,1500699,205364548,3554428,1,29493311,11543600
5,2,1,30,0,0,659212199,7,1500699,205364548,3554428,1,29493311,11543600
5,2,1,30,0,0,692583718,8,1500699,205364548,3554428,1,29493311,11543600
5,2,1,30,0,0,1021795614,9,1500699,205364548,3554428,1,29493311,11543600
5,2,1,30,2,0,502156141,0,1500699,205364548,3554428,1,29493311,11543600
5,2,1,30,2,0,1359897631,2,1500699,205364548,3554428,1,29493311,11543600
5,2,1,30,2,0,176744138,1,1500699,205364548,3554428,1,29493311,11543600
5,2,1,30,2,0,1893602300,4,1500699,205364548,3554428,1,29493311,11543600
5,2,1,30,2,0,543199610,3,1500699,205364548,3554428,1,29493311,11543600
5,2,1,30,2,0,1587729771,6,1500699,205364548,3554428,1,29493311,11543600
5,2,1,30,2,0,792406808,7,1500699,205364548,3554428,1,29493311,11543600
5,2,1,30,2,0,1118440391,5,1500699,205364548,3554428,1,29493311,11543600
5,2,1,30,2,0,881135565,8,1500699,205364548,3554428,1,29493311,11543600
5,2,1,30,2,0,148988494,9,1500699,205364548,3554428,1,29493311,11543600
5,2,1,30,5,0,635415559,2,1500699,205364548,3554428,1,29493311,11543600
5,2,1,30,5,0,1361263098,0,1500699,205364548,3554428,1,29493311,11543600
5,2,1,30,5,0,1601657466,3,1500699,205364548,3554428,1,29493311,11543600
5,2,1,30,5,0,1476811694,1,1500699,205364548,3554428,1,29493311,11543600
5,2,1,30,5,0,1925988293,4,1500699,205364548,3554428,1,29493311,11543600
5,2,1,30,5,0,698351408,5,1500699,205364548,3554428,1,29493311,11543600
5,2,1,30,5,0,107052949,8,1500699,205364548,3554428,1,29493311,11543600
5,2,1,30,10,0,2144979311,0,1500699,205364548,3554428,1,29493311,11543600
5,2,1,30,5,0,1737581980,9,1500699,205364548,3554428,1,29493311,11543600
5,2,1,30,5,0,1295189353,6,1500699,205364548,3554428,1,29493311,11543600
5,2,1,30,10,0,624419030,1,1500699,205364548,3554428,1,29493311,11543600
5,2,1,30,5,0,521795675,7,1500699,205364548,3554428,1,29493311,11543600
5,2,1,30,10,0,1967269969,2,1500699,205364548,3554428,1,29493311,11543600
5,2,1,30,10,0,1375325559,3,1500699,205364548,3554428,1,29493311,11543600
5,2,1,30,10,0,670243704,4,1500699,205364548,3554428,1,29493311,11543600
5,2,1,30,10,0,1422839527,6,1500699,205364548,3554428,1,29493311,11543600
5,2,1,30,10,0,18443885,5,1500699,205364548,3554428,1,29493311,11543600
5,2,1,30,10,0,2035430829,8,1500699,205364548,3554428,1,29493311,11543600
5,2,1,30,10,0,1269407096,7,1500699,205364548,3554428,1,29493311,11543600
5,2,1,30,10,0,1244798250,9,1500699,205364548,3554428,1,29493311,11543600
5,2,1,30,20,0,631718712,0,1500699,205364548,3554428,1,29493311,11543600
5,2,1,30,20,0,1898828806,1,1500699,205364548,3554428,1,29493311,11543600
5,2,1,30,20,0,482391908,3,1500699,205364548,3554428,1,29493311,11543600
5,2,1,30,20,0,2057208724,4,1500699,205364548,3554428,1,29493311,11543600
5,2,1,30,20,0,172146239,5,1500699,205364548,3554428,1,29493311,11543600
5,2,1,30,20,0,598818493,6,1500699,205364548,3554428,1,29493311,11543600
5,2,1,30,20,0,1454638551,2,1500699,205364548,3554428,1,29493311,11543600
5,2,1,30,20,0,501979037,7,1500699,205364548,3554428,1,29493311,11543600
5,2,1,30,20,0,1323202998,8,1500699,205364548,3554428,1,29493311,11543600
5,2,1,30,20,0,106496266,9,1500699,205364548,3554428,1,29493311,11543600
5,2,1,30,30,0,1915438137,2,1500699,205364548,3554428,1,29493311,11543600
5,2,1,30,30,0,1724987382,0,1500699,205364548,3554428,1,29493311,11543600
5,2,1,30,30,0,946459593,1,1500699,205364548,3554428,1,29493311,11543600
5,2,1,30,30,0,1534993610,3,1500699,205364548,3554428,1,29493311,11543600
5,2,1,30,30,0,236367679,6,1500699,205364548,3554428,1,29493311,11543600
5,2,1,30,30,0,397203433,4,1500699,205364548,3554428,1,29493311,11543600
5,2,1,30,30,0,838161760,7,1500699,205364548,3554428,1,29493311,11543600
5,2,1,30,30,0,1401733322,5,1500699,205364548,3554428,1,29493311,11543600
5,2,1,30,30,0,954100590,8,1500699,205364548,3554428,1,29493311,11543600
5,2,1,60,0,0,840592447,0,1500231,203996342,3559436,1,29483741,12570401
5,2,1,60,0,0,96845709,1,1500231,203996342,3559436,1,29483741,12570401
5,2,1,30,30,0,1193688100,9,1500699,205364548,3554428,1,29493311,11543600
5,2,1,60,0,0,359014379,2,1500231,203996342,3559436,1,29483741,12570401
5,2,1,60,0,0,1913227899,3,1500231,203996342,3559436,1,29483741,12570401
5,2,1,60,0,0,375281077,4,1500231,203996342,3559436,1,29483741,12570401
5,2,1,60,0,0,1694036518,5,1500231,203996342,3559436,1,29483741,12570401
5,2,1,60,0,0,835156548,6,1500231,203996342,3559436,1,29483741,12570401
5,2,1,60,0,0,2106532688,7,1500231,203996342,3559436,1,29483741,12570401
5,2,1,60,0,0,240722665,9,1500231,203996342,3559436,1,29483741,12570401
5,2,1,60,0,0,1364759413,8,1500231,203996342,3559436,1,29483741,12570401
5,2,1,60,2,0,1550761818,0,1500231,203996342,3559436,1,29483741,12570401
5,2,1,60,2,0,635422970,2,1500231,203996342,3559436,1,29483741,12570401
5,2,1,60,2,0,1836701887,3,1500231,203996342,3559436,1,29483741,12570401
5,2,1,60,2,0,1587548621,4,1500231,203996342,3559436,1,29483741,12570401
5,2,1,60,2,0,1707498619,1,1500231,203996342,3559436,1,29483741,12570401
5,2,1,60,2,0,1658341072,5,1500231,203996342,3559436,1,29483741,12570401
5,2,1,60,2,0,1601297604,6,1500231,203996342,3559436,1,29483741,12570401
5,2,1,60,2,0,52359062,7,1500231,203996342,3559436,1,29483741,12570401
5,2,1,60,5,0,1509058380,0,1500231,203996342,3559436,1,29483741,12570401
5,2,1,60,2,0,1222564030,8,1500231,203996342,3559436,1,29483741,12570401
5,2,1,60,2,0,1481421047,9,1500231,203996342,3559436,1,29483741,12570401
5,2,1,60,5,0,1323216479,1,1500231,203996342,3559436,1,29483741,12570401
5,2,1,60,5,0,1913734517,2,1500231,203996342,3559436,1,29483741,12570401
5,2,1,60,5,0,926403640,4,1500231,203996342,3559436,1,29483741,12570401
5,2,1,60,5,0,1907911904,5,1500231,203996342,3559436,1,29483741,12570401
5,2,1,60,5,0,376233267,3,1500231,203996342,3559436,1,29483741,12570401
5,2,1,60,5,0,1785030376,6,1500231,203996342,3559436,1,29483741,12570401
5,2,1,60,5,0,1239673672,8,1500231,203996342,3559436,1,29483741,12570401
5,2,1,60,5,0,703474164,9,1500231,203996342,3559436,1,29483741,12570401
5,2,1,60,5,0,1900541784,7,1500231,203996342,3559436,1,29483741,12570401
5,2,1,60,10,0,1820345419,0,1500231,203996342,3559436,1,29483741,12570401
5,2,1,60,10,0,599438632,2,1500231,203996342,3559436,1,29483741,12570401
5,2,1,60,10,0,1778948768,1,1500231,203996342,3559436,1,29483741,12570401
5,2,1,60,10,0,616926023,4,1500231,203996342,3559436,1,29483741,12570401
5,2,1,60,10,0,369702097,3,1500231,203996342,3559436,1,29483741,12570401
5,2,1,60,10,0,1302367816,6,1500231,203996342,3559436,1,29483741,12570401
5,2,1,60,10,0,892424586,5,1500231,203996342,3559436,1,29483741,12570401
5,2,1,60,10,0,1440603960,8,1500231,203996342,3559436,1,29483741,12570401
5,2,1,60,10,0,2038447866,7,1500231,203996342,3559436,1,29483741,12570401
5,2,1,60,20,0,379882490,1,1500231,203996342,3559436,1,29483741,12570401
5,2,1,60,20,0,1613930214,0,1500231,203996342,3559436,1,29483741,12570401
5,2,1,60,10,0,283965102,9,1500231,203996342,3559436,1,29483741,12570401
5,2,1,60,20,0,28427814,2,1500231,203996342,3559436,1,29483741,12570401
5,2,1,60,20,0,1758620050,3,1500231,203996342,3559436,1,29483741,12570401
5,2,1,60,20,0,1173938509,4,1500231,203996342,3559436,1,29483741,12570401
5,2,1,60,20,0,1780324145,5,1500231,203996342,3559436,1,29483741,12570401
5,2,1,60,20,0,1984790140,7,1500231,203996342,3559436,1,29483741,12570401
5,2,1,60,20,0,751159774,6,1500231,203996342,3559436,1,29483741,12570401
5,2,1,60,20,0,588097152,8,1500231,203996342,3559436,1,29483741,12570401
5,2,1,60,20,0,855804722,9,1500231,203996342,3559436,1,29483741,12570401
5,2,1,60,30,0,1639687675,1,1500231,203996342,3559436,1,29483741,12570401
5,2,1,60,30,0,798891483,0,1500231,203996342,3559436,1,29483741,12570401
5,2,1,60,30,0,2107049214,3,1500231,203996342,3559436,1,29483741,12570401
5,2,1,60,30,0,1243234841,2,1500231,203996342,3559436,1,29483741,12570401
5,2,1,60,30,0,181388972,4,1500231,203996342,3559436,1,29483741,12570401
5,2,1,60,30,0,2122145416,7,1500231,203996342,3559436,1,29483741,12570401
5,2,1,60,30,0,1305302324,6,1500231,203996342,3559436,1,29483741,12570401
5,2,1,60,30,0,1990510491,8,1500231,203996342,3559436,1,29483741,12570401
5,2,1,60,30,0,1297049620,5,1500231,203996342,3559436,1,29483741,12570401
5,2,1,60,30,0,964307023,9,1500231,203996342,3559436,1,29483741,12570401
5,2,1,60,60,0,115276968,0,1500231,203996342,3559436,1,29483741,12570401
5,2,1,60,60,0,10508398,1,1500231,203996342,3559436,1,29483741,12570401
5,2,1,60,60,0,661527911,2,1500231,203996342,3559436,1,29483741,12570401
5,2,1,60,60,0,1289217783,4,1500231,203996342,3559436,1,29483741,12570401
5,2,1,60,60,0,2029548895,5,1500231,203996342,3559436,1,29483741,12570401
5,2,1,60,60,0,1128189228,3,1500231,203996342,3559436,1,29483741,12570401
5,2,1,60,60,0,1235614989,7,1500231,203996342,3559436,1,29483741,12570401
5,2,1,60,60,0,1791674708,8,1500231,203996342,3559436,1,29483741,12570401
5,2,1,60,60,0,770398201,9,1500231,203996342,3559436,1,29483741,12570401
5,2,1,60,60,0,533335830,6,1500231,203996342,3559436,1,29483741,12570401
5,2,1,120,0,0,1051194393,1,1500216,209824350,3556932,1,30639451,14652068
5,2,1,120,0,0,2112636421,0,1500216,209824350,3556932,1,30639451,14652068
5,2,1,120,0,0,512624365,3,1500216,209824350,3556932,1,30639451,14652068
5,2,1,120,0,0,122159993,2,1500216,209824350,3556932,1,30639451,14652068
5,2,1,120,0,0,2117634585,5,1500216,209824350,3556932,1,30639451,14652068
5,2,1,120,0,0,1190638090,4,1500216,209824350,3556932,1,30639451,14652068
5,2,1,120,0,0,286580954,6,1500216,209824350,3556932,1,30639451,14652068
5,2,1,120,0,0,2063671261,8,1500216,209824350,3556932,1,30639451,14652068
5,2,1,120,0,0,1553745264,7,1500216,209824350,3556932,1,30639451,14652068
5,2,1,120,0,0,1872899986,9,1500216,209824350,3556932,1,30639451,14652068
5,2,1,120,2,0,1107721600,0,1500216,209824350,3556932,1,30639451,14652068
5,2,1,120,2,0,2044579284,1,1500216,209824350,3556932,1,30639451,14652068
5,2,1,120,2,0,1602891324,3,1500216,209824350,3556932,1,30639451,14652068
5,2,1,120,2,0,513608027,2,1500216,209824350,3556932,1,30639451,14652068
5,2,1,120,2,0,75355523,4,1500216,209824350,3556932,1,30639451,14652068
5,2,1,120,2,0,1114703737,5,1500216,209824350,3556932,1,30639451,14652068
5,2,1,120,2,0,1373019921,9,1500216,209824350,3556932,1,30639451,14652068
5,2,1,120,2,0,627654163,8,1500216,209824350,3556932,1,30639451,14652068
5,2,1,120,2,0,699423543,6,1500216,209824350,3556932,1,30639451,14652068
5,2,1,120,2,0,251300243,7,1500216,209824350,3556932,1,30639451,14652068
5,2,1,120,5,0,1980168756,0,1500216,209824350,3556932,1,30639451,14652068
5,2,1,120,5,0,581956867,1,1500216,209824350,3556932,1,30639451,14652068
5,2,1,120,5,0,701406202,3,1500216,209824350,3556932,1,30639451,14652068
5,2,1,120,5,0,1534958893,2,1500216,209824350,3556932,1,30639451,14652068
5,2,1,120,5,0,227153651,4,1500216,209824350,3556932,1,30639451,14652068
5,2,1,120,5,0,1551185196,6,1500216,209824350,3556932,1,30639451,14652068
5,2,1,120,5,0,1171110251,5,1500216,209824350,3556932,1,30639451,14652068
5,2,1,120,5,0,1801798923,7,1500216,209824350,3556932,1,30639451,14652068
5,2,1,120,5,0,1528941040,8,1500216,209824350,3556932,1,30639451,14652068
5,2,1,120,5,0,209228923,9,1500216,209824350,3556932,1,30639451,14652068
5,2,1,120,10,0,1252687769,1,1500216,209824350,3556932,1,30639451,14652068
5,2,1,120,10,0,1244922910,0,1500216,209824350,3556932,1,30639451,14652068
5,2,1,120,10,0,329968072,2,1500216,209824350,3556932,1,30639451,14652068
5,2,1,120,10,0,832428352,3,1500216,209824350,3556932,1,30639451,14652068
5,2,1,120,10,0,787042009,4,1500216,209824350,3556932,1,30639451,14652068
5,2,1,120,10,0,405911554,5,1500216,209824350,3556932,1,30639451,14652068
5,2,1,120,10,0,717843296,6,1500216,209824350,3556932,1,30639451,14652068
5,2,1,120,10,0,1385585907,7,1500216,209824350,3556932,1,30639451,14652068
5,2,1,120,10,0,1293095736,9,1500216,209824350,3556932,1,30639451,14652068
5,2,1,120,20,0,1165907403,0,1500216,209824350,3556932,1,30639451,14652068
5,2,1,120,20,0,1557023069,1,1500216,209824350,3556932,1,30639451,14652068
5,2,1,120,20,0,411601358,2,1500216,209824350,3556932,1,30639451,14652068
5,2,1,120,10,0,1358113461,8,1500216,209824350,3556932,1,30639451,14652068
5,2,1,120,20,0,1510236617,3,1500216,209824350,3556932,1,30639451,14652068
5,2,1,120,20,0,55395069,5,1500216,209824350,3556932,1,30639451,14652068
5,2,1,120,20,0,617262027,4,1500216,209824350,3556932,1,30639451,14652068
5,2,1,120,20,0,588193385,6,1500216,209824350,3556932,1,30639451,14652068
5,2,1,120,20,0,1602083761,8,1500216,209824350,3556932,1,30639451,14652068
5,2,1,120,20,0,1208680095,7,1500216,209824350,3556932,1,30639451,14652068
5,2,1,120,30,0,1769502913,0,1500216,209824350,3556932,1,30639451,14652068
5,2,1,120,20,0,2082625440,9,1500216,209824350,3556932,1,30639451,14652068
5,2,1,120,30,0,1461633584,1,1500216,209824350,3556932,1,30639451,14652068
5,2,1,120,30,0,700204852,2,1500216,209824350,3556932,1,30639451,14652068
5,2,1,120,30,0,439881358,3,1500216,209824350,3556932,1,30639451,14652068
5,2,1,120,30,0,663808303,5,1500216,209824350,3556932,1,30639451,14652068
5,2,1,120,30,0,935771229,4,1500216,209824350,3556932,1,30639451,14652068
5,2,1,120,30,0,949675261,6,1500216,209824350,3556932,1,30639451,14652068
5,2,1,120,30,0,489483401,8,1500216,209824350,3556932,1,30639451,14652068
5,2,1,120,30,0,809243907,7,1500216,209824350,3556932,1,30639451,14652068
5,2,1,120,30,0,1792488531,9,1500216,209824350,3556932,1,30639451,14652068
5,2,1,120,60,0,328136908,1,1500216,209824350,3556932,1,30639451,14652068
5,2,1,120,60,0,500645663,2,1500216,209824350,3556932,1,30639451,14652068
5,2,1,120,60,0,563637820,3,1500216,209824350,3556932,1,30639451,14652068
5,2,1,120,60,0,74643958,4,1500216,209824350,3556932,1,30639451,14652068
5,2,1,120,60,0,1977795322,0,1500216,209824350,3556932,1,30639451,14652068
5,2,1,120,60,0,2059515129,5,1500216,209824350,3556932,1,30639451,14652068
5,2,1,120,60,0,1495550190,6,1500216,209824350,3556932,1,30639451,14652068
5,2,1,120,60,0,1338197849,7,1500216,209824350,3556932,1,30639451,14652068
5,2,1,120,60,0,597060483,9,1500216,209824350,3556932,1,30639451,14652068
5,2,1,120,60,0,1557220130,8,1500216,209824350,3556932,1,30639451,14652068
